SET DATABASE SQL SYNTAX ORA TRUE;

-- UNIDADE NEGOCIO --
INSERT INTO UNIDADE_NEGOCIO (ID, NOME, CODIGO, SITUACAO) VALUES (1, 'Pessoal', 'PESSOAL', 'A');
INSERT INTO UNIDADE_NEGOCIO (ID, NOME, CODIGO, SITUACAO) VALUES (2, 'Residencial e Combos', 'RESIDENCIAL_COMBOS', 'A');
INSERT INTO UNIDADE_NEGOCIO (ID, NOME, CODIGO, SITUACAO) VALUES (3, 'Xbrain', 'XBRAIN', 'A');

-- REGIONAL --
INSERT INTO REGIONAL(ID, NOME, SITUACAO) VALUES(7,'LESTE','A');
INSERT INTO REGIONAL(ID, NOME, SITUACAO) VALUES(8,'SÃO PAULO','A');
INSERT INTO REGIONAL(ID, NOME, SITUACAO) VALUES(9,'SUL','A');

-- GRUPO --
INSERT INTO GRUPO(ID, NOME, SITUACAO, FK_REGIONAL) VALUES(71,'CENTRO-OESTE','A',7);
INSERT INTO GRUPO(ID, NOME, SITUACAO, FK_REGIONAL) VALUES(72,'NORTE','A',7);
INSERT INTO GRUPO(ID, NOME, SITUACAO, FK_REGIONAL) VALUES(73,'FORTALEZA','A',7);
INSERT INTO GRUPO(ID, NOME, SITUACAO, FK_REGIONAL) VALUES(74,'NORDESTE','A',7);
INSERT INTO GRUPO(ID, NOME, SITUACAO, FK_REGIONAL) VALUES(75,'BAHIA/SERGIPE','A',7);
INSERT INTO GRUPO(ID, NOME, SITUACAO, FK_REGIONAL) VALUES(76,'MINAS GERAIS','A',7);
INSERT INTO GRUPO(ID, NOME, SITUACAO, FK_REGIONAL) VALUES(77,'RIO E ES','A',7);
INSERT INTO GRUPO(ID, NOME, SITUACAO, FK_REGIONAL) VALUES(78,'PRESIDENTE PRUDENTE','A',8);
INSERT INTO GRUPO(ID, NOME, SITUACAO, FK_REGIONAL) VALUES(79,'SÃO JOSÉ DO RIO PRETO','A',8);
INSERT INTO GRUPO(ID, NOME, SITUACAO, FK_REGIONAL) VALUES(80,'CAMPINAS','A',8);
INSERT INTO GRUPO(ID, NOME, SITUACAO, FK_REGIONAL) VALUES(81,'BAURU','A',8);
INSERT INTO GRUPO(ID, NOME, SITUACAO, FK_REGIONAL) VALUES(82,'SOROCABA','A',8);
INSERT INTO GRUPO(ID, NOME, SITUACAO, FK_REGIONAL) VALUES(83,'RIBEIRÃO PRETO','A',8);
INSERT INTO GRUPO(ID, NOME, SITUACAO, FK_REGIONAL) VALUES(84,'ARAÇATUBA','A',8);
INSERT INTO GRUPO(ID, NOME, SITUACAO, FK_REGIONAL) VALUES(85,'MARILIA','A',8);
INSERT INTO GRUPO(ID, NOME, SITUACAO, FK_REGIONAL) VALUES(86,'SÃO CARLOS','A',8);
INSERT INTO GRUPO(ID, NOME, SITUACAO, FK_REGIONAL) VALUES(87,'GRANDE SÃO JOSÉ','A',8);
INSERT INTO GRUPO(ID, NOME, SITUACAO, FK_REGIONAL) VALUES(88,'SÃO PAULO','A',8);
INSERT INTO GRUPO(ID, NOME, SITUACAO, FK_REGIONAL) VALUES(89,'BAIXADA SANTISTA','A',8);
INSERT INTO GRUPO(ID, NOME, SITUACAO, FK_REGIONAL) VALUES(90,'NORTE DO PARANÁ','A',9);
INSERT INTO GRUPO(ID, NOME, SITUACAO, FK_REGIONAL) VALUES(91,'CURITIBA','A',9);
INSERT INTO GRUPO(ID, NOME, SITUACAO, FK_REGIONAL) VALUES(92,'CASCAVEL','A',9);
INSERT INTO GRUPO(ID, NOME, SITUACAO, FK_REGIONAL) VALUES(93,'PONTA GROSSA','A',9);
INSERT INTO GRUPO(ID, NOME, SITUACAO, FK_REGIONAL) VALUES(94,'JOINVILLE','A',9);
INSERT INTO GRUPO(ID, NOME, SITUACAO, FK_REGIONAL) VALUES(95,'PASSO FUNDO','A',9);
INSERT INTO GRUPO(ID, NOME, SITUACAO, FK_REGIONAL) VALUES(96,'VALE DO ITAJAÍ','A',9);
INSERT INTO GRUPO(ID, NOME, SITUACAO, FK_REGIONAL) VALUES(97,'FLORIANÓPOLIS','A',9);
INSERT INTO GRUPO(ID, NOME, SITUACAO, FK_REGIONAL) VALUES(98,'CRICIÚMA','A',9);
INSERT INTO GRUPO(ID, NOME, SITUACAO, FK_REGIONAL) VALUES(99,'BAGÉ','A',9);
INSERT INTO GRUPO(ID, NOME, SITUACAO, FK_REGIONAL) VALUES(100,'SANTA CRUZ','A',9);
INSERT INTO GRUPO(ID, NOME, SITUACAO, FK_REGIONAL) VALUES(101,'SANTA MARIA','A',9);
INSERT INTO GRUPO(ID, NOME, SITUACAO, FK_REGIONAL) VALUES(102,'URUGUAIANA','A',9);
INSERT INTO GRUPO(ID, NOME, SITUACAO, FK_REGIONAL) VALUES(103,'PORTO ALEGRE','A',9);
INSERT INTO GRUPO(ID, NOME, SITUACAO, FK_REGIONAL) VALUES(104,'PELOTAS','A',9);
INSERT INTO GRUPO(ID, NOME, SITUACAO, FK_REGIONAL) VALUES(105,'CAXIAS DO SUL','A',9);

-- CLUSTERS --
INSERT INTO CLUSTERS(ID, NOME, SITUACAO, FK_GRUPO) VALUES(121,'PORTO VELHO','A',71);
INSERT INTO CLUSTERS(ID, NOME, SITUACAO, FK_GRUPO) VALUES(122,'RIO BRANCO','A',71);
INSERT INTO CLUSTERS(ID, NOME, SITUACAO, FK_GRUPO) VALUES(123,'PALMAS','A',71);
INSERT INTO CLUSTERS(ID, NOME, SITUACAO, FK_GRUPO) VALUES(124,'CAMPO GRANDE','A',71);
INSERT INTO CLUSTERS(ID, NOME, SITUACAO, FK_GRUPO) VALUES(125,'CUIABÁ','A',71);
INSERT INTO CLUSTERS(ID, NOME, SITUACAO, FK_GRUPO) VALUES(126,'GOIÁS','A',71);
INSERT INTO CLUSTERS(ID, NOME, SITUACAO, FK_GRUPO) VALUES(127,'BRASÍLIA','A',71);
INSERT INTO CLUSTERS(ID, NOME, SITUACAO, FK_GRUPO) VALUES(128,'AM/RR','A',72);
INSERT INTO CLUSTERS(ID, NOME, SITUACAO, FK_GRUPO) VALUES(129,'PA/AP','A',72);
INSERT INTO CLUSTERS(ID, NOME, SITUACAO, FK_GRUPO) VALUES(130,'MARANHÃO','A',73);
INSERT INTO CLUSTERS(ID, NOME, SITUACAO, FK_GRUPO) VALUES(131,'PIAUÍ','A',73);
INSERT INTO CLUSTERS(ID, NOME, SITUACAO, FK_GRUPO) VALUES(132,'CEARÁ','A',73);
INSERT INTO CLUSTERS(ID, NOME, SITUACAO, FK_GRUPO) VALUES(133,'RIO GRANDE DO NORTE','A',74);
INSERT INTO CLUSTERS(ID, NOME, SITUACAO, FK_GRUPO) VALUES(134,'PARAÍBA','A',74);
INSERT INTO CLUSTERS(ID, NOME, SITUACAO, FK_GRUPO) VALUES(135,'PERNAMBUCO','A',74);
INSERT INTO CLUSTERS(ID, NOME, SITUACAO, FK_GRUPO) VALUES(136,'ALAGOAS','A',74);
INSERT INTO CLUSTERS(ID, NOME, SITUACAO, FK_GRUPO) VALUES(137,'SERGIPE','A',75);
INSERT INTO CLUSTERS(ID, NOME, SITUACAO, FK_GRUPO) VALUES(138,'BAHIA INTERIOR','A',75);
INSERT INTO CLUSTERS(ID, NOME, SITUACAO, FK_GRUPO) VALUES(139,'BAHIA','A',75);
INSERT INTO CLUSTERS(ID, NOME, SITUACAO, FK_GRUPO) VALUES(140,'OESTE MG','A',76);
INSERT INTO CLUSTERS(ID, NOME, SITUACAO, FK_GRUPO) VALUES(141,'METROPOLITANA BH','A',76);
INSERT INTO CLUSTERS(ID, NOME, SITUACAO, FK_GRUPO) VALUES(142,'NORTE MG','A',76);
INSERT INTO CLUSTERS(ID, NOME, SITUACAO, FK_GRUPO) VALUES(143,'SUL MG','A',76);
INSERT INTO CLUSTERS(ID, NOME, SITUACAO, FK_GRUPO) VALUES(144,'BH','A',76);
INSERT INTO CLUSTERS(ID, NOME, SITUACAO, FK_GRUPO) VALUES(145,'ESPÍRITO SANTO','A',77);
INSERT INTO CLUSTERS(ID, NOME, SITUACAO, FK_GRUPO) VALUES(146,'SUL FLUMINENSE','A',77);
INSERT INTO CLUSTERS(ID, NOME, SITUACAO, FK_GRUPO) VALUES(147,'NORTE FLUMINENSE','A',77);
INSERT INTO CLUSTERS(ID, NOME, SITUACAO, FK_GRUPO) VALUES(148,'RJ METROPOLITANO','A',77);
INSERT INTO CLUSTERS(ID, NOME, SITUACAO, FK_GRUPO) VALUES(149,'BAIXADA/SERRA FLUMINENSE','A',77);
INSERT INTO CLUSTERS(ID, NOME, SITUACAO, FK_GRUPO) VALUES(150,'RIO CAPITAL','A',77);
INSERT INTO CLUSTERS(ID, NOME, SITUACAO, FK_GRUPO) VALUES(151,'PRESIDENTE PRUDENTE','A',78);
INSERT INTO CLUSTERS(ID, NOME, SITUACAO, FK_GRUPO) VALUES(152,'SÃO JOSÉ DO RIO PRETO','A',79);
INSERT INTO CLUSTERS(ID, NOME, SITUACAO, FK_GRUPO) VALUES(153,'CAMPINAS II','A',80);
INSERT INTO CLUSTERS(ID, NOME, SITUACAO, FK_GRUPO) VALUES(154,'CAMPINAS I','A',80);
INSERT INTO CLUSTERS(ID, NOME, SITUACAO, FK_GRUPO) VALUES(155,'BAURU','A',81);
INSERT INTO CLUSTERS(ID, NOME, SITUACAO, FK_GRUPO) VALUES(156,'SOROCABA','A',82);
INSERT INTO CLUSTERS(ID, NOME, SITUACAO, FK_GRUPO) VALUES(157,'RIBEIRÃO PRETO','A',83);
INSERT INTO CLUSTERS(ID, NOME, SITUACAO, FK_GRUPO) VALUES(158,'ARAÇATUBA','A',84);
INSERT INTO CLUSTERS(ID, NOME, SITUACAO, FK_GRUPO) VALUES(159,'MARÍLIA','A',85);
INSERT INTO CLUSTERS(ID, NOME, SITUACAO, FK_GRUPO) VALUES(160,'SÃO CARLOS','A',86);
INSERT INTO CLUSTERS(ID, NOME, SITUACAO, FK_GRUPO) VALUES(161,'GRANDE SÃO JOSÉ','A',87);
INSERT INTO CLUSTERS(ID, NOME, SITUACAO, FK_GRUPO) VALUES(162,'SP METROPOLITANO','A',88);
INSERT INTO CLUSTERS(ID, NOME, SITUACAO, FK_GRUPO) VALUES(163,'SÃO PAULO','A',88);
INSERT INTO CLUSTERS(ID, NOME, SITUACAO, FK_GRUPO) VALUES(164,'BAIXADA SANTISTA','A',89);
INSERT INTO CLUSTERS(ID, NOME, SITUACAO, FK_GRUPO) VALUES(165,'NORTE DO PARANÁ','A',90);
INSERT INTO CLUSTERS(ID, NOME, SITUACAO, FK_GRUPO) VALUES(166,'CURITIBA','A',91);
INSERT INTO CLUSTERS(ID, NOME, SITUACAO, FK_GRUPO) VALUES(167,'CASCAVEL','A',92);
INSERT INTO CLUSTERS(ID, NOME, SITUACAO, FK_GRUPO) VALUES(168,'PONTA GROSSA','A',93);
INSERT INTO CLUSTERS(ID, NOME, SITUACAO, FK_GRUPO) VALUES(169,'JOINVILLE','A',94);
INSERT INTO CLUSTERS(ID, NOME, SITUACAO, FK_GRUPO) VALUES(170,'PASSO FUNDO','A',95);
INSERT INTO CLUSTERS(ID, NOME, SITUACAO, FK_GRUPO) VALUES(171,'VALE DO ITAJAÍ','A',96);
INSERT INTO CLUSTERS(ID, NOME, SITUACAO, FK_GRUPO) VALUES(172,'FLORIANÓPOLIS','A',97);
INSERT INTO CLUSTERS(ID, NOME, SITUACAO, FK_GRUPO) VALUES(173,'CRICIÚMA','A',98);
INSERT INTO CLUSTERS(ID, NOME, SITUACAO, FK_GRUPO) VALUES(174,'BAGÉ','A',99);
INSERT INTO CLUSTERS(ID, NOME, SITUACAO, FK_GRUPO) VALUES(175,'SANTA CRUZ','A',100);
INSERT INTO CLUSTERS(ID, NOME, SITUACAO, FK_GRUPO) VALUES(176,'SANTA MARIA','A',101);
INSERT INTO CLUSTERS(ID, NOME, SITUACAO, FK_GRUPO) VALUES(177,'URUGUAIANA','A',102);
INSERT INTO CLUSTERS(ID, NOME, SITUACAO, FK_GRUPO) VALUES(178,'PORTO ALEGRE','A',103);
INSERT INTO CLUSTERS(ID, NOME, SITUACAO, FK_GRUPO) VALUES(179,'PELOTAS','A',104);
INSERT INTO CLUSTERS(ID, NOME, SITUACAO, FK_GRUPO) VALUES(180,'CAXIAS DO SUL','A',105);

-- SUBCLUSTER --
INSERT INTO SUB_CLUSTER(ID, NOME, SITUACAO, FK_CLUSTER) VALUES(707,'FLORIANÓPOLIS','A',172);
INSERT INTO SUB_CLUSTER(ID, NOME, SITUACAO, FK_CLUSTER) VALUES(708,'BRI - ARARANGUÁ - SC','A',173);
INSERT INTO SUB_CLUSTER(ID, NOME, SITUACAO, FK_CLUSTER) VALUES(709,'BRI - TUBARÃO - SC','A',173);
INSERT INTO SUB_CLUSTER(ID, NOME, SITUACAO, FK_CLUSTER) VALUES(710,'CRICIÚMA','A',173);
INSERT INTO SUB_CLUSTER(ID, NOME, SITUACAO, FK_CLUSTER) VALUES(711,'BAGÉ','A',174);
INSERT INTO SUB_CLUSTER(ID, NOME, SITUACAO, FK_CLUSTER) VALUES(712,'REMOTO - BAGÉ','A',174);
INSERT INTO SUB_CLUSTER(ID, NOME, SITUACAO, FK_CLUSTER) VALUES(713,'BRI - CACHOEIRA DO SUL - RS','A',175);
INSERT INTO SUB_CLUSTER(ID, NOME, SITUACAO, FK_CLUSTER) VALUES(714,'SANTA CRUZ DO SUL','A',175);
INSERT INTO SUB_CLUSTER(ID, NOME, SITUACAO, FK_CLUSTER) VALUES(715,'REMOTO - SANTA CRUZ','A',175);
INSERT INTO SUB_CLUSTER(ID, NOME, SITUACAO, FK_CLUSTER) VALUES(716,'BRI - IJUÍ - RS','A',176);
INSERT INTO SUB_CLUSTER(ID, NOME, SITUACAO, FK_CLUSTER) VALUES(717,'REMOTO - SANTA MARIA','A',176);
INSERT INTO SUB_CLUSTER(ID, NOME, SITUACAO, FK_CLUSTER) VALUES(718,'BRI - SANTO ÂNGELO - RS','A',176);
INSERT INTO SUB_CLUSTER(ID, NOME, SITUACAO, FK_CLUSTER) VALUES(719,'SANTA MARIA','A',176);
INSERT INTO SUB_CLUSTER(ID, NOME, SITUACAO, FK_CLUSTER) VALUES(720,'URUGUAIANA','A',177);
INSERT INTO SUB_CLUSTER(ID, NOME, SITUACAO, FK_CLUSTER) VALUES(721,'REMOTO - URUGUAIANA','A',177);
INSERT INTO SUB_CLUSTER(ID, NOME, SITUACAO, FK_CLUSTER) VALUES(722,'BRI - MONTENEGRO - RS','A',178);
INSERT INTO SUB_CLUSTER(ID, NOME, SITUACAO, FK_CLUSTER) VALUES(723,'GRANDE PORTO ALEGRE','A',178);
INSERT INTO SUB_CLUSTER(ID, NOME, SITUACAO, FK_CLUSTER) VALUES(724,'REMOTO - PORTO ALEGRE','A',178);
INSERT INTO SUB_CLUSTER(ID, NOME, SITUACAO, FK_CLUSTER) VALUES(725,'BRI - TAQUARA - RS','A',178);
INSERT INTO SUB_CLUSTER(ID, NOME, SITUACAO, FK_CLUSTER) VALUES(726,'BRI - TRAMANDAÍ - RS','A',178);
INSERT INTO SUB_CLUSTER(ID, NOME, SITUACAO, FK_CLUSTER) VALUES(727,'PORTO ALEGRE','A',178);
INSERT INTO SUB_CLUSTER(ID, NOME, SITUACAO, FK_CLUSTER) VALUES(728,'REMOTO - PELOTAS','A',179);
INSERT INTO SUB_CLUSTER(ID, NOME, SITUACAO, FK_CLUSTER) VALUES(729,'PELOTAS','A',179);
INSERT INTO SUB_CLUSTER(ID, NOME, SITUACAO, FK_CLUSTER) VALUES(730,'BRI - VACARIA - RS','A',180);
INSERT INTO SUB_CLUSTER(ID, NOME, SITUACAO, FK_CLUSTER) VALUES(731,'REMOTO - CAXIAS DO SUL','A',180);
INSERT INTO SUB_CLUSTER(ID, NOME, SITUACAO, FK_CLUSTER) VALUES(732,'CAXIAS DO SUL','A',180);
INSERT INTO SUB_CLUSTER(ID, NOME, SITUACAO, FK_CLUSTER) VALUES(489,'REMOTO - PORTO VELHO','A',121);
INSERT INTO SUB_CLUSTER(ID, NOME, SITUACAO, FK_CLUSTER) VALUES(490,'BRI - JI-PARANÁ - RO','A',121);
INSERT INTO SUB_CLUSTER(ID, NOME, SITUACAO, FK_CLUSTER) VALUES(491,'PORTO VELHO','A',121);
INSERT INTO SUB_CLUSTER(ID, NOME, SITUACAO, FK_CLUSTER) VALUES(492,'REMOTO - RIO BRANCO','A',122);
INSERT INTO SUB_CLUSTER(ID, NOME, SITUACAO, FK_CLUSTER) VALUES(493,'RIO BRANCO','A',122);
INSERT INTO SUB_CLUSTER(ID, NOME, SITUACAO, FK_CLUSTER) VALUES(494,'REMOTO - PALMAS','A',123);
INSERT INTO SUB_CLUSTER(ID, NOME, SITUACAO, FK_CLUSTER) VALUES(495,'BRI - ARAGUAÍNA - TO','A',123);
INSERT INTO SUB_CLUSTER(ID, NOME, SITUACAO, FK_CLUSTER) VALUES(496,'PALMAS','A',123);
INSERT INTO SUB_CLUSTER(ID, NOME, SITUACAO, FK_CLUSTER) VALUES(497,'BRI - TRÊS LAGOAS - MS','A',124);
INSERT INTO SUB_CLUSTER(ID, NOME, SITUACAO, FK_CLUSTER) VALUES(498,'REMOTO - CAMPO GRANDE','A',124);
INSERT INTO SUB_CLUSTER(ID, NOME, SITUACAO, FK_CLUSTER) VALUES(499,'CAMPO GRANDE','A',124);
INSERT INTO SUB_CLUSTER(ID, NOME, SITUACAO, FK_CLUSTER) VALUES(500,'REMOTO - CUIABÁ','A',125);
INSERT INTO SUB_CLUSTER(ID, NOME, SITUACAO, FK_CLUSTER) VALUES(501,'BRI - TANGARÁ DA SERRA - MT','A',125);
INSERT INTO SUB_CLUSTER(ID, NOME, SITUACAO, FK_CLUSTER) VALUES(502,'CUIABÁ','A',125);
INSERT INTO SUB_CLUSTER(ID, NOME, SITUACAO, FK_CLUSTER) VALUES(503,'BRI - SINOP - MT','A',125);
INSERT INTO SUB_CLUSTER(ID, NOME, SITUACAO, FK_CLUSTER) VALUES(504,'GRANDE GOIÂNIA','A',126);
INSERT INTO SUB_CLUSTER(ID, NOME, SITUACAO, FK_CLUSTER) VALUES(505,'BRI - RIO VERDE - GO','A',126);
INSERT INTO SUB_CLUSTER(ID, NOME, SITUACAO, FK_CLUSTER) VALUES(506,'BRI - GOIANÉSIA - GO','A',126);
INSERT INTO SUB_CLUSTER(ID, NOME, SITUACAO, FK_CLUSTER) VALUES(507,'REMOTO - GOIÁS','A',126);
INSERT INTO SUB_CLUSTER(ID, NOME, SITUACAO, FK_CLUSTER) VALUES(508,'BRI - CALDAS NOVAS - GO','A',126);
INSERT INTO SUB_CLUSTER(ID, NOME, SITUACAO, FK_CLUSTER) VALUES(509,'ANÁPOLIS','A',126);
INSERT INTO SUB_CLUSTER(ID, NOME, SITUACAO, FK_CLUSTER) VALUES(510,'BRI - ÁGUAS LINDAS DE GOIÁS - GO','A',127);
INSERT INTO SUB_CLUSTER(ID, NOME, SITUACAO, FK_CLUSTER) VALUES(511,'BRI - VALPARAÍSO DE GOIÁS - GO','A',127);
INSERT INTO SUB_CLUSTER(ID, NOME, SITUACAO, FK_CLUSTER) VALUES(512,'BRASÍLIA - DF','A',127);
INSERT INTO SUB_CLUSTER(ID, NOME, SITUACAO, FK_CLUSTER) VALUES(513,'REMOTO - AMAZONAS','A',128);
INSERT INTO SUB_CLUSTER(ID, NOME, SITUACAO, FK_CLUSTER) VALUES(514,'BRI - ITACOATIARA - AM','A',128);
INSERT INTO SUB_CLUSTER(ID, NOME, SITUACAO, FK_CLUSTER) VALUES(515,'MANAUS','A',128);
INSERT INTO SUB_CLUSTER(ID, NOME, SITUACAO, FK_CLUSTER) VALUES(516,'REMOTO - RORAIMA','A',128);
INSERT INTO SUB_CLUSTER(ID, NOME, SITUACAO, FK_CLUSTER) VALUES(517,'BRI - BOA VISTA - RR','A',128);
INSERT INTO SUB_CLUSTER(ID, NOME, SITUACAO, FK_CLUSTER) VALUES(518,'BELÉM','A',129);
INSERT INTO SUB_CLUSTER(ID, NOME, SITUACAO, FK_CLUSTER) VALUES(519,'BRI - MARABÁ - PA','A',129);
INSERT INTO SUB_CLUSTER(ID, NOME, SITUACAO, FK_CLUSTER) VALUES(520,'REMOTO - PARÁ','A',129);
INSERT INTO SUB_CLUSTER(ID, NOME, SITUACAO, FK_CLUSTER) VALUES(521,'BRI - SANTARÉM - PA','A',129);
INSERT INTO SUB_CLUSTER(ID, NOME, SITUACAO, FK_CLUSTER) VALUES(522,'BRI - CAPANEMA - PA','A',129);
INSERT INTO SUB_CLUSTER(ID, NOME, SITUACAO, FK_CLUSTER) VALUES(523,'BRI - CASTANHAL - PA','A',129);
INSERT INTO SUB_CLUSTER(ID, NOME, SITUACAO, FK_CLUSTER) VALUES(524,'REMOTO - AMAPÁ','A',129);
INSERT INTO SUB_CLUSTER(ID, NOME, SITUACAO, FK_CLUSTER) VALUES(525,'BRI - MACAPÁ - AP','A',129);
INSERT INTO SUB_CLUSTER(ID, NOME, SITUACAO, FK_CLUSTER) VALUES(526,'BRI - IMPERATRIZ - MA','A',130);
INSERT INTO SUB_CLUSTER(ID, NOME, SITUACAO, FK_CLUSTER) VALUES(527,'REMOTO - MARANHÃO','A',130);
INSERT INTO SUB_CLUSTER(ID, NOME, SITUACAO, FK_CLUSTER) VALUES(528,'SÃO LUÍS','A',130);
INSERT INTO SUB_CLUSTER(ID, NOME, SITUACAO, FK_CLUSTER) VALUES(529,'TERESINA - MA','A',131);
INSERT INTO SUB_CLUSTER(ID, NOME, SITUACAO, FK_CLUSTER) VALUES(530,'REMOTO - PIAUÍ','A',131);
INSERT INTO SUB_CLUSTER(ID, NOME, SITUACAO, FK_CLUSTER) VALUES(531,'BRI - PARNAÍBA - PI','A',131);
INSERT INTO SUB_CLUSTER(ID, NOME, SITUACAO, FK_CLUSTER) VALUES(532,'TERESINA - PI','A',131);
INSERT INTO SUB_CLUSTER(ID, NOME, SITUACAO, FK_CLUSTER) VALUES(533,'BRI - JUAZEIRO DO NORTE - CE','A',132);
INSERT INTO SUB_CLUSTER(ID, NOME, SITUACAO, FK_CLUSTER) VALUES(534,'REMOTO - CEARÁ','A',132);
INSERT INTO SUB_CLUSTER(ID, NOME, SITUACAO, FK_CLUSTER) VALUES(535,'BRI - SOBRAL - CE','A',132);
INSERT INTO SUB_CLUSTER(ID, NOME, SITUACAO, FK_CLUSTER) VALUES(536,'BRI - IGUATU - CE','A',132);
INSERT INTO SUB_CLUSTER(ID, NOME, SITUACAO, FK_CLUSTER) VALUES(537,'FORTALEZA','A',132);
INSERT INTO SUB_CLUSTER(ID, NOME, SITUACAO, FK_CLUSTER) VALUES(538,'BRI - QUIXADÁ - CE','A',132);
INSERT INTO SUB_CLUSTER(ID, NOME, SITUACAO, FK_CLUSTER) VALUES(539,'REMOTO - RIO GRANDE DO NORTE','A',133);
INSERT INTO SUB_CLUSTER(ID, NOME, SITUACAO, FK_CLUSTER) VALUES(540,'BRI - MOSSORÓ - RN','A',133);
INSERT INTO SUB_CLUSTER(ID, NOME, SITUACAO, FK_CLUSTER) VALUES(541,'NATAL','A',133);
INSERT INTO SUB_CLUSTER(ID, NOME, SITUACAO, FK_CLUSTER) VALUES(542,'BRI - PATOS - PB','A',134);
INSERT INTO SUB_CLUSTER(ID, NOME, SITUACAO, FK_CLUSTER) VALUES(543,'BRI - SOUSA - PB','A',134);
INSERT INTO SUB_CLUSTER(ID, NOME, SITUACAO, FK_CLUSTER) VALUES(544,'REMOTO - PARAÍBA','A',134);
INSERT INTO SUB_CLUSTER(ID, NOME, SITUACAO, FK_CLUSTER) VALUES(545,'JOÃO PESSOA','A',134);
INSERT INTO SUB_CLUSTER(ID, NOME, SITUACAO, FK_CLUSTER) VALUES(546,'CAMPINA GRANDE','A',134);
INSERT INTO SUB_CLUSTER(ID, NOME, SITUACAO, FK_CLUSTER) VALUES(547,'RECIFE','A',135);
INSERT INTO SUB_CLUSTER(ID, NOME, SITUACAO, FK_CLUSTER) VALUES(548,'REMOTO - PERNAMBUCO','A',135);
INSERT INTO SUB_CLUSTER(ID, NOME, SITUACAO, FK_CLUSTER) VALUES(549,'BRI - CARUARU - PE','A',135);
INSERT INTO SUB_CLUSTER(ID, NOME, SITUACAO, FK_CLUSTER) VALUES(550,'BRI - CABO DE SANTO AGOSTINHO - PE','A',135);
INSERT INTO SUB_CLUSTER(ID, NOME, SITUACAO, FK_CLUSTER) VALUES(551,'BRI - SANTA CRUZ DO CAPIBARIBE - PE','A',135);
INSERT INTO SUB_CLUSTER(ID, NOME, SITUACAO, FK_CLUSTER) VALUES(552,'BRI - VITÓRIA DE SANTO ANTÃO - PE','A',135);
INSERT INTO SUB_CLUSTER(ID, NOME, SITUACAO, FK_CLUSTER) VALUES(553,'BRI - SERRA TALHADA - PE','A',135);
INSERT INTO SUB_CLUSTER(ID, NOME, SITUACAO, FK_CLUSTER) VALUES(554,'BRI - PETROLINA - PE','A',135);
INSERT INTO SUB_CLUSTER(ID, NOME, SITUACAO, FK_CLUSTER) VALUES(555,'REMOTO - ALAGOAS','A',136);
INSERT INTO SUB_CLUSTER(ID, NOME, SITUACAO, FK_CLUSTER) VALUES(556,'BRI - ARAPIRACA - AL','A',136);
INSERT INTO SUB_CLUSTER(ID, NOME, SITUACAO, FK_CLUSTER) VALUES(557,'BRI - UNIÃO DOS PALMARES - AL','A',136);
INSERT INTO SUB_CLUSTER(ID, NOME, SITUACAO, FK_CLUSTER) VALUES(558,'MACEIÓ','A',136);
INSERT INTO SUB_CLUSTER(ID, NOME, SITUACAO, FK_CLUSTER) VALUES(559,'BRI - LAGARTO - SE','A',137);
INSERT INTO SUB_CLUSTER(ID, NOME, SITUACAO, FK_CLUSTER) VALUES(560,'ARACAJU','A',137);
INSERT INTO SUB_CLUSTER(ID, NOME, SITUACAO, FK_CLUSTER) VALUES(561,'REMOTO - SERGIPE','A',137);
INSERT INTO SUB_CLUSTER(ID, NOME, SITUACAO, FK_CLUSTER) VALUES(562,'REMOTO - BAHIA INTERIOR','A',138);
INSERT INTO SUB_CLUSTER(ID, NOME, SITUACAO, FK_CLUSTER) VALUES(563,'BRI - ALAGOINHAS - BA','A',138);
INSERT INTO SUB_CLUSTER(ID, NOME, SITUACAO, FK_CLUSTER) VALUES(564,'BRI - GUANAMBI - BA','A',138);
INSERT INTO SUB_CLUSTER(ID, NOME, SITUACAO, FK_CLUSTER) VALUES(565,'BRI - TEIXEIRA DE FREITAS - BA','A',138);
INSERT INTO SUB_CLUSTER(ID, NOME, SITUACAO, FK_CLUSTER) VALUES(566,'BRI - ITABUNA - BA','A',138);
INSERT INTO SUB_CLUSTER(ID, NOME, SITUACAO, FK_CLUSTER) VALUES(567,'BRI - SANTO ANTÔNIO DE JESUS - BA','A',138);
INSERT INTO SUB_CLUSTER(ID, NOME, SITUACAO, FK_CLUSTER) VALUES(568,'BRI - VITÓRIA DA CONQUISTA - BA','A',138);
INSERT INTO SUB_CLUSTER(ID, NOME, SITUACAO, FK_CLUSTER) VALUES(569,'BRI - FEIRA DE SANTANA - BA','A',138);
INSERT INTO SUB_CLUSTER(ID, NOME, SITUACAO, FK_CLUSTER) VALUES(570,'BRI - JACOBINA - BA','A',138);
INSERT INTO SUB_CLUSTER(ID, NOME, SITUACAO, FK_CLUSTER) VALUES(571,'BRI - BARREIRAS - BA','A',138);
INSERT INTO SUB_CLUSTER(ID, NOME, SITUACAO, FK_CLUSTER) VALUES(572,'SALVADOR','A',139);
INSERT INTO SUB_CLUSTER(ID, NOME, SITUACAO, FK_CLUSTER) VALUES(573,'BRI - PATOS DE MINAS - MG','A',140);
INSERT INTO SUB_CLUSTER(ID, NOME, SITUACAO, FK_CLUSTER) VALUES(574,'REMOTO - OESTE MG','A',140);
INSERT INTO SUB_CLUSTER(ID, NOME, SITUACAO, FK_CLUSTER) VALUES(575,'TRIÂNGULO MINEIRO','A',140);
INSERT INTO SUB_CLUSTER(ID, NOME, SITUACAO, FK_CLUSTER) VALUES(576,'BRI - ARAXÁ - MG','A',140);
INSERT INTO SUB_CLUSTER(ID, NOME, SITUACAO, FK_CLUSTER) VALUES(577,'REMOTO - METROPOLITANA BH','A',141);
INSERT INTO SUB_CLUSTER(ID, NOME, SITUACAO, FK_CLUSTER) VALUES(578,'BRI - OURO PRETO - MG','A',141);
INSERT INTO SUB_CLUSTER(ID, NOME, SITUACAO, FK_CLUSTER) VALUES(579,'BRI - ITABIRA - MG','A',141);
INSERT INTO SUB_CLUSTER(ID, NOME, SITUACAO, FK_CLUSTER) VALUES(580,'GRANDE BELO HORIZONTE','A',141);
INSERT INTO SUB_CLUSTER(ID, NOME, SITUACAO, FK_CLUSTER) VALUES(581,'BRI - NOVA SERRANA - MG','A',141);
INSERT INTO SUB_CLUSTER(ID, NOME, SITUACAO, FK_CLUSTER) VALUES(582,'BRI - DIVINÓPOLIS - MG','A',141);
INSERT INTO SUB_CLUSTER(ID, NOME, SITUACAO, FK_CLUSTER) VALUES(583,'BRI - ITAÚNA - MG','A',141);
INSERT INTO SUB_CLUSTER(ID, NOME, SITUACAO, FK_CLUSTER) VALUES(584,'BRI - PARÁ DE MINAS - MG','A',141);
INSERT INTO SUB_CLUSTER(ID, NOME, SITUACAO, FK_CLUSTER) VALUES(585,'BRI - FORMIGA - MG','A',141);
INSERT INTO SUB_CLUSTER(ID, NOME, SITUACAO, FK_CLUSTER) VALUES(586,'BRI - CARATINGA - MG','A',142);
INSERT INTO SUB_CLUSTER(ID, NOME, SITUACAO, FK_CLUSTER) VALUES(587,'BRI - CORONEL FABRICIANO - MG','A',142);
INSERT INTO SUB_CLUSTER(ID, NOME, SITUACAO, FK_CLUSTER) VALUES(588,'REMOTO - NORTE MG','A',142);
INSERT INTO SUB_CLUSTER(ID, NOME, SITUACAO, FK_CLUSTER) VALUES(589,'BRI - MONTES CLAROS - MG','A',142);
INSERT INTO SUB_CLUSTER(ID, NOME, SITUACAO, FK_CLUSTER) VALUES(590,'VALE DO AÇO','A',142);
INSERT INTO SUB_CLUSTER(ID, NOME, SITUACAO, FK_CLUSTER) VALUES(591,'REMOTO - SUL MG','A',143);
INSERT INTO SUB_CLUSTER(ID, NOME, SITUACAO, FK_CLUSTER) VALUES(592,'BRI - POÇOS DE CALDAS - MG','A',143);
INSERT INTO SUB_CLUSTER(ID, NOME, SITUACAO, FK_CLUSTER) VALUES(593,'BRI - PASSOS - MG','A',143);
INSERT INTO SUB_CLUSTER(ID, NOME, SITUACAO, FK_CLUSTER) VALUES(594,'BRI - CONSELHEIRO LAFAIETE - MG','A',143);
INSERT INTO SUB_CLUSTER(ID, NOME, SITUACAO, FK_CLUSTER) VALUES(595,'BRI - BARBACENA - MG','A',143);
INSERT INTO SUB_CLUSTER(ID, NOME, SITUACAO, FK_CLUSTER) VALUES(596,'BRI - POUSO ALEGRE - MG','A',143);
INSERT INTO SUB_CLUSTER(ID, NOME, SITUACAO, FK_CLUSTER) VALUES(597,'BRI - UBÁ - MG','A',143);
INSERT INTO SUB_CLUSTER(ID, NOME, SITUACAO, FK_CLUSTER) VALUES(598,'ZONA DA MATA','A',143);
INSERT INTO SUB_CLUSTER(ID, NOME, SITUACAO, FK_CLUSTER) VALUES(599,'BELO HORIZONTE','A',144);
INSERT INTO SUB_CLUSTER(ID, NOME, SITUACAO, FK_CLUSTER) VALUES(600,'BRI - LINHARES - ES','A',145);
INSERT INTO SUB_CLUSTER(ID, NOME, SITUACAO, FK_CLUSTER) VALUES(601,'BRI - COLATINA - ES','A',145);
INSERT INTO SUB_CLUSTER(ID, NOME, SITUACAO, FK_CLUSTER) VALUES(602,'REMOTO - ESPÍRITO SANTO','A',145);
INSERT INTO SUB_CLUSTER(ID, NOME, SITUACAO, FK_CLUSTER) VALUES(603,'BRI - CACHOEIRO DE ITAPEMIRIM - ES','A',145);
INSERT INTO SUB_CLUSTER(ID, NOME, SITUACAO, FK_CLUSTER) VALUES(604,'VITÓRIA','A',145);
INSERT INTO SUB_CLUSTER(ID, NOME, SITUACAO, FK_CLUSTER) VALUES(605,'BRI - ANGRA DOS REIS - RJ','A',146);
INSERT INTO SUB_CLUSTER(ID, NOME, SITUACAO, FK_CLUSTER) VALUES(606,'BRI - QUEIMADOS - RJ','A',146);
INSERT INTO SUB_CLUSTER(ID, NOME, SITUACAO, FK_CLUSTER) VALUES(607,'SUL FLUMINENSE','A',146);
INSERT INTO SUB_CLUSTER(ID, NOME, SITUACAO, FK_CLUSTER) VALUES(608,'BRI - CAMPOS DOS GOYTACAZES - RJ','A',147);
INSERT INTO SUB_CLUSTER(ID, NOME, SITUACAO, FK_CLUSTER) VALUES(609,'NORTE FLUMINENSE','A',147);
INSERT INTO SUB_CLUSTER(ID, NOME, SITUACAO, FK_CLUSTER) VALUES(610,'BRI - CABO FRIO - RJ','A',148);
INSERT INTO SUB_CLUSTER(ID, NOME, SITUACAO, FK_CLUSTER) VALUES(611,'BRI - NOVA FRIBURGO - RJ','A',148);
INSERT INTO SUB_CLUSTER(ID, NOME, SITUACAO, FK_CLUSTER) VALUES(612,'NITERÓI E SÃO GONÇALO','A',148);
INSERT INTO SUB_CLUSTER(ID, NOME, SITUACAO, FK_CLUSTER) VALUES(613,'BAIXADA FLUMINENSE','A',149);
INSERT INTO SUB_CLUSTER(ID, NOME, SITUACAO, FK_CLUSTER) VALUES(614,'SERRA FLUMINENSE','A',149);
INSERT INTO SUB_CLUSTER(ID, NOME, SITUACAO, FK_CLUSTER) VALUES(615,'RIO DE JANEIRO','A',150);
INSERT INTO SUB_CLUSTER(ID, NOME, SITUACAO, FK_CLUSTER) VALUES(616,'BRI - ASSIS - SP','A',151);
INSERT INTO SUB_CLUSTER(ID, NOME, SITUACAO, FK_CLUSTER) VALUES(617,'BRI - DRACENA - SP','A',151);
INSERT INTO SUB_CLUSTER(ID, NOME, SITUACAO, FK_CLUSTER) VALUES(618,'PRESIDENTE PRUDENTE','A',151);
INSERT INTO SUB_CLUSTER(ID, NOME, SITUACAO, FK_CLUSTER) VALUES(619,'BRI - VOTUPORANGA - SP','A',152);
INSERT INTO SUB_CLUSTER(ID, NOME, SITUACAO, FK_CLUSTER) VALUES(620,'BRI - BARRETOS - SP','A',152);
INSERT INTO SUB_CLUSTER(ID, NOME, SITUACAO, FK_CLUSTER) VALUES(621,'BRI - CATANDUVA - SP','A',152);
INSERT INTO SUB_CLUSTER(ID, NOME, SITUACAO, FK_CLUSTER) VALUES(622,'SÃO JOSÉ DO RIO PRETO','A',152);
INSERT INTO SUB_CLUSTER(ID, NOME, SITUACAO, FK_CLUSTER) VALUES(623,'BRI - ITAPIRA - SP','A',153);
INSERT INTO SUB_CLUSTER(ID, NOME, SITUACAO, FK_CLUSTER) VALUES(624,'BRI - PIRASSUNUNGA - SP','A',153);
INSERT INTO SUB_CLUSTER(ID, NOME, SITUACAO, FK_CLUSTER) VALUES(625,'AMERICANA','A',153);
INSERT INTO SUB_CLUSTER(ID, NOME, SITUACAO, FK_CLUSTER) VALUES(626,'LIMEIRA','A',153);
INSERT INTO SUB_CLUSTER(ID, NOME, SITUACAO, FK_CLUSTER) VALUES(627,'MOGI','A',153);
INSERT INTO SUB_CLUSTER(ID, NOME, SITUACAO, FK_CLUSTER) VALUES(628,'PIRACICABA','A',153);
INSERT INTO SUB_CLUSTER(ID, NOME, SITUACAO, FK_CLUSTER) VALUES(629,'CAMPINAS','A',154);
INSERT INTO SUB_CLUSTER(ID, NOME, SITUACAO, FK_CLUSTER) VALUES(630,'PAULÍNIA','A',154);
INSERT INTO SUB_CLUSTER(ID, NOME, SITUACAO, FK_CLUSTER) VALUES(631,'BRAGANÇA PAULISTA','A',154);
INSERT INTO SUB_CLUSTER(ID, NOME, SITUACAO, FK_CLUSTER) VALUES(632,'JUNDIAÍ','A',154);
INSERT INTO SUB_CLUSTER(ID, NOME, SITUACAO, FK_CLUSTER) VALUES(633,'BRI - LENÇÓIS PAULISTA - SP','A',155);
INSERT INTO SUB_CLUSTER(ID, NOME, SITUACAO, FK_CLUSTER) VALUES(634,'BOTUCATU','A',155);
INSERT INTO SUB_CLUSTER(ID, NOME, SITUACAO, FK_CLUSTER) VALUES(635,'BRI - AVARÉ - SP','A',155);
INSERT INTO SUB_CLUSTER(ID, NOME, SITUACAO, FK_CLUSTER) VALUES(636,'BAURU','A',155);
INSERT INTO SUB_CLUSTER(ID, NOME, SITUACAO, FK_CLUSTER) VALUES(637,'JAÚ','A',155);
INSERT INTO SUB_CLUSTER(ID, NOME, SITUACAO, FK_CLUSTER) VALUES(638,'BRI - TATUÍ - SP','A',156);
INSERT INTO SUB_CLUSTER(ID, NOME, SITUACAO, FK_CLUSTER) VALUES(639,'SOROCABA','A',156);
INSERT INTO SUB_CLUSTER(ID, NOME, SITUACAO, FK_CLUSTER) VALUES(640,'BRI - ITAPEVA - SP','A',156);
INSERT INTO SUB_CLUSTER(ID, NOME, SITUACAO, FK_CLUSTER) VALUES(641,'BRI - SÃO ROQUE - SP','A',156);
INSERT INTO SUB_CLUSTER(ID, NOME, SITUACAO, FK_CLUSTER) VALUES(642,'SALTO','A',156);
INSERT INTO SUB_CLUSTER(ID, NOME, SITUACAO, FK_CLUSTER) VALUES(643,'ITU','A',156);
INSERT INTO SUB_CLUSTER(ID, NOME, SITUACAO, FK_CLUSTER) VALUES(644,'BRI - BATATAIS - SP','A',157);
INSERT INTO SUB_CLUSTER(ID, NOME, SITUACAO, FK_CLUSTER) VALUES(645,'BRI - SÃO JOAQUIM DA BARRA - SP','A',157);
INSERT INTO SUB_CLUSTER(ID, NOME, SITUACAO, FK_CLUSTER) VALUES(646,'BRI - JABOTICABAL - SP','A',157);
INSERT INTO SUB_CLUSTER(ID, NOME, SITUACAO, FK_CLUSTER) VALUES(647,'RIBEIRÃO PRETO','A',157);
INSERT INTO SUB_CLUSTER(ID, NOME, SITUACAO, FK_CLUSTER) VALUES(648,'FRANCA','A',157);
INSERT INTO SUB_CLUSTER(ID, NOME, SITUACAO, FK_CLUSTER) VALUES(649,'BRI - PENÁPOLIS - SP','A',158);
INSERT INTO SUB_CLUSTER(ID, NOME, SITUACAO, FK_CLUSTER) VALUES(650,'BRI - FERNANDÓPOLIS - SP','A',158);
INSERT INTO SUB_CLUSTER(ID, NOME, SITUACAO, FK_CLUSTER) VALUES(651,'ARAÇATUBA','A',158);
INSERT INTO SUB_CLUSTER(ID, NOME, SITUACAO, FK_CLUSTER) VALUES(652,'BRI - LINS - SP','A',159);
INSERT INTO SUB_CLUSTER(ID, NOME, SITUACAO, FK_CLUSTER) VALUES(653,'BRI - OURINHOS - SP','A',159);
INSERT INTO SUB_CLUSTER(ID, NOME, SITUACAO, FK_CLUSTER) VALUES(654,'MARÍLIA','A',159);
INSERT INTO SUB_CLUSTER(ID, NOME, SITUACAO, FK_CLUSTER) VALUES(655,'ARARAQUARA','A',160);
INSERT INTO SUB_CLUSTER(ID, NOME, SITUACAO, FK_CLUSTER) VALUES(656,'BRI - PORTO FERREIRA - SP','A',160);
INSERT INTO SUB_CLUSTER(ID, NOME, SITUACAO, FK_CLUSTER) VALUES(657,'BRI - IBITINGA - SP','A',160);
INSERT INTO SUB_CLUSTER(ID, NOME, SITUACAO, FK_CLUSTER) VALUES(658,'BRI - MOCOCA - SP','A',160);
INSERT INTO SUB_CLUSTER(ID, NOME, SITUACAO, FK_CLUSTER) VALUES(659,'SÃO CARLOS','A',160);
INSERT INTO SUB_CLUSTER(ID, NOME, SITUACAO, FK_CLUSTER) VALUES(660,'VALE','A',161);
INSERT INTO SUB_CLUSTER(ID, NOME, SITUACAO, FK_CLUSTER) VALUES(661,'BRI - CAMPOS DO JORDÃO - SP','A',161);
INSERT INTO SUB_CLUSTER(ID, NOME, SITUACAO, FK_CLUSTER) VALUES(662,'TAUBATÉ','A',161);
INSERT INTO SUB_CLUSTER(ID, NOME, SITUACAO, FK_CLUSTER) VALUES(663,'BRI - CARAGUATATUBA - SP','A',161);
INSERT INTO SUB_CLUSTER(ID, NOME, SITUACAO, FK_CLUSTER) VALUES(664,'SÃO JOSÉ DOS CAMPOS','A',161);
INSERT INTO SUB_CLUSTER(ID, NOME, SITUACAO, FK_CLUSTER) VALUES(665,'SP LESTE','A',162);
INSERT INTO SUB_CLUSTER(ID, NOME, SITUACAO, FK_CLUSTER) VALUES(666,'SP OESTE','A',162);
INSERT INTO SUB_CLUSTER(ID, NOME, SITUACAO, FK_CLUSTER) VALUES(667,'ABCDM','A',162);
INSERT INTO SUB_CLUSTER(ID, NOME, SITUACAO, FK_CLUSTER) VALUES(668,'GUARULHOS','A',162);
INSERT INTO SUB_CLUSTER(ID, NOME, SITUACAO, FK_CLUSTER) VALUES(669,'SÃO PAULO','A',163);
INSERT INTO SUB_CLUSTER(ID, NOME, SITUACAO, FK_CLUSTER) VALUES(670,'BAIXADA SANTISTA I','A',164);
INSERT INTO SUB_CLUSTER(ID, NOME, SITUACAO, FK_CLUSTER) VALUES(671,'BRI - ITANHAÉM - SP','A',164);
INSERT INTO SUB_CLUSTER(ID, NOME, SITUACAO, FK_CLUSTER) VALUES(672,'REMOTO - NORTE DO PARANÁ','A',165);
INSERT INTO SUB_CLUSTER(ID, NOME, SITUACAO, FK_CLUSTER) VALUES(673,'BRI - PARANAVAÍ - PR','A',165);
INSERT INTO SUB_CLUSTER(ID, NOME, SITUACAO, FK_CLUSTER) VALUES(674,'BRI - UMUARAMA - PR','A',165);
INSERT INTO SUB_CLUSTER(ID, NOME, SITUACAO, FK_CLUSTER) VALUES(675,'BRI - TELÊMACO BORBA - PR','A',165);
INSERT INTO SUB_CLUSTER(ID, NOME, SITUACAO, FK_CLUSTER) VALUES(676,'BRI - APUCARANA - PR','A',165);
INSERT INTO SUB_CLUSTER(ID, NOME, SITUACAO, FK_CLUSTER) VALUES(677,'LONDRINA','A',165);
INSERT INTO SUB_CLUSTER(ID, NOME, SITUACAO, FK_CLUSTER) VALUES(678,'BRI - CAMPO MOURÃO - PR','A',165);
INSERT INTO SUB_CLUSTER(ID, NOME, SITUACAO, FK_CLUSTER) VALUES(679,'MARINGÁ','A',165);
INSERT INTO SUB_CLUSTER(ID, NOME, SITUACAO, FK_CLUSTER) VALUES(680,'GRANDE CURITIBA','A',166);
INSERT INTO SUB_CLUSTER(ID, NOME, SITUACAO, FK_CLUSTER) VALUES(681,'BRI - LAPA - PR','A',166);
INSERT INTO SUB_CLUSTER(ID, NOME, SITUACAO, FK_CLUSTER) VALUES(682,'BRI - PARANAGUÁ - PR','A',166);
INSERT INTO SUB_CLUSTER(ID, NOME, SITUACAO, FK_CLUSTER) VALUES(683,'CURITIBA','A',166);
INSERT INTO SUB_CLUSTER(ID, NOME, SITUACAO, FK_CLUSTER) VALUES(684,'BRI - PARANAGUÁ - SC','A',166);
INSERT INTO SUB_CLUSTER(ID, NOME, SITUACAO, FK_CLUSTER) VALUES(685,'REMOTO - CASCAVEL','A',167);
INSERT INTO SUB_CLUSTER(ID, NOME, SITUACAO, FK_CLUSTER) VALUES(686,'BRI - FRANCISCO BELTRÃO - PR','A',167);
INSERT INTO SUB_CLUSTER(ID, NOME, SITUACAO, FK_CLUSTER) VALUES(687,'BRI - FOZ DO IGUAÇU - PR','A',167);
INSERT INTO SUB_CLUSTER(ID, NOME, SITUACAO, FK_CLUSTER) VALUES(688,'CASCAVEL','A',167);
INSERT INTO SUB_CLUSTER(ID, NOME, SITUACAO, FK_CLUSTER) VALUES(689,'BRI - TOLEDO - PR','A',167);
INSERT INTO SUB_CLUSTER(ID, NOME, SITUACAO, FK_CLUSTER) VALUES(690,'REMOTO - PONTA GROSSA','A',168);
INSERT INTO SUB_CLUSTER(ID, NOME, SITUACAO, FK_CLUSTER) VALUES(691,'PONTA GROSSA','A',168);
INSERT INTO SUB_CLUSTER(ID, NOME, SITUACAO, FK_CLUSTER) VALUES(692,'BRI - SÃO BENTO DO SUL - PR','A',169);
INSERT INTO SUB_CLUSTER(ID, NOME, SITUACAO, FK_CLUSTER) VALUES(693,'BRI - CAÇADOR - PR','A',169);
INSERT INTO SUB_CLUSTER(ID, NOME, SITUACAO, FK_CLUSTER) VALUES(694,'JOINVILLE','A',169);
INSERT INTO SUB_CLUSTER(ID, NOME, SITUACAO, FK_CLUSTER) VALUES(695,'BRI - CAÇADOR - SC','A',169);
INSERT INTO SUB_CLUSTER(ID, NOME, SITUACAO, FK_CLUSTER) VALUES(696,'BRI - SÃO BENTO DO SUL - SC','A',169);
INSERT INTO SUB_CLUSTER(ID, NOME, SITUACAO, FK_CLUSTER) VALUES(697,'REMOTO - PASSO FUNDO - SC','A',170);
INSERT INTO SUB_CLUSTER(ID, NOME, SITUACAO, FK_CLUSTER) VALUES(698,'BRI - CONCÓRDIA - SC','A',170);
INSERT INTO SUB_CLUSTER(ID, NOME, SITUACAO, FK_CLUSTER) VALUES(699,'CHAPECÓ','A',170);
INSERT INTO SUB_CLUSTER(ID, NOME, SITUACAO, FK_CLUSTER) VALUES(700,'REMOTO - PASSO FUNDO - RS','A',170);
INSERT INTO SUB_CLUSTER(ID, NOME, SITUACAO, FK_CLUSTER) VALUES(701,'PLANALTO','A',170);
INSERT INTO SUB_CLUSTER(ID, NOME, SITUACAO, FK_CLUSTER) VALUES(702,'REMOTO - VALE DO ITAJAÍ','A',171);
INSERT INTO SUB_CLUSTER(ID, NOME, SITUACAO, FK_CLUSTER) VALUES(703,'BLUMENAU','A',171);
INSERT INTO SUB_CLUSTER(ID, NOME, SITUACAO, FK_CLUSTER) VALUES(704,'ITAJAÍ','A',171);
INSERT INTO SUB_CLUSTER(ID, NOME, SITUACAO, FK_CLUSTER) VALUES(705,'GRANDE FLORIANÓPOLIS','A',172);
INSERT INTO SUB_CLUSTER(ID, NOME, SITUACAO, FK_CLUSTER) VALUES(706,'REMOTO - FLORIANÓPOLIS','A',172);