SET DATABASE SQL SYNTAX ORA TRUE;

-- UNIDADE NEGOCIO --
INSERT INTO UNIDADE_NEGOCIO (ID, NOME, CODIGO, SITUACAO) VALUES (1, 'Pessoal', 'PESSOAL', 'A');
INSERT INTO UNIDADE_NEGOCIO (ID, NOME, CODIGO, SITUACAO) VALUES (2, 'Residencial e Combos', 'RESIDENCIAL_COMBOS', 'A');
INSERT INTO UNIDADE_NEGOCIO (ID, NOME, CODIGO, SITUACAO) VALUES (3, 'Xbrain', 'XBRAIN', 'A');

-- REGIONAL --
INSERT INTO REGIONAL (ID, NOME, SITUACAO, NOVA_REGIONAL) VALUES (1, 'LESTE', 'A', 'F');
INSERT INTO REGIONAL (ID, NOME, SITUACAO, NOVA_REGIONAL) VALUES (2, 'SÃO PAULO', 'A', 'F');
INSERT INTO REGIONAL (ID, NOME, SITUACAO, NOVA_REGIONAL) VALUES (3, 'SUL', 'A', 'F');
INSERT INTO REGIONAL (ID, NOME, SITUACAO, NOVA_REGIONAL) VALUES (1022, 'RBS', 'A', 'V');
INSERT INTO REGIONAL (ID, NOME, SITUACAO, NOVA_REGIONAL) VALUES (1023, 'RCO', 'A', 'V');
INSERT INTO REGIONAL (ID, NOME, SITUACAO, NOVA_REGIONAL) VALUES (1024, 'RMG', 'A', 'V');
INSERT INTO REGIONAL (ID, NOME, SITUACAO, NOVA_REGIONAL) VALUES (1025, 'RNE', 'A', 'V');
INSERT INTO REGIONAL (ID, NOME, SITUACAO, NOVA_REGIONAL) VALUES (1026, 'RNO', 'A', 'V');
INSERT INTO REGIONAL (ID, NOME, SITUACAO, NOVA_REGIONAL) VALUES (1027, 'RPS', 'A', 'V');
INSERT INTO REGIONAL (ID, NOME, SITUACAO, NOVA_REGIONAL) VALUES (1028, 'RRE', 'A', 'V');
INSERT INTO REGIONAL (ID, NOME, SITUACAO, NOVA_REGIONAL) VALUES (1029, 'RRS', 'A', 'V');
INSERT INTO REGIONAL (ID, NOME, SITUACAO, NOVA_REGIONAL) VALUES (1030, 'RSC', 'A', 'V');
INSERT INTO REGIONAL (ID, NOME, SITUACAO, NOVA_REGIONAL) VALUES (1031, 'RSI', 'A', 'V');

-- GRUPO --
INSERT INTO GRUPO(ID, NOME, SITUACAO, FK_REGIONAL) VALUES(1, 'CENTRO-OESTE', 'A', 1);
INSERT INTO GRUPO(ID, NOME, SITUACAO, FK_REGIONAL) VALUES(2, 'NORTE', 'A', 1);
INSERT INTO GRUPO(ID, NOME, SITUACAO, FK_REGIONAL) VALUES(3, 'FORTALEZA', 'A', 1);
INSERT INTO GRUPO(ID, NOME, SITUACAO, FK_REGIONAL) VALUES(4, 'NORDESTE', 'A', 1);
INSERT INTO GRUPO(ID, NOME, SITUACAO, FK_REGIONAL) VALUES(5, 'BAHIA/SERGIPE', 'A', 1);
INSERT INTO GRUPO(ID, NOME, SITUACAO, FK_REGIONAL) VALUES(6, 'MINAS GERAIS', 'A', 1);
INSERT INTO GRUPO(ID, NOME, SITUACAO, FK_REGIONAL) VALUES(7, 'RIO E ES', 'A', 1);
INSERT INTO GRUPO(ID, NOME, SITUACAO, FK_REGIONAL) VALUES(8, 'PRESIDENTE PRUDENTE', 'A', 2);
INSERT INTO GRUPO(ID, NOME, SITUACAO, FK_REGIONAL) VALUES(9, 'SÃO JOSÉ DO RIO PRETO', 'A', 2);
INSERT INTO GRUPO(ID, NOME, SITUACAO, FK_REGIONAL) VALUES(10, 'CAMPINAS', 'A', 2);
INSERT INTO GRUPO(ID, NOME, SITUACAO, FK_REGIONAL) VALUES(11, 'BAURU', 'A', 2);
INSERT INTO GRUPO(ID, NOME, SITUACAO, FK_REGIONAL) VALUES(12, 'SOROCABA', 'A', 2);
INSERT INTO GRUPO(ID, NOME, SITUACAO, FK_REGIONAL) VALUES(13, 'RIBEIRÃO PRETO', 'A', 2);
INSERT INTO GRUPO(ID, NOME, SITUACAO, FK_REGIONAL) VALUES(14, 'ARAÇATUBA', 'A', 2);
INSERT INTO GRUPO(ID, NOME, SITUACAO, FK_REGIONAL) VALUES(15, 'MARILIA', 'A', 2);
INSERT INTO GRUPO(ID, NOME, SITUACAO, FK_REGIONAL) VALUES(16, 'SÃO CARLOS', 'A', 2);
INSERT INTO GRUPO(ID, NOME, SITUACAO, FK_REGIONAL) VALUES(17, 'GRANDE SÃO JOSÉ', 'A', 2);
INSERT INTO GRUPO(ID, NOME, SITUACAO, FK_REGIONAL) VALUES(18, 'SÃO PAULO', 'A', 2);
INSERT INTO GRUPO(ID, NOME, SITUACAO, FK_REGIONAL) VALUES(19, 'BAIXADA SANTISTA', 'A', 2);
INSERT INTO GRUPO(ID, NOME, SITUACAO, FK_REGIONAL) VALUES(20, 'NORTE DO PARANÁ', 'A', 3);
INSERT INTO GRUPO(ID, NOME, SITUACAO, FK_REGIONAL) VALUES(21, 'CURITIBA', 'A', 3);
INSERT INTO GRUPO(ID, NOME, SITUACAO, FK_REGIONAL) VALUES(22, 'CASCAVEL', 'A', 3);
INSERT INTO GRUPO(ID, NOME, SITUACAO, FK_REGIONAL) VALUES(23, 'PONTA GROSSA', 'A', 3);
INSERT INTO GRUPO(ID, NOME, SITUACAO, FK_REGIONAL) VALUES(24, 'JOINVILLE', 'A', 3);
INSERT INTO GRUPO(ID, NOME, SITUACAO, FK_REGIONAL) VALUES(25, 'PASSO FUNDO', 'A', 3);
INSERT INTO GRUPO(ID, NOME, SITUACAO, FK_REGIONAL) VALUES(26, 'VALE DO ITAJAÍ', 'A', 3);
INSERT INTO GRUPO(ID, NOME, SITUACAO, FK_REGIONAL) VALUES(27, 'FLORIANÓPOLIS', 'A', 3);
INSERT INTO GRUPO(ID, NOME, SITUACAO, FK_REGIONAL) VALUES(28, 'CRICIÚMA', 'A', 3);
INSERT INTO GRUPO(ID, NOME, SITUACAO, FK_REGIONAL) VALUES(29, 'BAGÉ', 'A', 3);
INSERT INTO GRUPO(ID, NOME, SITUACAO, FK_REGIONAL) VALUES(30, 'SANTA CRUZ', 'A', 3);
INSERT INTO GRUPO(ID, NOME, SITUACAO, FK_REGIONAL) VALUES(31, 'SANTA MARIA', 'A', 3);
INSERT INTO GRUPO(ID, NOME, SITUACAO, FK_REGIONAL) VALUES(32, 'URUGUAIANA', 'A', 3);
INSERT INTO GRUPO(ID, NOME, SITUACAO, FK_REGIONAL) VALUES(33, 'PORTO ALEGRE', 'A', 3);
INSERT INTO GRUPO(ID, NOME, SITUACAO, FK_REGIONAL) VALUES(34, 'PELOTAS', 'A', 3);
INSERT INTO GRUPO(ID, NOME, SITUACAO, FK_REGIONAL) VALUES(35, 'CAXIAS DO SUL', 'A', 3);
INSERT INTO GRUPO(ID, NOME, SITUACAO, FK_REGIONAL) VALUES(710, 'RS SERRA', 'A', 3);

-- CLUSTERS --
INSERT INTO CLUSTERS(ID, NOME, SITUACAO, FK_GRUPO) VALUES(1, 'PORTO VELHO', 'A', 1);
INSERT INTO CLUSTERS(ID, NOME, SITUACAO, FK_GRUPO) VALUES(2, 'RIO BRANCO', 'A', 1);
INSERT INTO CLUSTERS(ID, NOME, SITUACAO, FK_GRUPO) VALUES(3, 'PALMAS', 'A', 1);
INSERT INTO CLUSTERS(ID, NOME, SITUACAO, FK_GRUPO) VALUES(4, 'CAMPO GRANDE', 'A', 1);
INSERT INTO CLUSTERS(ID, NOME, SITUACAO, FK_GRUPO) VALUES(5, 'CUIABÁ', 'A', 1);
INSERT INTO CLUSTERS(ID, NOME, SITUACAO, FK_GRUPO) VALUES(6, 'GOIÁS', 'A', 1);
INSERT INTO CLUSTERS(ID, NOME, SITUACAO, FK_GRUPO) VALUES(7, 'BRASÍLIA', 'A', 1);
INSERT INTO CLUSTERS(ID, NOME, SITUACAO, FK_GRUPO) VALUES(8, 'AM/RR', 'A', 2);
INSERT INTO CLUSTERS(ID, NOME, SITUACAO, FK_GRUPO) VALUES(9, 'PA/AP', 'A', 2);
INSERT INTO CLUSTERS(ID, NOME, SITUACAO, FK_GRUPO) VALUES(10, 'MARANHÃO', 'A', 3);
INSERT INTO CLUSTERS(ID, NOME, SITUACAO, FK_GRUPO) VALUES(11, 'PIAUÍ', 'A', 3);
INSERT INTO CLUSTERS(ID, NOME, SITUACAO, FK_GRUPO) VALUES(12, 'CEARÁ', 'A', 3);
INSERT INTO CLUSTERS(ID, NOME, SITUACAO, FK_GRUPO) VALUES(13, 'RIO GRANDE DO NORTE', 'A', 4);
INSERT INTO CLUSTERS(ID, NOME, SITUACAO, FK_GRUPO) VALUES(14, 'PARAÍBA', 'A', 4);
INSERT INTO CLUSTERS(ID, NOME, SITUACAO, FK_GRUPO) VALUES(15, 'PERNAMBUCO', 'A', 4);
INSERT INTO CLUSTERS(ID, NOME, SITUACAO, FK_GRUPO) VALUES(16, 'ALAGOAS', 'A', 4);
INSERT INTO CLUSTERS(ID, NOME, SITUACAO, FK_GRUPO) VALUES(17, 'SERGIPE', 'A', 5);
INSERT INTO CLUSTERS(ID, NOME, SITUACAO, FK_GRUPO) VALUES(18, 'BAHIA INTERIOR', 'A', 5);
INSERT INTO CLUSTERS(ID, NOME, SITUACAO, FK_GRUPO) VALUES(19, 'BAHIA', 'A', 5);
INSERT INTO CLUSTERS(ID, NOME, SITUACAO, FK_GRUPO) VALUES(20, 'OESTE MG', 'A', 6);
INSERT INTO CLUSTERS(ID, NOME, SITUACAO, FK_GRUPO) VALUES(21, 'METROPOLITANA BH', 'A', 6);
INSERT INTO CLUSTERS(ID, NOME, SITUACAO, FK_GRUPO) VALUES(22, 'NORTE MG', 'A', 6);
INSERT INTO CLUSTERS(ID, NOME, SITUACAO, FK_GRUPO) VALUES(23, 'SUL MG', 'A', 6);
INSERT INTO CLUSTERS(ID, NOME, SITUACAO, FK_GRUPO) VALUES(24, 'BH', 'A', 6);
INSERT INTO CLUSTERS(ID, NOME, SITUACAO, FK_GRUPO) VALUES(25, 'ESPÍRITO SANTO', 'A', 7);
INSERT INTO CLUSTERS(ID, NOME, SITUACAO, FK_GRUPO) VALUES(26, 'SUL FLUMINENSE', 'A', 7);
INSERT INTO CLUSTERS(ID, NOME, SITUACAO, FK_GRUPO) VALUES(27, 'NORTE FLUMINENSE', 'A', 7);
INSERT INTO CLUSTERS(ID, NOME, SITUACAO, FK_GRUPO) VALUES(28, 'RJ METROPOLITANO', 'A', 7);
INSERT INTO CLUSTERS(ID, NOME, SITUACAO, FK_GRUPO) VALUES(29, 'BAIXADA/SERRA FLUMINENSE', 'A', 7);
INSERT INTO CLUSTERS(ID, NOME, SITUACAO, FK_GRUPO) VALUES(30, 'RIO CAPITAL', 'A', 7);
INSERT INTO CLUSTERS(ID, NOME, SITUACAO, FK_GRUPO) VALUES(31, 'PRESIDENTE PRUDENTE', 'A', 8);
INSERT INTO CLUSTERS(ID, NOME, SITUACAO, FK_GRUPO) VALUES(32, 'SÃO JOSÉ DO RIO PRETO', 'A', 9);
INSERT INTO CLUSTERS(ID, NOME, SITUACAO, FK_GRUPO) VALUES(33, 'CAMPINAS II', 'A', 10);
INSERT INTO CLUSTERS(ID, NOME, SITUACAO, FK_GRUPO) VALUES(34, 'CAMPINAS I', 'A', 10);
INSERT INTO CLUSTERS(ID, NOME, SITUACAO, FK_GRUPO) VALUES(35, 'BAURU', 'A', 11);
INSERT INTO CLUSTERS(ID, NOME, SITUACAO, FK_GRUPO) VALUES(36, 'SOROCABA', 'A', 12);
INSERT INTO CLUSTERS(ID, NOME, SITUACAO, FK_GRUPO) VALUES(37, 'RIBEIRÃO PRETO', 'A', 13);
INSERT INTO CLUSTERS(ID, NOME, SITUACAO, FK_GRUPO) VALUES(38, 'ARAÇATUBA', 'A', 14);
INSERT INTO CLUSTERS(ID, NOME, SITUACAO, FK_GRUPO) VALUES(39, 'MARÍLIA', 'A', 15);
INSERT INTO CLUSTERS(ID, NOME, SITUACAO, FK_GRUPO) VALUES(40, 'SÃO CARLOS', 'A', 16);
INSERT INTO CLUSTERS(ID, NOME, SITUACAO, FK_GRUPO) VALUES(41, 'GRANDE SÃO JOSÉ', 'A', 17);
INSERT INTO CLUSTERS(ID, NOME, SITUACAO, FK_GRUPO) VALUES(42, 'SP METROPOLITANO', 'A', 18);
INSERT INTO CLUSTERS(ID, NOME, SITUACAO, FK_GRUPO) VALUES(43, 'SÃO PAULO', 'A', 18);
INSERT INTO CLUSTERS(ID, NOME, SITUACAO, FK_GRUPO) VALUES(44, 'BAIXADA SANTISTA', 'A', 19);
INSERT INTO CLUSTERS(ID, NOME, SITUACAO, FK_GRUPO) VALUES(45, 'NORTE DO PARANÁ', 'A', 20);
INSERT INTO CLUSTERS(ID, NOME, SITUACAO, FK_GRUPO) VALUES(46, 'CURITIBA', 'A', 21);
INSERT INTO CLUSTERS(ID, NOME, SITUACAO, FK_GRUPO) VALUES(47, 'CASCAVEL', 'A', 22);
INSERT INTO CLUSTERS(ID, NOME, SITUACAO, FK_GRUPO) VALUES(48, 'PONTA GROSSA', 'A', 23);
INSERT INTO CLUSTERS(ID, NOME, SITUACAO, FK_GRUPO) VALUES(49, 'JOINVILLE', 'A', 24);
INSERT INTO CLUSTERS(ID, NOME, SITUACAO, FK_GRUPO) VALUES(50, 'PASSO FUNDO', 'A', 25);
INSERT INTO CLUSTERS(ID, NOME, SITUACAO, FK_GRUPO) VALUES(51, 'VALE DO ITAJAÍ', 'A', 26);
INSERT INTO CLUSTERS(ID, NOME, SITUACAO, FK_GRUPO) VALUES(52, 'FLORIANÓPOLIS', 'A', 27);
INSERT INTO CLUSTERS(ID, NOME, SITUACAO, FK_GRUPO) VALUES(53, 'CRICIÚMA', 'A', 28);
INSERT INTO CLUSTERS(ID, NOME, SITUACAO, FK_GRUPO) VALUES(54, 'BAGÉ', 'A', 29);
INSERT INTO CLUSTERS(ID, NOME, SITUACAO, FK_GRUPO) VALUES(55, 'SANTA CRUZ', 'A', 30);
INSERT INTO CLUSTERS(ID, NOME, SITUACAO, FK_GRUPO) VALUES(56, 'SANTA MARIA', 'A', 31);
INSERT INTO CLUSTERS(ID, NOME, SITUACAO, FK_GRUPO) VALUES(57, 'URUGUAIANA', 'A', 32);
INSERT INTO CLUSTERS(ID, NOME, SITUACAO, FK_GRUPO) VALUES(58, 'PORTO ALEGRE', 'A', 33);
INSERT INTO CLUSTERS(ID, NOME, SITUACAO, FK_GRUPO) VALUES(59, 'PELOTAS', 'A', 34);
INSERT INTO CLUSTERS(ID, NOME, SITUACAO, FK_GRUPO) VALUES(60, 'CAXIAS DO SUL', 'A', 35);
INSERT INTO CLUSTERS(ID, NOME, SITUACAO, FK_GRUPO) VALUES(7700, 'PASSO FUNDO', 'A', 710);

-- SUBCLUSTER --
INSERT INTO SUB_CLUSTER(ID, NOME, SITUACAO, FK_CLUSTER) VALUES(1, 'REMOTO - PORTO VELHO', 'A', 1);
INSERT INTO SUB_CLUSTER(ID, NOME, SITUACAO, FK_CLUSTER) VALUES(2, 'BRI - JI-PARANÁ - RO', 'A', 1);
INSERT INTO SUB_CLUSTER(ID, NOME, SITUACAO, FK_CLUSTER) VALUES(3, 'PORTO VELHO', 'A', 1);
INSERT INTO SUB_CLUSTER(ID, NOME, SITUACAO, FK_CLUSTER) VALUES(4, 'REMOTO - RIO BRANCO', 'A', 2);
INSERT INTO SUB_CLUSTER(ID, NOME, SITUACAO, FK_CLUSTER) VALUES(5, 'RIO BRANCO', 'A', 2);
INSERT INTO SUB_CLUSTER(ID, NOME, SITUACAO, FK_CLUSTER) VALUES(6, 'REMOTO - PALMAS', 'A', 3);
INSERT INTO SUB_CLUSTER(ID, NOME, SITUACAO, FK_CLUSTER) VALUES(7, 'BRI - ARAGUAÍNA - TO', 'A', 3);
INSERT INTO SUB_CLUSTER(ID, NOME, SITUACAO, FK_CLUSTER) VALUES(8, 'PALMAS', 'A', 3);
INSERT INTO SUB_CLUSTER(ID, NOME, SITUACAO, FK_CLUSTER) VALUES(9, 'BRI - TRÊS LAGOAS - MS', 'A', 4);
INSERT INTO SUB_CLUSTER(ID, NOME, SITUACAO, FK_CLUSTER) VALUES(10, 'REMOTO - CAMPO GRANDE', 'A', 4);
INSERT INTO SUB_CLUSTER(ID, NOME, SITUACAO, FK_CLUSTER) VALUES(11, 'CAMPO GRANDE', 'A', 4);
INSERT INTO SUB_CLUSTER(ID, NOME, SITUACAO, FK_CLUSTER) VALUES(12, 'REMOTO - CUIABÁ', 'A', 5);
INSERT INTO SUB_CLUSTER(ID, NOME, SITUACAO, FK_CLUSTER) VALUES(13, 'BRI - TANGARÁ DA SERRA - MT', 'A', 5);
INSERT INTO SUB_CLUSTER(ID, NOME, SITUACAO, FK_CLUSTER) VALUES(14, 'CUIABÁ', 'A', 5);
INSERT INTO SUB_CLUSTER(ID, NOME, SITUACAO, FK_CLUSTER) VALUES(15, 'BRI - SINOP - MT', 'A', 5);
INSERT INTO SUB_CLUSTER(ID, NOME, SITUACAO, FK_CLUSTER) VALUES(16, 'GRANDE GOIÂNIA', 'A', 6);
INSERT INTO SUB_CLUSTER(ID, NOME, SITUACAO, FK_CLUSTER) VALUES(17, 'BRI - RIO VERDE - GO', 'A', 6);
INSERT INTO SUB_CLUSTER(ID, NOME, SITUACAO, FK_CLUSTER) VALUES(18, 'BRI - GOIANÉSIA - GO', 'A', 6);
INSERT INTO SUB_CLUSTER(ID, NOME, SITUACAO, FK_CLUSTER) VALUES(19, 'REMOTO - GOIÁS', 'A', 6);
INSERT INTO SUB_CLUSTER(ID, NOME, SITUACAO, FK_CLUSTER) VALUES(20, 'BRI - CALDAS NOVAS - GO', 'A', 6);
INSERT INTO SUB_CLUSTER(ID, NOME, SITUACAO, FK_CLUSTER) VALUES(21, 'ANÁPOLIS', 'A', 6);
INSERT INTO SUB_CLUSTER(ID, NOME, SITUACAO, FK_CLUSTER) VALUES(22, 'BRI - ÁGUAS LINDAS DE GOIÁS - GO', 'A', 7);
INSERT INTO SUB_CLUSTER(ID, NOME, SITUACAO, FK_CLUSTER) VALUES(23, 'BRI - VALPARAÍSO DE GOIÁS - GO', 'A', 7);
INSERT INTO SUB_CLUSTER(ID, NOME, SITUACAO, FK_CLUSTER) VALUES(24, 'BRASÍLIA - DF', 'A', 7);
INSERT INTO SUB_CLUSTER(ID, NOME, SITUACAO, FK_CLUSTER) VALUES(25, 'REMOTO - AMAZONAS', 'A', 8);
INSERT INTO SUB_CLUSTER(ID, NOME, SITUACAO, FK_CLUSTER) VALUES(26, 'BRI - ITACOATIARA - AM', 'A', 8);
INSERT INTO SUB_CLUSTER(ID, NOME, SITUACAO, FK_CLUSTER) VALUES(27, 'MANAUS', 'A', 8);
INSERT INTO SUB_CLUSTER(ID, NOME, SITUACAO, FK_CLUSTER) VALUES(28, 'REMOTO - RORAIMA', 'A', 8);
INSERT INTO SUB_CLUSTER(ID, NOME, SITUACAO, FK_CLUSTER) VALUES(29, 'BRI - BOA VISTA - RR', 'A', 8);
INSERT INTO SUB_CLUSTER(ID, NOME, SITUACAO, FK_CLUSTER) VALUES(30, 'BELÉM', 'A', 9);
INSERT INTO SUB_CLUSTER(ID, NOME, SITUACAO, FK_CLUSTER) VALUES(31, 'BRI - MARABÁ - PA', 'A', 9);
INSERT INTO SUB_CLUSTER(ID, NOME, SITUACAO, FK_CLUSTER) VALUES(32, 'REMOTO - PARÁ', 'A', 9);
INSERT INTO SUB_CLUSTER(ID, NOME, SITUACAO, FK_CLUSTER) VALUES(33, 'BRI - SANTARÉM - PA', 'A', 9);
INSERT INTO SUB_CLUSTER(ID, NOME, SITUACAO, FK_CLUSTER) VALUES(34, 'BRI - CAPANEMA - PA', 'A', 9);
INSERT INTO SUB_CLUSTER(ID, NOME, SITUACAO, FK_CLUSTER) VALUES(35, 'BRI - CASTANHAL - PA', 'A', 9);
INSERT INTO SUB_CLUSTER(ID, NOME, SITUACAO, FK_CLUSTER) VALUES(36, 'REMOTO - AMAPÁ', 'A', 9);
INSERT INTO SUB_CLUSTER(ID, NOME, SITUACAO, FK_CLUSTER) VALUES(37, 'BRI - MACAPÁ - AP', 'A', 9);
INSERT INTO SUB_CLUSTER(ID, NOME, SITUACAO, FK_CLUSTER) VALUES(38, 'BRI - IMPERATRIZ - MA', 'A', 10);
INSERT INTO SUB_CLUSTER(ID, NOME, SITUACAO, FK_CLUSTER) VALUES(39, 'REMOTO - MARANHÃO', 'A', 10);
INSERT INTO SUB_CLUSTER(ID, NOME, SITUACAO, FK_CLUSTER) VALUES(40, 'SÃO LUÍS', 'A', 10);
INSERT INTO SUB_CLUSTER(ID, NOME, SITUACAO, FK_CLUSTER) VALUES(41, 'TERESINA - MA', 'A', 11);
INSERT INTO SUB_CLUSTER(ID, NOME, SITUACAO, FK_CLUSTER) VALUES(42, 'REMOTO - PIAUÍ', 'A', 11);
INSERT INTO SUB_CLUSTER(ID, NOME, SITUACAO, FK_CLUSTER) VALUES(43, 'BRI - PARNAÍBA - PI', 'A', 11);
INSERT INTO SUB_CLUSTER(ID, NOME, SITUACAO, FK_CLUSTER) VALUES(44, 'TERESINA - PI', 'A', 11);
INSERT INTO SUB_CLUSTER(ID, NOME, SITUACAO, FK_CLUSTER) VALUES(45, 'BRI - JUAZEIRO DO NORTE - CE', 'A', 12);
INSERT INTO SUB_CLUSTER(ID, NOME, SITUACAO, FK_CLUSTER) VALUES(46, 'REMOTO - CEARÁ', 'A', 12);
INSERT INTO SUB_CLUSTER(ID, NOME, SITUACAO, FK_CLUSTER) VALUES(47, 'BRI - SOBRAL - CE', 'A', 12);
INSERT INTO SUB_CLUSTER(ID, NOME, SITUACAO, FK_CLUSTER) VALUES(48, 'BRI - IGUATU - CE', 'A', 12);
INSERT INTO SUB_CLUSTER(ID, NOME, SITUACAO, FK_CLUSTER) VALUES(49, 'FORTALEZA', 'A', 12);
INSERT INTO SUB_CLUSTER(ID, NOME, SITUACAO, FK_CLUSTER) VALUES(50, 'BRI - QUIXADÁ - CE', 'A', 12);
INSERT INTO SUB_CLUSTER(ID, NOME, SITUACAO, FK_CLUSTER) VALUES(51, 'REMOTO - RIO GRANDE DO NORTE', 'A', 13);
INSERT INTO SUB_CLUSTER(ID, NOME, SITUACAO, FK_CLUSTER) VALUES(52, 'BRI - MOSSORÓ - RN', 'A', 13);
INSERT INTO SUB_CLUSTER(ID, NOME, SITUACAO, FK_CLUSTER) VALUES(53, 'NATAL', 'A', 13);
INSERT INTO SUB_CLUSTER(ID, NOME, SITUACAO, FK_CLUSTER) VALUES(54, 'BRI - PATOS - PB', 'A', 14);
INSERT INTO SUB_CLUSTER(ID, NOME, SITUACAO, FK_CLUSTER) VALUES(55, 'BRI - SOUSA - PB', 'A', 14);
INSERT INTO SUB_CLUSTER(ID, NOME, SITUACAO, FK_CLUSTER) VALUES(56, 'REMOTO - PARAÍBA', 'A', 14);
INSERT INTO SUB_CLUSTER(ID, NOME, SITUACAO, FK_CLUSTER) VALUES(57, 'JOÃO PESSOA', 'A', 14);
INSERT INTO SUB_CLUSTER(ID, NOME, SITUACAO, FK_CLUSTER) VALUES(58, 'CAMPINA GRANDE', 'A', 14);
INSERT INTO SUB_CLUSTER(ID, NOME, SITUACAO, FK_CLUSTER) VALUES(59, 'RECIFE', 'A', 15);
INSERT INTO SUB_CLUSTER(ID, NOME, SITUACAO, FK_CLUSTER) VALUES(60, 'REMOTO - PERNAMBUCO', 'A', 15);
INSERT INTO SUB_CLUSTER(ID, NOME, SITUACAO, FK_CLUSTER) VALUES(61, 'BRI - CARUARU - PE', 'A', 15);
INSERT INTO SUB_CLUSTER(ID, NOME, SITUACAO, FK_CLUSTER) VALUES(62, 'BRI - CABO DE SANTO AGOSTINHO - PE', 'A', 15);
INSERT INTO SUB_CLUSTER(ID, NOME, SITUACAO, FK_CLUSTER) VALUES(63, 'BRI - SANTA CRUZ DO CAPIBARIBE - PE', 'A', 15);
INSERT INTO SUB_CLUSTER(ID, NOME, SITUACAO, FK_CLUSTER) VALUES(64, 'BRI - VITÓRIA DE SANTO ANTÃO - PE', 'A', 15);
INSERT INTO SUB_CLUSTER(ID, NOME, SITUACAO, FK_CLUSTER) VALUES(65, 'BRI - SERRA TALHADA - PE', 'A', 15);
INSERT INTO SUB_CLUSTER(ID, NOME, SITUACAO, FK_CLUSTER) VALUES(66, 'BRI - PETROLINA - PE', 'A', 15);
INSERT INTO SUB_CLUSTER(ID, NOME, SITUACAO, FK_CLUSTER) VALUES(67, 'REMOTO - ALAGOAS', 'A', 16);
INSERT INTO SUB_CLUSTER(ID, NOME, SITUACAO, FK_CLUSTER) VALUES(68, 'BRI - ARAPIRACA - AL', 'A', 16);
INSERT INTO SUB_CLUSTER(ID, NOME, SITUACAO, FK_CLUSTER) VALUES(69, 'BRI - UNIÃO DOS PALMARES - AL', 'A', 16);
INSERT INTO SUB_CLUSTER(ID, NOME, SITUACAO, FK_CLUSTER) VALUES(70, 'MACEIÓ', 'A', 16);
INSERT INTO SUB_CLUSTER(ID, NOME, SITUACAO, FK_CLUSTER) VALUES(71, 'BRI - LAGARTO - SE', 'A', 17);
INSERT INTO SUB_CLUSTER(ID, NOME, SITUACAO, FK_CLUSTER) VALUES(72, 'ARACAJU', 'A', 17);
INSERT INTO SUB_CLUSTER(ID, NOME, SITUACAO, FK_CLUSTER) VALUES(73, 'REMOTO - SERGIPE', 'A', 17);
INSERT INTO SUB_CLUSTER(ID, NOME, SITUACAO, FK_CLUSTER) VALUES(74, 'REMOTO - BAHIA INTERIOR', 'A', 18);
INSERT INTO SUB_CLUSTER(ID, NOME, SITUACAO, FK_CLUSTER) VALUES(75, 'BRI - ALAGOINHAS - BA', 'A', 18);
INSERT INTO SUB_CLUSTER(ID, NOME, SITUACAO, FK_CLUSTER) VALUES(76, 'BRI - GUANAMBI - BA', 'A', 18);
INSERT INTO SUB_CLUSTER(ID, NOME, SITUACAO, FK_CLUSTER) VALUES(77, 'BRI - TEIXEIRA DE FREITAS - BA', 'A', 18);
INSERT INTO SUB_CLUSTER(ID, NOME, SITUACAO, FK_CLUSTER) VALUES(78, 'BRI - ITABUNA - BA', 'A', 18);
INSERT INTO SUB_CLUSTER(ID, NOME, SITUACAO, FK_CLUSTER) VALUES(79, 'BRI - SANTO ANTÔNIO DE JESUS - BA', 'A', 18);
INSERT INTO SUB_CLUSTER(ID, NOME, SITUACAO, FK_CLUSTER) VALUES(80, 'BRI - VITÓRIA DA CONQUISTA - BA', 'A', 18);
INSERT INTO SUB_CLUSTER(ID, NOME, SITUACAO, FK_CLUSTER) VALUES(81, 'BRI - FEIRA DE SANTANA - BA', 'A', 18);
INSERT INTO SUB_CLUSTER(ID, NOME, SITUACAO, FK_CLUSTER) VALUES(82, 'BRI - JACOBINA - BA', 'A', 18);
INSERT INTO SUB_CLUSTER(ID, NOME, SITUACAO, FK_CLUSTER) VALUES(83, 'BRI - BARREIRAS - BA', 'A', 18);
INSERT INTO SUB_CLUSTER(ID, NOME, SITUACAO, FK_CLUSTER) VALUES(84, 'SALVADOR', 'A', 19);
INSERT INTO SUB_CLUSTER(ID, NOME, SITUACAO, FK_CLUSTER) VALUES(85, 'BRI - PATOS DE MINAS - MG', 'A', 20);
INSERT INTO SUB_CLUSTER(ID, NOME, SITUACAO, FK_CLUSTER) VALUES(86, 'REMOTO - OESTE MG', 'A', 20);
INSERT INTO SUB_CLUSTER(ID, NOME, SITUACAO, FK_CLUSTER) VALUES(87, 'TRIÂNGULO MINEIRO', 'A', 20);
INSERT INTO SUB_CLUSTER(ID, NOME, SITUACAO, FK_CLUSTER) VALUES(88, 'BRI - ARAXÁ - MG', 'A', 20);
INSERT INTO SUB_CLUSTER(ID, NOME, SITUACAO, FK_CLUSTER) VALUES(89, 'REMOTO - METROPOLITANA BH', 'A', 21);
INSERT INTO SUB_CLUSTER(ID, NOME, SITUACAO, FK_CLUSTER) VALUES(90, 'BRI - OURO PRETO - MG', 'A', 21);
INSERT INTO SUB_CLUSTER(ID, NOME, SITUACAO, FK_CLUSTER) VALUES(91, 'BRI - ITABIRA - MG', 'A', 21);
INSERT INTO SUB_CLUSTER(ID, NOME, SITUACAO, FK_CLUSTER) VALUES(92, 'GRANDE BELO HORIZONTE', 'A', 21);
INSERT INTO SUB_CLUSTER(ID, NOME, SITUACAO, FK_CLUSTER) VALUES(93, 'BRI - NOVA SERRANA - MG', 'A', 21);
INSERT INTO SUB_CLUSTER(ID, NOME, SITUACAO, FK_CLUSTER) VALUES(94, 'BRI - DIVINÓPOLIS - MG', 'A', 21);
INSERT INTO SUB_CLUSTER(ID, NOME, SITUACAO, FK_CLUSTER) VALUES(95, 'BRI - ITAÚNA - MG', 'A', 21);
INSERT INTO SUB_CLUSTER(ID, NOME, SITUACAO, FK_CLUSTER) VALUES(96, 'BRI - PARÁ DE MINAS - MG', 'A', 21);
INSERT INTO SUB_CLUSTER(ID, NOME, SITUACAO, FK_CLUSTER) VALUES(97, 'BRI - FORMIGA - MG', 'A', 21);
INSERT INTO SUB_CLUSTER(ID, NOME, SITUACAO, FK_CLUSTER) VALUES(98, 'BRI - CARATINGA - MG', 'A', 22);
INSERT INTO SUB_CLUSTER(ID, NOME, SITUACAO, FK_CLUSTER) VALUES(99, 'BRI - CORONEL FABRICIANO - MG', 'A', 22);
INSERT INTO SUB_CLUSTER(ID, NOME, SITUACAO, FK_CLUSTER) VALUES(100, 'REMOTO - NORTE MG', 'A', 22);
INSERT INTO SUB_CLUSTER(ID, NOME, SITUACAO, FK_CLUSTER) VALUES(101, 'BRI - MONTES CLAROS - MG', 'A', 22);
INSERT INTO SUB_CLUSTER(ID, NOME, SITUACAO, FK_CLUSTER) VALUES(102, 'VALE DO AÇO', 'A', 22);
INSERT INTO SUB_CLUSTER(ID, NOME, SITUACAO, FK_CLUSTER) VALUES(103, 'REMOTO - SUL MG', 'A', 23);
INSERT INTO SUB_CLUSTER(ID, NOME, SITUACAO, FK_CLUSTER) VALUES(104, 'BRI - POÇOS DE CALDAS - MG', 'A', 23);
INSERT INTO SUB_CLUSTER(ID, NOME, SITUACAO, FK_CLUSTER) VALUES(105, 'BRI - PASSOS - MG', 'A', 23);
INSERT INTO SUB_CLUSTER(ID, NOME, SITUACAO, FK_CLUSTER) VALUES(106, 'BRI - CONSELHEIRO LAFAIETE - MG', 'A', 23);
INSERT INTO SUB_CLUSTER(ID, NOME, SITUACAO, FK_CLUSTER) VALUES(107, 'BRI - BARBACENA - MG', 'A', 23);
INSERT INTO SUB_CLUSTER(ID, NOME, SITUACAO, FK_CLUSTER) VALUES(108, 'BRI - POUSO ALEGRE - MG', 'A', 23);
INSERT INTO SUB_CLUSTER(ID, NOME, SITUACAO, FK_CLUSTER) VALUES(109, 'BRI - UBÁ - MG', 'A', 23);
INSERT INTO SUB_CLUSTER(ID, NOME, SITUACAO, FK_CLUSTER) VALUES(110, 'ZONA DA MATA', 'A', 23);
INSERT INTO SUB_CLUSTER(ID, NOME, SITUACAO, FK_CLUSTER) VALUES(111, 'BELO HORIZONTE', 'A', 24);
INSERT INTO SUB_CLUSTER(ID, NOME, SITUACAO, FK_CLUSTER) VALUES(112, 'BRI - LINHARES - ES', 'A', 25);
INSERT INTO SUB_CLUSTER(ID, NOME, SITUACAO, FK_CLUSTER) VALUES(113, 'BRI - COLATINA - ES', 'A', 25);
INSERT INTO SUB_CLUSTER(ID, NOME, SITUACAO, FK_CLUSTER) VALUES(114, 'REMOTO - ESPÍRITO SANTO', 'A', 25);
INSERT INTO SUB_CLUSTER(ID, NOME, SITUACAO, FK_CLUSTER) VALUES(115, 'BRI - CACHOEIRO DE ITAPEMIRIM - ES', 'A', 25);
INSERT INTO SUB_CLUSTER(ID, NOME, SITUACAO, FK_CLUSTER) VALUES(116, 'VITÓRIA', 'A', 25);
INSERT INTO SUB_CLUSTER(ID, NOME, SITUACAO, FK_CLUSTER) VALUES(117, 'BRI - ANGRA DOS REIS - RJ', 'A', 26);
INSERT INTO SUB_CLUSTER(ID, NOME, SITUACAO, FK_CLUSTER) VALUES(118, 'BRI - QUEIMADOS - RJ', 'A', 26);
INSERT INTO SUB_CLUSTER(ID, NOME, SITUACAO, FK_CLUSTER) VALUES(119, 'SUL FLUMINENSE', 'A', 26);
INSERT INTO SUB_CLUSTER(ID, NOME, SITUACAO, FK_CLUSTER) VALUES(120, 'BRI - CAMPOS DOS GOYTACAZES - RJ', 'A', 27);
INSERT INTO SUB_CLUSTER(ID, NOME, SITUACAO, FK_CLUSTER) VALUES(121, 'NORTE FLUMINENSE', 'A', 27);
INSERT INTO SUB_CLUSTER(ID, NOME, SITUACAO, FK_CLUSTER) VALUES(122, 'BRI - CABO FRIO - RJ', 'A', 28);
INSERT INTO SUB_CLUSTER(ID, NOME, SITUACAO, FK_CLUSTER) VALUES(123, 'BRI - NOVA FRIBURGO - RJ', 'A', 28);
INSERT INTO SUB_CLUSTER(ID, NOME, SITUACAO, FK_CLUSTER) VALUES(124, 'NITERÓI E SÃO GONÇALO', 'A', 28);
INSERT INTO SUB_CLUSTER(ID, NOME, SITUACAO, FK_CLUSTER) VALUES(125, 'BAIXADA FLUMINENSE', 'A', 29);
INSERT INTO SUB_CLUSTER(ID, NOME, SITUACAO, FK_CLUSTER) VALUES(126, 'SERRA FLUMINENSE', 'A', 29);
INSERT INTO SUB_CLUSTER(ID, NOME, SITUACAO, FK_CLUSTER) VALUES(127, 'RIO DE JANEIRO', 'A', 30);
INSERT INTO SUB_CLUSTER(ID, NOME, SITUACAO, FK_CLUSTER) VALUES(128, 'BRI - ASSIS - SP', 'A', 31);
INSERT INTO SUB_CLUSTER(ID, NOME, SITUACAO, FK_CLUSTER) VALUES(129, 'BRI - DRACENA - SP', 'A', 31);
INSERT INTO SUB_CLUSTER(ID, NOME, SITUACAO, FK_CLUSTER) VALUES(130, 'PRESIDENTE PRUDENTE', 'A', 31);
INSERT INTO SUB_CLUSTER(ID, NOME, SITUACAO, FK_CLUSTER) VALUES(131, 'BRI - VOTUPORANGA - SP', 'A', 32);
INSERT INTO SUB_CLUSTER(ID, NOME, SITUACAO, FK_CLUSTER) VALUES(132, 'BRI - BARRETOS - SP', 'A', 32);
INSERT INTO SUB_CLUSTER(ID, NOME, SITUACAO, FK_CLUSTER) VALUES(133, 'BRI - CATANDUVA - SP', 'A', 32);
INSERT INTO SUB_CLUSTER(ID, NOME, SITUACAO, FK_CLUSTER) VALUES(134, 'SÃO JOSÉ DO RIO PRETO', 'A', 32);
INSERT INTO SUB_CLUSTER(ID, NOME, SITUACAO, FK_CLUSTER) VALUES(135, 'BRI - ITAPIRA - SP', 'A', 33);
INSERT INTO SUB_CLUSTER(ID, NOME, SITUACAO, FK_CLUSTER) VALUES(136, 'BRI - PIRASSUNUNGA - SP', 'A', 33);
INSERT INTO SUB_CLUSTER(ID, NOME, SITUACAO, FK_CLUSTER) VALUES(137, 'AMERICANA', 'A', 33);
INSERT INTO SUB_CLUSTER(ID, NOME, SITUACAO, FK_CLUSTER) VALUES(138, 'LIMEIRA', 'A', 33);
INSERT INTO SUB_CLUSTER(ID, NOME, SITUACAO, FK_CLUSTER) VALUES(139, 'MOGI', 'A', 33);
INSERT INTO SUB_CLUSTER(ID, NOME, SITUACAO, FK_CLUSTER) VALUES(140, 'PIRACICABA', 'A', 33);
INSERT INTO SUB_CLUSTER(ID, NOME, SITUACAO, FK_CLUSTER) VALUES(141, 'CAMPINAS', 'A', 34);
INSERT INTO SUB_CLUSTER(ID, NOME, SITUACAO, FK_CLUSTER) VALUES(142, 'PAULÍNIA', 'A', 34);
INSERT INTO SUB_CLUSTER(ID, NOME, SITUACAO, FK_CLUSTER) VALUES(143, 'BRAGANÇA PAULISTA', 'A', 34);
INSERT INTO SUB_CLUSTER(ID, NOME, SITUACAO, FK_CLUSTER) VALUES(144, 'JUNDIAÍ', 'A', 34);
INSERT INTO SUB_CLUSTER(ID, NOME, SITUACAO, FK_CLUSTER) VALUES(145, 'BRI - LENÇÓIS PAULISTA - SP', 'A', 35);
INSERT INTO SUB_CLUSTER(ID, NOME, SITUACAO, FK_CLUSTER) VALUES(146, 'BOTUCATU', 'A', 35);
INSERT INTO SUB_CLUSTER(ID, NOME, SITUACAO, FK_CLUSTER) VALUES(147, 'BRI - AVARÉ - SP', 'A', 35);
INSERT INTO SUB_CLUSTER(ID, NOME, SITUACAO, FK_CLUSTER) VALUES(148, 'BAURU', 'A', 35);
INSERT INTO SUB_CLUSTER(ID, NOME, SITUACAO, FK_CLUSTER) VALUES(149, 'JAÚ', 'A', 35);
INSERT INTO SUB_CLUSTER(ID, NOME, SITUACAO, FK_CLUSTER) VALUES(150, 'BRI - TATUÍ - SP', 'A', 36);
INSERT INTO SUB_CLUSTER(ID, NOME, SITUACAO, FK_CLUSTER) VALUES(151, 'SOROCABA', 'A', 36);
INSERT INTO SUB_CLUSTER(ID, NOME, SITUACAO, FK_CLUSTER) VALUES(152, 'BRI - ITAPEVA - SP', 'A', 36);
INSERT INTO SUB_CLUSTER(ID, NOME, SITUACAO, FK_CLUSTER) VALUES(153, 'BRI - SÃO ROQUE - SP', 'A', 36);
INSERT INTO SUB_CLUSTER(ID, NOME, SITUACAO, FK_CLUSTER) VALUES(154, 'SALTO', 'A', 36);
INSERT INTO SUB_CLUSTER(ID, NOME, SITUACAO, FK_CLUSTER) VALUES(155, 'ITU', 'A', 36);
INSERT INTO SUB_CLUSTER(ID, NOME, SITUACAO, FK_CLUSTER) VALUES(156, 'BRI - BATATAIS - SP', 'A', 37);
INSERT INTO SUB_CLUSTER(ID, NOME, SITUACAO, FK_CLUSTER) VALUES(157, 'BRI - SÃO JOAQUIM DA BARRA - SP', 'A', 37);
INSERT INTO SUB_CLUSTER(ID, NOME, SITUACAO, FK_CLUSTER) VALUES(158, 'BRI - JABOTICABAL - SP', 'A', 37);
INSERT INTO SUB_CLUSTER(ID, NOME, SITUACAO, FK_CLUSTER) VALUES(159, 'RIBEIRÃO PRETO', 'A', 37);
INSERT INTO SUB_CLUSTER(ID, NOME, SITUACAO, FK_CLUSTER) VALUES(160, 'FRANCA', 'A', 37);
INSERT INTO SUB_CLUSTER(ID, NOME, SITUACAO, FK_CLUSTER) VALUES(161, 'BRI - PENÁPOLIS - SP', 'A', 38);
INSERT INTO SUB_CLUSTER(ID, NOME, SITUACAO, FK_CLUSTER) VALUES(162, 'BRI - FERNANDÓPOLIS - SP', 'A', 38);
INSERT INTO SUB_CLUSTER(ID, NOME, SITUACAO, FK_CLUSTER) VALUES(163, 'ARAÇATUBA', 'A', 38);
INSERT INTO SUB_CLUSTER(ID, NOME, SITUACAO, FK_CLUSTER) VALUES(164, 'BRI - LINS - SP', 'A', 39);
INSERT INTO SUB_CLUSTER(ID, NOME, SITUACAO, FK_CLUSTER) VALUES(165, 'BRI - OURINHOS - SP', 'A', 39);
INSERT INTO SUB_CLUSTER(ID, NOME, SITUACAO, FK_CLUSTER) VALUES(166, 'MARÍLIA', 'A', 39);
INSERT INTO SUB_CLUSTER(ID, NOME, SITUACAO, FK_CLUSTER) VALUES(167, 'ARARAQUARA', 'A', 40);
INSERT INTO SUB_CLUSTER(ID, NOME, SITUACAO, FK_CLUSTER) VALUES(168, 'BRI - PORTO FERREIRA - SP', 'A', 40);
INSERT INTO SUB_CLUSTER(ID, NOME, SITUACAO, FK_CLUSTER) VALUES(169, 'BRI - IBITINGA - SP', 'A', 40);
INSERT INTO SUB_CLUSTER(ID, NOME, SITUACAO, FK_CLUSTER) VALUES(170, 'BRI - MOCOCA - SP', 'A', 40);
INSERT INTO SUB_CLUSTER(ID, NOME, SITUACAO, FK_CLUSTER) VALUES(171, 'SÃO CARLOS', 'A', 40);
INSERT INTO SUB_CLUSTER(ID, NOME, SITUACAO, FK_CLUSTER) VALUES(172, 'VALE', 'A', 41);
INSERT INTO SUB_CLUSTER(ID, NOME, SITUACAO, FK_CLUSTER) VALUES(173, 'BRI - CAMPOS DO JORDÃO - SP', 'A', 41);
INSERT INTO SUB_CLUSTER(ID, NOME, SITUACAO, FK_CLUSTER) VALUES(174, 'TAUBATÉ', 'A', 41);
INSERT INTO SUB_CLUSTER(ID, NOME, SITUACAO, FK_CLUSTER) VALUES(175, 'BRI - CARAGUATATUBA - SP', 'A', 41);
INSERT INTO SUB_CLUSTER(ID, NOME, SITUACAO, FK_CLUSTER) VALUES(176, 'SÃO JOSÉ DOS CAMPOS', 'A', 41);
INSERT INTO SUB_CLUSTER(ID, NOME, SITUACAO, FK_CLUSTER) VALUES(177, 'SP LESTE', 'A', 42);
INSERT INTO SUB_CLUSTER(ID, NOME, SITUACAO, FK_CLUSTER) VALUES(178, 'SP OESTE', 'A', 42);
INSERT INTO SUB_CLUSTER(ID, NOME, SITUACAO, FK_CLUSTER) VALUES(179, 'ABCDM', 'A', 42);
INSERT INTO SUB_CLUSTER(ID, NOME, SITUACAO, FK_CLUSTER) VALUES(180, 'GUARULHOS', 'A', 42);
INSERT INTO SUB_CLUSTER(ID, NOME, SITUACAO, FK_CLUSTER) VALUES(181, 'SÃO PAULO', 'A', 43);
INSERT INTO SUB_CLUSTER(ID, NOME, SITUACAO, FK_CLUSTER) VALUES(182, 'BAIXADA SANTISTA I', 'A', 44);
INSERT INTO SUB_CLUSTER(ID, NOME, SITUACAO, FK_CLUSTER) VALUES(183, 'BRI - ITANHAÉM - SP', 'A', 44);
INSERT INTO SUB_CLUSTER(ID, NOME, SITUACAO, FK_CLUSTER) VALUES(184, 'REMOTO - NORTE DO PARANÁ', 'A', 45);
INSERT INTO SUB_CLUSTER(ID, NOME, SITUACAO, FK_CLUSTER) VALUES(185, 'BRI - PARANAVAÍ - PR', 'A', 45);
INSERT INTO SUB_CLUSTER(ID, NOME, SITUACAO, FK_CLUSTER) VALUES(186, 'BRI - UMUARAMA - PR', 'A', 45);
INSERT INTO SUB_CLUSTER(ID, NOME, SITUACAO, FK_CLUSTER) VALUES(187, 'BRI - TELÊMACO BORBA - PR', 'A', 45);
INSERT INTO SUB_CLUSTER(ID, NOME, SITUACAO, FK_CLUSTER) VALUES(188, 'BRI - APUCARANA - PR', 'A', 45);
INSERT INTO SUB_CLUSTER(ID, NOME, SITUACAO, FK_CLUSTER) VALUES(189, 'LONDRINA', 'A', 45);
INSERT INTO SUB_CLUSTER(ID, NOME, SITUACAO, FK_CLUSTER) VALUES(190, 'BRI - CAMPO MOURÃO - PR', 'A', 45);
INSERT INTO SUB_CLUSTER(ID, NOME, SITUACAO, FK_CLUSTER) VALUES(191, 'MARINGÁ', 'A', 45);
INSERT INTO SUB_CLUSTER(ID, NOME, SITUACAO, FK_CLUSTER) VALUES(192, 'GRANDE CURITIBA', 'A', 46);
INSERT INTO SUB_CLUSTER(ID, NOME, SITUACAO, FK_CLUSTER) VALUES(193, 'BRI - LAPA - PR', 'A', 46);
INSERT INTO SUB_CLUSTER(ID, NOME, SITUACAO, FK_CLUSTER) VALUES(194, 'BRI - PARANAGUÁ - PR', 'A', 46);
INSERT INTO SUB_CLUSTER(ID, NOME, SITUACAO, FK_CLUSTER) VALUES(195, 'CURITIBA', 'A', 46);
INSERT INTO SUB_CLUSTER(ID, NOME, SITUACAO, FK_CLUSTER) VALUES(196, 'BRI - PARANAGUÁ - SC', 'A', 46);
INSERT INTO SUB_CLUSTER(ID, NOME, SITUACAO, FK_CLUSTER) VALUES(197, 'REMOTO - CASCAVEL', 'A', 47);
INSERT INTO SUB_CLUSTER(ID, NOME, SITUACAO, FK_CLUSTER) VALUES(198, 'BRI - FRANCISCO BELTRÃO - PR', 'A', 47);
INSERT INTO SUB_CLUSTER(ID, NOME, SITUACAO, FK_CLUSTER) VALUES(199, 'BRI - FOZ DO IGUAÇU - PR', 'A', 47);
INSERT INTO SUB_CLUSTER(ID, NOME, SITUACAO, FK_CLUSTER) VALUES(200, 'CASCAVEL', 'A', 47);
INSERT INTO SUB_CLUSTER(ID, NOME, SITUACAO, FK_CLUSTER) VALUES(201, 'BRI - TOLEDO - PR', 'A', 47);
INSERT INTO SUB_CLUSTER(ID, NOME, SITUACAO, FK_CLUSTER) VALUES(202, 'REMOTO - PONTA GROSSA', 'A', 48);
INSERT INTO SUB_CLUSTER(ID, NOME, SITUACAO, FK_CLUSTER) VALUES(203, 'PONTA GROSSA', 'A', 48);
INSERT INTO SUB_CLUSTER(ID, NOME, SITUACAO, FK_CLUSTER) VALUES(204, 'BRI - SÃO BENTO DO SUL - PR', 'A', 49);
INSERT INTO SUB_CLUSTER(ID, NOME, SITUACAO, FK_CLUSTER) VALUES(205, 'BRI - CAÇADOR - PR', 'A', 49);
INSERT INTO SUB_CLUSTER(ID, NOME, SITUACAO, FK_CLUSTER) VALUES(206, 'JOINVILLE', 'A', 49);
INSERT INTO SUB_CLUSTER(ID, NOME, SITUACAO, FK_CLUSTER) VALUES(207, 'BRI - CAÇADOR - SC', 'A', 49);
INSERT INTO SUB_CLUSTER(ID, NOME, SITUACAO, FK_CLUSTER) VALUES(208, 'BRI - SÃO BENTO DO SUL - SC', 'A', 49);
INSERT INTO SUB_CLUSTER(ID, NOME, SITUACAO, FK_CLUSTER) VALUES(209, 'REMOTO - PASSO FUNDO - SC', 'A', 50);
INSERT INTO SUB_CLUSTER(ID, NOME, SITUACAO, FK_CLUSTER) VALUES(210, 'BRI - CONCÓRDIA - SC', 'A', 50);
INSERT INTO SUB_CLUSTER(ID, NOME, SITUACAO, FK_CLUSTER) VALUES(211, 'CHAPECÓ', 'A', 50);
INSERT INTO SUB_CLUSTER(ID, NOME, SITUACAO, FK_CLUSTER) VALUES(212, 'REMOTO - PASSO FUNDO - RS', 'A', 50);
INSERT INTO SUB_CLUSTER(ID, NOME, SITUACAO, FK_CLUSTER) VALUES(213, 'PLANALTO', 'A', 50);
INSERT INTO SUB_CLUSTER(ID, NOME, SITUACAO, FK_CLUSTER) VALUES(214, 'REMOTO - VALE DO ITAJAÍ', 'A', 51);
INSERT INTO SUB_CLUSTER(ID, NOME, SITUACAO, FK_CLUSTER) VALUES(215, 'BLUMENAU', 'A', 51);
INSERT INTO SUB_CLUSTER(ID, NOME, SITUACAO, FK_CLUSTER) VALUES(216, 'ITAJAÍ', 'A', 51);
INSERT INTO SUB_CLUSTER(ID, NOME, SITUACAO, FK_CLUSTER) VALUES(217, 'GRANDE FLORIANÓPOLIS', 'A', 52);
INSERT INTO SUB_CLUSTER(ID, NOME, SITUACAO, FK_CLUSTER) VALUES(218, 'REMOTO - FLORIANÓPOLIS', 'A', 52);
INSERT INTO SUB_CLUSTER(ID, NOME, SITUACAO, FK_CLUSTER) VALUES(219, 'FLORIANÓPOLIS', 'A', 52);
INSERT INTO SUB_CLUSTER(ID, NOME, SITUACAO, FK_CLUSTER) VALUES(220, 'BRI - ARARANGUÁ - SC', 'A', 53);
INSERT INTO SUB_CLUSTER(ID, NOME, SITUACAO, FK_CLUSTER) VALUES(221, 'BRI - TUBARÃO - SC', 'A', 53);
INSERT INTO SUB_CLUSTER(ID, NOME, SITUACAO, FK_CLUSTER) VALUES(222, 'CRICIÚMA', 'A', 53);
INSERT INTO SUB_CLUSTER(ID, NOME, SITUACAO, FK_CLUSTER) VALUES(223, 'BAGÉ', 'A', 54);
INSERT INTO SUB_CLUSTER(ID, NOME, SITUACAO, FK_CLUSTER) VALUES(224, 'REMOTO - BAGÉ', 'A', 54);
INSERT INTO SUB_CLUSTER(ID, NOME, SITUACAO, FK_CLUSTER) VALUES(225, 'BRI - CACHOEIRA DO SUL - RS', 'A', 55);
INSERT INTO SUB_CLUSTER(ID, NOME, SITUACAO, FK_CLUSTER) VALUES(226, 'SANTA CRUZ DO SUL', 'A', 55);
INSERT INTO SUB_CLUSTER(ID, NOME, SITUACAO, FK_CLUSTER) VALUES(227, 'REMOTO - SANTA CRUZ', 'A', 55);
INSERT INTO SUB_CLUSTER(ID, NOME, SITUACAO, FK_CLUSTER) VALUES(228, 'BRI - IJUÍ - RS', 'A', 56);
INSERT INTO SUB_CLUSTER(ID, NOME, SITUACAO, FK_CLUSTER) VALUES(229, 'REMOTO - SANTA MARIA', 'A', 56);
INSERT INTO SUB_CLUSTER(ID, NOME, SITUACAO, FK_CLUSTER) VALUES(230, 'BRI - SANTO ÂNGELO - RS', 'A', 56);
INSERT INTO SUB_CLUSTER(ID, NOME, SITUACAO, FK_CLUSTER) VALUES(231, 'SANTA MARIA', 'A', 56);
INSERT INTO SUB_CLUSTER(ID, NOME, SITUACAO, FK_CLUSTER) VALUES(232, 'URUGUAIANA', 'A', 57);
INSERT INTO SUB_CLUSTER(ID, NOME, SITUACAO, FK_CLUSTER) VALUES(233, 'REMOTO - URUGUAIANA', 'A', 57);
INSERT INTO SUB_CLUSTER(ID, NOME, SITUACAO, FK_CLUSTER) VALUES(234, 'BRI - MONTENEGRO - RS', 'A', 58);
INSERT INTO SUB_CLUSTER(ID, NOME, SITUACAO, FK_CLUSTER) VALUES(235, 'GRANDE PORTO ALEGRE', 'A', 58);
INSERT INTO SUB_CLUSTER(ID, NOME, SITUACAO, FK_CLUSTER) VALUES(236, 'REMOTO - PORTO ALEGRE', 'A', 58);
INSERT INTO SUB_CLUSTER(ID, NOME, SITUACAO, FK_CLUSTER) VALUES(237, 'BRI - TAQUARA - RS', 'A', 58);
INSERT INTO SUB_CLUSTER(ID, NOME, SITUACAO, FK_CLUSTER) VALUES(238, 'BRI - TRAMANDAÍ - RS', 'A', 58);
INSERT INTO SUB_CLUSTER(ID, NOME, SITUACAO, FK_CLUSTER) VALUES(239, 'PORTO ALEGRE', 'A', 58);
INSERT INTO SUB_CLUSTER(ID, NOME, SITUACAO, FK_CLUSTER) VALUES(240, 'REMOTO - PELOTAS', 'A', 59);
INSERT INTO SUB_CLUSTER(ID, NOME, SITUACAO, FK_CLUSTER) VALUES(241, 'PELOTAS', 'A', 59);
INSERT INTO SUB_CLUSTER(ID, NOME, SITUACAO, FK_CLUSTER) VALUES(242, 'BRI - VACARIA - RS', 'A', 60);
INSERT INTO SUB_CLUSTER(ID, NOME, SITUACAO, FK_CLUSTER) VALUES(243, 'REMOTO - CAXIAS DO SUL', 'A', 60);
INSERT INTO SUB_CLUSTER(ID, NOME, SITUACAO, FK_CLUSTER) VALUES(244, 'CAXIAS DO SUL', 'A', 60);
INSERT INTO SUB_CLUSTER(ID, NOME, SITUACAO, FK_CLUSTER) VALUES(26600, 'CHAPECÓ', 'A', 7700);