-- APLICACOES --
INSERT INTO APLICACAO (ID, NOME, CODIGO) VALUES (1, 'AUTENTICAÇÃO', 'AUT');
INSERT INTO APLICACAO (ID, NOME, CODIGO) VALUES (2, 'PARCEIROS ONLINE', 'POL');
INSERT INTO APLICACAO (ID, NOME, CODIGO) VALUES (3, 'VENDAS', 'VDS');
INSERT INTO APLICACAO (ID, NOME, CODIGO) VALUES (4, 'MAILING', 'MLG');
INSERT INTO APLICACAO (ID, NOME, CODIGO) VALUES (5, 'SIMULADOR DE PRODUTOS', 'SML');

INSERT INTO NIVEL (ID, NOME, CODIGO, FK_APLICACAO, SITUACAO) VALUES (1, 'X-BRAIN', 'XBRAIN', 1, 'A');
INSERT INTO NIVEL (ID, NOME, CODIGO, FK_APLICACAO, SITUACAO) VALUES (2, 'MSO', 'MSO', 1, 'A');
INSERT INTO NIVEL (ID, NOME, CODIGO, FK_APLICACAO, SITUACAO) VALUES (3, 'OPERAÇÃO', 'OPERACAO', 1, 'A');

INSERT INTO CARGO (ID, NOME, CODIGO, FK_NIVEL, SITUACAO) VALUES (1, 'ADMINISTRADOR', 'ADMINISTRADOR', 1, 'A');
INSERT INTO CARGO (ID, NOME, CODIGO, FK_NIVEL, SITUACAO) VALUES (2, 'ANALISTA DE SUPORTE', 'ANALISTA_SUPORTE', 1, 'A');

INSERT INTO DEPARTAMENTO (ID, NOME, CODIGO, FK_NIVEL, SITUACAO) VALUES (1, 'DESENVOLVIMENTO', 'DESENVOLVIMENTO', 1, 'A');
INSERT INTO DEPARTAMENTO (ID, NOME, CODIGO, FK_NIVEL, SITUACAO) VALUES (2, 'HELP DESK', 'HELP_DESK', 1, 'A');

-- FUNCIONALIDADES --
INSERT INTO FUNCIONALIDADE (ID, NOME, ROLE, FK_APLICACAO) VALUES (1, 'GERENCIAR USUÁRIOS', 'AUT_GER_USUARIO', 1);
INSERT INTO FUNCIONALIDADE (ID, NOME, ROLE, FK_APLICACAO) VALUES (2, 'GERENCIAR PRODUTOS', 'SML_GER_PRODUTO', 5);

-- PERMISSAO - ADMINISTRADOR DESENVOLVIMENTO
INSERT INTO CARGO_DEPART_FUNC (ID, FK_CARGO, FK_DEPARTAMENTO, FK_FUNCIONALIDADE) VALUES (SEQ_CARGO_DEPART_FUNC.nextval, 1, 1, 1);
INSERT INTO CARGO_DEPART_FUNC (ID, FK_CARGO, FK_DEPARTAMENTO, FK_FUNCIONALIDADE) VALUES (SEQ_CARGO_DEPART_FUNC.nextval, 1, 1, 2);

-- PERMISSAO - ANALISTA SUPORTE HELP DESK
INSERT INTO CARGO_DEPART_FUNC (ID, FK_CARGO, FK_DEPARTAMENTO, FK_FUNCIONALIDADE) VALUES (SEQ_CARGO_DEPART_FUNC.nextval, 2, 2, 2);


