-- MARCA --
INSERT INTO MARCA (ID, NOME, CODIGO) VALUES (1, 'Claro', 'CLARO');
INSERT INTO MARCA (ID, NOME, CODIGO) VALUES (2, 'NET', 'NET');
INSERT INTO MARCA (ID, NOME, CODIGO) VALUES (3, 'Xbrain', 'XBRAIN');

-- EMPRESA --
INSERT INTO EMPRESA (ID, NOME, FK_MARCA, FK_UNIDADE_NEGOCIO, CODIGO, SITUACAO) VALUES (1, 'Claro Móvel', 1, 1, 'CLARO_MOVEL', 'A');
INSERT INTO EMPRESA (ID, NOME, FK_MARCA, FK_UNIDADE_NEGOCIO, CODIGO, SITUACAO) VALUES (2, 'Claro TV', 1, 2, 'CLARO_TV', 'A');
INSERT INTO EMPRESA (ID, NOME, FK_MARCA, FK_UNIDADE_NEGOCIO, CODIGO, SITUACAO) VALUES (3, 'NET', 2, 2, 'NET', 'A');
INSERT INTO EMPRESA (ID, NOME, FK_MARCA, FK_UNIDADE_NEGOCIO, CODIGO, SITUACAO) VALUES (4, 'Xbrain', 3, 3, 'XBRAIN', 'A');

-- APLICACOES --
INSERT INTO APLICACAO (ID, NOME, CODIGO) VALUES (1, 'AUTENTICAÇÃO', 'AUT');
INSERT INTO APLICACAO (ID, NOME, CODIGO) VALUES (2, 'PARCEIROS ONLINE', 'POL');
INSERT INTO APLICACAO (ID, NOME, CODIGO) VALUES (3, 'VENDAS', 'VDS');
INSERT INTO APLICACAO (ID, NOME, CODIGO) VALUES (4, 'MAILING', 'MLG');
INSERT INTO APLICACAO (ID, NOME, CODIGO) VALUES (5, 'SIMULADOR DE PRODUTOS', 'SML');

-- NIVEL --
INSERT INTO NIVEL (ID, NOME, CODIGO, FK_APLICACAO, SITUACAO) VALUES (1, 'X-BRAIN', 'XBRAIN', 1, 'A');
INSERT INTO NIVEL (ID, NOME, CODIGO, FK_APLICACAO, SITUACAO) VALUES (2, 'MSO', 'MSO', 1, 'A');
INSERT INTO NIVEL (ID, NOME, CODIGO, FK_APLICACAO, SITUACAO) VALUES (3, 'OPERAÇÃO', 'OPERACAO', 1, 'A');

-- CARGO --
INSERT INTO CARGO (ID, NOME, CODIGO, FK_NIVEL, SITUACAO) VALUES (1, 'ADMINISTRADOR', 'ADMINISTRADOR', 1, 'A');
INSERT INTO CARGO (ID, NOME, CODIGO, FK_NIVEL, SITUACAO) VALUES (2, 'ANALISTA DE SUPORTE', 'ANALISTA_SUPORTE', 1, 'A');
INSERT INTO CARGO (ID, NOME, FK_NIVEL, SITUACAO) VALUES (3, 'Consultor', 1, 'A');
INSERT INTO CARGO (ID, NOME, CODIGO, FK_NIVEL, SITUACAO) VALUES (4, 'Coordenador', 'COORDENADOR_OPERACAO',  1, 'A');
INSERT INTO CARGO (ID, NOME, CODIGO, FK_NIVEL, SITUACAO) VALUES (5, 'Executivo', 'EXECUTIVO', 1, 'A');
INSERT INTO CARGO (ID, NOME, FK_NIVEL, SITUACAO) VALUES (6, 'Diretor', 1, 'A');
INSERT INTO CARGO (ID, NOME, CODIGO, FK_NIVEL, SITUACAO) VALUES (7, 'Gerente', 'GERENTE_OPERACAO', 1, 'A');
INSERT INTO CARGO (ID, NOME, FK_NIVEL, SITUACAO) VALUES (8, 'Vendedor', 1, 'A');
INSERT INTO CARGO (ID, NOME, FK_NIVEL, SITUACAO) VALUES (9, 'Técnico', 1, 'A');

-- Mso --
-- Operação --
INSERT INTO CARGO (ID, NOME, FK_NIVEL, SITUACAO) VALUES (20, 'Analista', 2, 'A');
INSERT INTO CARGO (ID, NOME, FK_NIVEL, SITUACAO) VALUES (21, 'Assistente', 2, 'A');
INSERT INTO CARGO (ID, NOME, FK_NIVEL, SITUACAO) VALUES (22, 'Consultor', 2, 'A');
INSERT INTO CARGO (ID, NOME, FK_NIVEL, SITUACAO) VALUES (23, 'Coordenador', 2, 'A');
INSERT INTO CARGO (ID, NOME, FK_NIVEL, SITUACAO) VALUES (24, 'Gerente', 2, 'A');
INSERT INTO CARGO (ID, NOME, FK_NIVEL, SITUACAO) VALUES (25, 'Diretor', 2, 'A');

-- Agente Autorizado --
INSERT INTO CARGO (ID, NOME, CODIGO, FK_NIVEL, SITUACAO) VALUES (40, 'Aceite', 'AGENTE_AUTORIZADO_ACEITE', 3, 'A');
INSERT INTO CARGO (ID, NOME, CODIGO, FK_NIVEL, SITUACAO) VALUES (41, 'Sócio Principal', 'AGENTE_AUTORIZADO_SOCIO', 3, 'A');
INSERT INTO CARGO (ID, NOME, CODIGO, FK_NIVEL, SITUACAO) VALUES (42, 'Sócio Secundário', 'AGENTE_AUTORIZADO_SOCIO_SECUNDARIO', 3, 'A');
INSERT INTO CARGO (ID, NOME, CODIGO, FK_NIVEL, SITUACAO) VALUES (43, 'Aprendiz', '', 3, 'A');
INSERT INTO CARGO (ID, NOME, CODIGO, FK_NIVEL, SITUACAO) VALUES (44, 'Assistente', '', 3, 'A');
INSERT INTO CARGO (ID, NOME, CODIGO, FK_NIVEL, SITUACAO) VALUES (45, 'Coordenador', '', 3, 'A');
INSERT INTO CARGO (ID, NOME, CODIGO, FK_NIVEL, SITUACAO) VALUES (46, 'Empresário', '', 3, 'A');
INSERT INTO CARGO (ID, NOME, CODIGO, FK_NIVEL, SITUACAO) VALUES (47, 'Gerente', 'AGENTE_AUTORIZADO_GERENTE', 3, 'A');
INSERT INTO CARGO (ID, NOME, CODIGO, FK_NIVEL, SITUACAO) VALUES (48, 'Supervisor', 'AGENTE_AUTORIZADO_SUPERVISOR', 3, 'A');
INSERT INTO CARGO (ID, NOME, CODIGO, FK_NIVEL, SITUACAO) VALUES (49, 'Vendedor', 'AGENTE_AUTORIZADO_VENDEDOR', 3, 'A');

-- Xbrain --
INSERT INTO CARGO (ID, NOME, FK_NIVEL, SITUACAO) VALUES (50, 'Administrador', 3, 'A');
INSERT INTO CARGO (ID, NOME, FK_NIVEL, SITUACAO) VALUES (51, 'Analista de Suporte', 3, 'A');

-- DEPARTAMENTO --
-- Operação --
INSERT INTO DEPARTAMENTO (ID, NOME, FK_NIVEL, SITUACAO) VALUES (1, 'Administrativo', 1, 'A');
INSERT INTO DEPARTAMENTO (ID, NOME, FK_NIVEL, SITUACAO) VALUES (2, 'Backoffice', 1, 'A');
INSERT INTO DEPARTAMENTO (ID, NOME, CODIGO, FK_NIVEL, SITUACAO) VALUES (3, 'Comercial', 'COMERCIAL', 1, 'A');
INSERT INTO DEPARTAMENTO (ID, NOME, FK_NIVEL, SITUACAO) VALUES (4, 'Comunicação', 1, 'A');
INSERT INTO DEPARTAMENTO (ID, NOME, FK_NIVEL, SITUACAO) VALUES (5, 'Endomarketing', 1, 'A');
INSERT INTO DEPARTAMENTO (ID, NOME, FK_NIVEL, SITUACAO) VALUES (6, 'Marketing', 1, 'A');
INSERT INTO DEPARTAMENTO (ID, NOME, FK_NIVEL, SITUACAO) VALUES (7, 'Planejamento Comercial', 1, 'A');
INSERT INTO DEPARTAMENTO (ID, NOME, FK_NIVEL, SITUACAO) VALUES (8, 'Processos Comercial', 1, 'A');
INSERT INTO DEPARTAMENTO (ID, NOME, FK_NIVEL, SITUACAO) VALUES (9, 'Projetos', 1, 'A');
INSERT INTO DEPARTAMENTO (ID, NOME, FK_NIVEL, SITUACAO) VALUES (10, 'Suporte Comercial', 1, 'A');
INSERT INTO DEPARTAMENTO (ID, NOME, FK_NIVEL, SITUACAO) VALUES (11, 'Trade Marketing', 1, 'A');
INSERT INTO DEPARTAMENTO (ID, NOME, FK_NIVEL, SITUACAO) VALUES (12, 'Treinamento', 1, 'A');

-- Mso  --
INSERT INTO DEPARTAMENTO (ID, NOME, FK_NIVEL, SITUACAO) VALUES (20, 'Administrativo', 2, 'A');
INSERT INTO DEPARTAMENTO (ID, NOME, FK_NIVEL, SITUACAO) VALUES (21, 'Comercial', 2, 'A');
INSERT INTO DEPARTAMENTO (ID, NOME, FK_NIVEL, SITUACAO) VALUES (22, 'Comunicação', 2, 'A');
INSERT INTO DEPARTAMENTO (ID, NOME, FK_NIVEL, SITUACAO) VALUES (23, 'Endomarketing', 2, 'A');
INSERT INTO DEPARTAMENTO (ID, NOME, FK_NIVEL, SITUACAO) VALUES (24, 'Marketing', 2, 'A');
INSERT INTO DEPARTAMENTO (ID, NOME, FK_NIVEL, SITUACAO) VALUES (25, 'Planejamento Comercial', 2, 'A');
INSERT INTO DEPARTAMENTO (ID, NOME, FK_NIVEL, SITUACAO) VALUES (26, 'Processos Comercial', 2, 'A');
INSERT INTO DEPARTAMENTO (ID, NOME, FK_NIVEL, SITUACAO) VALUES (27, 'Projetos', 2, 'A');
INSERT INTO DEPARTAMENTO (ID, NOME, FK_NIVEL, SITUACAO) VALUES (28, 'Suporte Comercial', 2, 'A');
INSERT INTO DEPARTAMENTO (ID, NOME, FK_NIVEL, SITUACAO) VALUES (29, 'Trade Marketing', 2, 'A');
INSERT INTO DEPARTAMENTO (ID, NOME, FK_NIVEL, SITUACAO) VALUES (30, 'Treinamento', 2, 'A');

-- Agente Autorizado --
INSERT INTO DEPARTAMENTO (ID, NOME, CODIGO, FK_NIVEL, SITUACAO) VALUES (40, 'Agente Autorizado', 'AGENTE_AUTORIZADO', 3, 'A');

-- Xbrain --
INSERT INTO DEPARTAMENTO (ID, NOME, FK_NIVEL, SITUACAO) VALUES (50, 'Administrador', 3, 'A');
INSERT INTO DEPARTAMENTO (ID, NOME, FK_NIVEL, SITUACAO) VALUES (51, 'HelpDesk', 3, 'A');