-- MARCA --
INSERT INTO MARCA (ID, NOME, CODIGO) VALUES (1, 'Claro', 'CLARO');
INSERT INTO MARCA (ID, NOME, CODIGO) VALUES (2, 'NET', 'NET');
INSERT INTO MARCA (ID, NOME, CODIGO) VALUES (3, 'Xbrain', 'XBRAIN');

-- EMPRESA --
INSERT INTO EMPRESA (ID, NOME, FK_MARCA, FK_UNIDADE_NEGOCIO, CODIGO, SITUACAO) VALUES (1, 'Claro Móvel', 1, 1, 'CLARO_MOVEL', 'A');
INSERT INTO EMPRESA (ID, NOME, FK_MARCA, FK_UNIDADE_NEGOCIO, CODIGO, SITUACAO) VALUES (2, 'Claro TV', 1, 2, 'CLARO_TV', 'A');
INSERT INTO EMPRESA (ID, NOME, FK_MARCA, FK_UNIDADE_NEGOCIO, CODIGO, SITUACAO) VALUES (3, 'NET', 2, 2, 'NET', 'A');
INSERT INTO EMPRESA (ID, NOME, FK_MARCA, FK_UNIDADE_NEGOCIO, CODIGO, SITUACAO) VALUES (4, 'Xbrain', 3, 3, 'XBRAIN', 'A');

-- APLICACOES --
INSERT INTO APLICACAO (ID, NOME, CODIGO) VALUES (1, 'AUTENTICAÇÃO', 'AUT');
INSERT INTO APLICACAO (ID, NOME, CODIGO) VALUES (2, 'PARCEIROS ONLINE', 'POL');
INSERT INTO APLICACAO (ID, NOME, CODIGO) VALUES (3, 'VENDAS', 'VDS');
INSERT INTO APLICACAO (ID, NOME, CODIGO) VALUES (4, 'MAILING', 'MLG');
INSERT INTO APLICACAO (ID, NOME, CODIGO) VALUES (5, 'SIMULADOR DE PRODUTOS', 'SML');
INSERT INTO APLICACAO (ID, NOME, CODIGO) VALUES (6, 'FERRAMENTA DE CRIAÇÃO DE PRODUTOS', 'FCP');

-- NIVEL --
INSERT INTO NIVEL(ID, CODIGO, EXIBIR_CAD_USUARIO, NOME, SITUACAO) VALUES(1, 'OPERACAO', 'V', 'Operação', 'A');
INSERT INTO NIVEL(ID, CODIGO, EXIBIR_CAD_USUARIO, NOME, SITUACAO) VALUES(2, 'MSO', 'V', 'MSO', 'A');
INSERT INTO NIVEL(ID, CODIGO, EXIBIR_CAD_USUARIO, NOME, SITUACAO) VALUES(3, 'AGENTE_AUTORIZADO', 'F', 'Agente Autorizado', 'A');
INSERT INTO NIVEL(ID, CODIGO, EXIBIR_CAD_USUARIO, NOME, SITUACAO) VALUES(4, 'XBRAIN', 'V', 'X-BRAIN', 'A');

-- CARGO --
INSERT INTO CARGO (ID, CODIGO, NOME, SITUACAO, FK_NIVEL) VALUES (1, NULL, 'Analista', 'A', 1);
INSERT INTO CARGO (ID, CODIGO, NOME, SITUACAO, FK_NIVEL) VALUES (2, 'ASSISTENTE_OPERACAO', 'Assistente', 'A', 1);
INSERT INTO CARGO (ID, CODIGO, NOME, SITUACAO, FK_NIVEL) VALUES (3, NULL, 'Consultor', 'A', 1);
INSERT INTO CARGO (ID, CODIGO, NOME, SITUACAO, FK_NIVEL) VALUES (4, 'COORDENADOR_OPERACAO', 'Coordenador', 'A', 1);
INSERT INTO CARGO (ID, CODIGO, NOME, SITUACAO, FK_NIVEL) VALUES (5, 'EXECUTIVO', 'Executivo', 'A', 1);
INSERT INTO CARGO (ID, CODIGO, NOME, SITUACAO, FK_NIVEL) VALUES (6, NULL, 'Diretor', 'A', 1);
INSERT INTO CARGO (ID, CODIGO, NOME, SITUACAO, FK_NIVEL) VALUES (7, 'GERENTE_OPERACAO', 'Gerente', 'A', 1);
INSERT INTO CARGO (ID, CODIGO, NOME, SITUACAO, FK_NIVEL) VALUES (8, NULL, 'Vendedor', 'A', 1);
INSERT INTO CARGO (ID, CODIGO, NOME, SITUACAO, FK_NIVEL) VALUES (9, NULL, 'Técnico', 'A', 1);
INSERT INTO CARGO (ID, CODIGO, NOME, SITUACAO, FK_NIVEL) VALUES (20, NULL, 'Analista', 'A', 2);
INSERT INTO CARGO (ID, CODIGO, NOME, SITUACAO, FK_NIVEL) VALUES (21, NULL, 'Assistente', 'A', 2);
INSERT INTO CARGO (ID, CODIGO, NOME, SITUACAO, FK_NIVEL) VALUES (22, 'MSO_CONSULTOR', 'Consultor', 'A', 2);
INSERT INTO CARGO (ID, CODIGO, NOME, SITUACAO, FK_NIVEL) VALUES (23, NULL, 'Coordenador', 'A', 2);
INSERT INTO CARGO (ID, CODIGO, NOME, SITUACAO, FK_NIVEL) VALUES (24, NULL, 'Gerente', 'A', 2);
INSERT INTO CARGO (ID, CODIGO, NOME, SITUACAO, FK_NIVEL) VALUES (25, NULL, 'Diretor', 'A', 2);
INSERT INTO CARGO (ID, CODIGO, NOME, SITUACAO, FK_NIVEL) VALUES (40, 'AGENTE_AUTORIZADO_ACEITE', 'Aceite', 'A', 3);
INSERT INTO CARGO (ID, CODIGO, NOME, SITUACAO, FK_NIVEL) VALUES (41, 'AGENTE_AUTORIZADO_SOCIO', 'Sócio Principal', 'A', 3);
INSERT INTO CARGO (ID, CODIGO, NOME, SITUACAO, FK_NIVEL) VALUES (42, 'AGENTE_AUTORIZADO_SOCIO_SECUNDARIO', 'Sócio Secundário', 'A', 3);
INSERT INTO CARGO (ID, CODIGO, NOME, SITUACAO, FK_NIVEL) VALUES (43, NULL, 'Aprendiz', 'A', 3);
INSERT INTO CARGO (ID, CODIGO, NOME, SITUACAO, FK_NIVEL) VALUES (44, NULL, 'Assistente', 'A', 3);
INSERT INTO CARGO (ID, CODIGO, NOME, SITUACAO, FK_NIVEL) VALUES (45, NULL, 'Coordenador', 'A', 3);
INSERT INTO CARGO (ID, CODIGO, NOME, SITUACAO, FK_NIVEL) VALUES (46, NULL, 'Empresário', 'A', 3);
INSERT INTO CARGO (ID, CODIGO, NOME, SITUACAO, FK_NIVEL) VALUES (47, 'AGENTE_AUTORIZADO_GERENTE', 'Gerente', 'A', 3);
INSERT INTO CARGO (ID, CODIGO, NOME, SITUACAO, FK_NIVEL) VALUES (48, 'AGENTE_AUTORIZADO_SUPERVISOR', 'Supervisor', 'A', 3);
INSERT INTO CARGO (ID, CODIGO, NOME, SITUACAO, FK_NIVEL) VALUES (49, 'AGENTE_AUTORIZADO_VENDEDOR', 'Vendedor', 'A', 3);
INSERT INTO CARGO (ID, CODIGO, NOME, SITUACAO, FK_NIVEL) VALUES (50, 'EXECUTIVO', 'Administrador', 'A', 4);
INSERT INTO CARGO (ID, CODIGO, NOME, SITUACAO, FK_NIVEL) VALUES (51, 'AGENTE_AUTORIZADO_SUPERVISOR_XBRAIN', 'Analista de Suporte', 'A', 4);
INSERT INTO CARGO (ID, CODIGO, NOME, SITUACAO, FK_NIVEL) VALUES (52, NULL, 'Auditoria', 'A', 2);

-- DEPARTAMENTO --
-- Operação --
INSERT INTO DEPARTAMENTO (ID, NOME, FK_NIVEL, SITUACAO) VALUES (1, 'Administrativo', 4, 'A');
INSERT INTO DEPARTAMENTO (ID, NOME, FK_NIVEL, SITUACAO) VALUES (2, 'Backoffice', 4, 'A');
INSERT INTO DEPARTAMENTO (ID, NOME, CODIGO, FK_NIVEL, SITUACAO) VALUES (3, 'Comercial', 'COMERCIAL', 4, 'A');
INSERT INTO DEPARTAMENTO (ID, NOME, FK_NIVEL, SITUACAO) VALUES (4, 'Comunicação', 4, 'A');
INSERT INTO DEPARTAMENTO (ID, NOME, FK_NIVEL, SITUACAO) VALUES (5, 'Endomarketing', 4, 'A');
INSERT INTO DEPARTAMENTO (ID, NOME, FK_NIVEL, SITUACAO) VALUES (6, 'Marketing', 4, 'A');
INSERT INTO DEPARTAMENTO (ID, NOME, FK_NIVEL, SITUACAO) VALUES (7, 'Planejamento Comercial', 4, 'A');
INSERT INTO DEPARTAMENTO (ID, NOME, FK_NIVEL, SITUACAO) VALUES (8, 'Processos Comercial', 4, 'A');
INSERT INTO DEPARTAMENTO (ID, NOME, FK_NIVEL, SITUACAO) VALUES (9, 'Projetos', 4, 'A');
INSERT INTO DEPARTAMENTO (ID, NOME, FK_NIVEL, SITUACAO) VALUES (10, 'Suporte Comercial', 4, 'A');
INSERT INTO DEPARTAMENTO (ID, NOME, FK_NIVEL, SITUACAO) VALUES (11, 'Trade Marketing', 4, 'A');
INSERT INTO DEPARTAMENTO (ID, NOME, FK_NIVEL, SITUACAO) VALUES (12, 'Treinamento', 4, 'A');

-- Mso  --
INSERT INTO DEPARTAMENTO (ID, NOME, FK_NIVEL, SITUACAO) VALUES (20, 'Administrativo', 2, 'A');
INSERT INTO DEPARTAMENTO (ID, NOME, FK_NIVEL, SITUACAO) VALUES (21, 'Comercial', 2, 'A');
INSERT INTO DEPARTAMENTO (ID, NOME, FK_NIVEL, SITUACAO) VALUES (22, 'Comunicação', 2, 'A');
INSERT INTO DEPARTAMENTO (ID, NOME, FK_NIVEL, SITUACAO) VALUES (23, 'Endomarketing', 2, 'A');
INSERT INTO DEPARTAMENTO (ID, NOME, FK_NIVEL, SITUACAO) VALUES (24, 'Marketing', 2, 'A');
INSERT INTO DEPARTAMENTO (ID, NOME, FK_NIVEL, SITUACAO) VALUES (25, 'Planejamento Comercial', 2, 'A');
INSERT INTO DEPARTAMENTO (ID, NOME, FK_NIVEL, SITUACAO) VALUES (26, 'Processos Comercial', 2, 'A');
INSERT INTO DEPARTAMENTO (ID, NOME, FK_NIVEL, SITUACAO) VALUES (27, 'Projetos', 2, 'A');
INSERT INTO DEPARTAMENTO (ID, NOME, FK_NIVEL, SITUACAO) VALUES (28, 'Suporte Comercial', 2, 'A');
INSERT INTO DEPARTAMENTO (ID, NOME, FK_NIVEL, SITUACAO) VALUES (29, 'Trade Marketing', 2, 'A');
INSERT INTO DEPARTAMENTO (ID, NOME, FK_NIVEL, SITUACAO) VALUES (30, 'Treinamento', 2, 'A');

-- Agente Autorizado --
INSERT INTO DEPARTAMENTO (ID, NOME, CODIGO, FK_NIVEL, SITUACAO) VALUES (40, 'Agente Autorizado', 'AGENTE_AUTORIZADO', 4, 'A');

-- Xbrain --
INSERT INTO DEPARTAMENTO (ID, NOME, CODIGO, FK_NIVEL, SITUACAO) VALUES (50, 'Administrador', 'ADMINISTRADOR', 4, 'A');
INSERT INTO DEPARTAMENTO (ID, NOME, CODIGO, FK_NIVEL, SITUACAO) VALUES (51, 'HelpDesk', 'HELP_DESK', 4, 'A');