-- MARCA --
INSERT INTO MARCA (ID, NOME, CODIGO) VALUES (1, 'Claro', 'CLARO');
INSERT INTO MARCA (ID, NOME, CODIGO) VALUES (2, 'NET', 'NET');
INSERT INTO MARCA (ID, NOME, CODIGO) VALUES (3, 'Xbrain', 'XBRAIN');

-- EMPRESA --
INSERT INTO EMPRESA (ID, NOME, FK_MARCA, FK_UNIDADE_NEGOCIO, CODIGO, SITUACAO) VALUES (1, 'Claro Móvel', 1, 1, 'CLARO_MOVEL', 'A');
INSERT INTO EMPRESA (ID, NOME, FK_MARCA, FK_UNIDADE_NEGOCIO, CODIGO, SITUACAO) VALUES (2, 'Claro TV', 1, 2, 'CLARO_TV', 'A');
INSERT INTO EMPRESA (ID, NOME, FK_MARCA, FK_UNIDADE_NEGOCIO, CODIGO, SITUACAO) VALUES (3, 'NET', 2, 2, 'NET', 'A');
INSERT INTO EMPRESA (ID, NOME, FK_MARCA, FK_UNIDADE_NEGOCIO, CODIGO, SITUACAO) VALUES (4, 'Xbrain', 3, 3, 'XBRAIN', 'A');

-- APLICACOES --
INSERT INTO APLICACAO (ID, NOME, CODIGO) VALUES (1, 'AUTENTICAÇÃO', 'AUT');
INSERT INTO APLICACAO (ID, NOME, CODIGO) VALUES (2, 'PARCEIROS ONLINE', 'POL');
INSERT INTO APLICACAO (ID, NOME, CODIGO) VALUES (3, 'VENDAS', 'VDS');
INSERT INTO APLICACAO (ID, NOME, CODIGO) VALUES (4, 'MAILING', 'MLG');
INSERT INTO APLICACAO (ID, NOME, CODIGO) VALUES (5, 'SIMULADOR DE PRODUTOS', 'SML');
INSERT INTO APLICACAO (ID, NOME, CODIGO) VALUES (6, 'FERRAMENTA DE CRIAÇÃO DE PRODUTOS', 'FCP');
INSERT INTO APLICACAO (ID, NOME, CODIGO) VALUES (7, 'VAREJO', 'VAR');
INSERT INTO APLICACAO (ID, NOME, CODIGO) VALUES (8, 'INTEGRAÇÃO', 'INT');
INSERT INTO APLICACAO (ID, NOME, CODIGO) VALUES (11, 'CONEXÃO GESTÃO', 'COG');
INSERT INTO APLICACAO (ID, NOME, CODIGO) VALUES (13, 'EQUIPE VENDAS', 'EVD');
INSERT INTO APLICACAO (ID, NOME, CODIGO) VALUES (14, 'CONTATO CRN', 'CRN');
INSERT INTO APLICACAO (ID, NOME, CODIGO) VALUES (15, 'CHAMADO', 'CHM');
INSERT INTO APLICACAO (ID, NOME, CODIGO) VALUES (17, 'RELATÓRIOS', 'REL');
INSERT INTO APLICACAO (ID, NOME, CODIGO) VALUES (18, 'OUVIDORIA', 'OUV');
INSERT INTO APLICACAO (ID, NOME, CODIGO) VALUES (19, 'BRIEFING', 'BRF');
INSERT INTO APLICACAO (ID, NOME, CODIGO) VALUES (20, 'CONTROLE', 'CTR');

-- NIVEL --
INSERT INTO NIVEL(ID, CODIGO, EXIBIR_CAD_USUARIO, NOME, SITUACAO) VALUES(1, 'OPERACAO', 'V', 'Operação', 'A');
INSERT INTO NIVEL(ID, CODIGO, EXIBIR_CAD_USUARIO, NOME, SITUACAO) VALUES(2, 'MSO', 'V', 'MSO', 'A');
INSERT INTO NIVEL(ID, CODIGO, EXIBIR_CAD_USUARIO, NOME, SITUACAO) VALUES(3, 'AGENTE_AUTORIZADO', 'F', 'Agente Autorizado', 'A');
INSERT INTO NIVEL(ID, CODIGO, EXIBIR_CAD_USUARIO, NOME, SITUACAO) VALUES(4, 'XBRAIN', 'V', 'X-BRAIN', 'A');
INSERT INTO NIVEL(ID, CODIGO, EXIBIR_CAD_USUARIO, NOME, SITUACAO) VALUES(5, 'VAREJO', 'F', 'Varejo', 'A');
INSERT INTO NIVEL(ID, CODIGO, EXIBIR_CAD_USUARIO, NOME, SITUACAO) VALUES(6, 'ATP', 'V', 'Atendimento Pessoal', 'A');
INSERT INTO NIVEL(ID, CODIGO, EXIBIR_CAD_USUARIO, NOME, SITUACAO) VALUES(7, 'LOJAS', 'V', 'Lojas', 'A');
INSERT INTO NIVEL(ID, CODIGO, EXIBIR_CAD_USUARIO, NOME, SITUACAO) VALUES(8, 'RECEPTIVO', 'V', 'Receptivo', 'A');
INSERT INTO NIVEL(ID, CODIGO, EXIBIR_CAD_USUARIO, NOME, SITUACAO) VALUES(9, 'ATIVO_LOCAL_PROPRIO', 'V', 'Ativo Local Proprio', 'A');
INSERT INTO NIVEL(ID, CODIGO, EXIBIR_CAD_USUARIO, NOME, SITUACAO) VALUES(10, 'ATIVO_LOCAL_TERCEIRO', 'V', 'Ativo Local Terceiro', 'A');
INSERT INTO NIVEL(ID, CODIGO, EXIBIR_CAD_USUARIO, NOME, SITUACAO) VALUES(11, 'ATIVO_NACIONAL_TERCEIRO', 'V', 'Ativo Nacional Terceiro', 'A');
INSERT INTO NIVEL(ID, CODIGO, EXIBIR_CAD_USUARIO, NOME, SITUACAO) VALUES(12, 'ATIVO_NACIONAL_TERCEIRO_SEGMENTADO', 'V', 'Ativo Nacional Terceiro Segmentado', 'A');
INSERT INTO NIVEL(ID, CODIGO, EXIBIR_CAD_USUARIO, NOME, SITUACAO) VALUES(13, 'ATIVO_RENTABILIZACAO', 'V', 'Ativo Rentabilização', 'A');
INSERT INTO NIVEL(ID, CODIGO, EXIBIR_CAD_USUARIO, NOME, SITUACAO) VALUES(15, 'OUVIDORIA', 'V', 'Ouvidoria', 'A');
INSERT INTO NIVEL(ID, CODIGO, EXIBIR_CAD_USUARIO, NOME, SITUACAO) VALUES(16, 'ATIVO_LOCAL_COLABORADOR', 'V', 'Ativo Local Colaborador', 'A');
INSERT INTO NIVEL(ID, CODIGO, EXIBIR_CAD_USUARIO, NOME, SITUACAO) VALUES(17, 'GERADOR_LEADS', 'F', 'Gerador de Leads', 'A');

-- CARGO --
INSERT INTO CARGO (ID, CODIGO, NOME, SITUACAO, FK_NIVEL, QUANTIDADE_SUPERIOR) VALUES (1, NULL, 'Analista', 'A', 1, 50);
INSERT INTO CARGO (ID, CODIGO, NOME, SITUACAO, FK_NIVEL, QUANTIDADE_SUPERIOR) VALUES (2, 'ASSISTENTE_OPERACAO', 'Assistente', 'A', 1, 50);
INSERT INTO CARGO (ID, CODIGO, NOME, SITUACAO, FK_NIVEL, QUANTIDADE_SUPERIOR) VALUES (3, NULL, 'Consultor', 'A', 1, 50);
INSERT INTO CARGO (ID, CODIGO, NOME, SITUACAO, FK_NIVEL, QUANTIDADE_SUPERIOR) VALUES (5, 'EXECUTIVO', 'Executivo', 'A', 1, 50);
INSERT INTO CARGO (ID, CODIGO, NOME, SITUACAO, FK_NIVEL, QUANTIDADE_SUPERIOR) VALUES (6, NULL, 'Diretor', 'A', 1, 50);
INSERT INTO CARGO (ID, CODIGO, NOME, SITUACAO, FK_NIVEL, QUANTIDADE_SUPERIOR) VALUES (7, 'GERENTE_OPERACAO', 'Gerente', 'A', 1, 50);
INSERT INTO CARGO (ID, CODIGO, NOME, SITUACAO, FK_NIVEL, QUANTIDADE_SUPERIOR) VALUES (4, 'COORDENADOR_OPERACAO', 'Coordenador', 'A', 1, 50);
INSERT INTO CARGO (ID, CODIGO, NOME, SITUACAO, FK_NIVEL, QUANTIDADE_SUPERIOR) VALUES (8, 'VENDEDOR_OPERACAO', 'Vendedor', 'A', 1, 1);
INSERT INTO CARGO (ID, CODIGO, NOME, SITUACAO, FK_NIVEL, QUANTIDADE_SUPERIOR) VALUES (9, NULL, 'Técnico', 'A', 1, 50);
INSERT INTO CARGO (ID, CODIGO, NOME, SITUACAO, FK_NIVEL, QUANTIDADE_SUPERIOR) VALUES (10, 'SUPERVISOR_OPERACAO', 'Supervisor', 'A', 1, 50);
INSERT INTO CARGO (ID, CODIGO, NOME, SITUACAO, FK_NIVEL, QUANTIDADE_SUPERIOR) VALUES (20, NULL, 'Analista', 'A', 2, 50);
INSERT INTO CARGO (ID, CODIGO, NOME, SITUACAO, FK_NIVEL, QUANTIDADE_SUPERIOR) VALUES (21, NULL, 'Assistente', 'A', 2, 50);
INSERT INTO CARGO (ID, CODIGO, NOME, SITUACAO, FK_NIVEL, QUANTIDADE_SUPERIOR) VALUES (22, 'MSO_CONSULTOR', 'Consultor', 'A', 2, 50);
INSERT INTO CARGO (ID, CODIGO, NOME, SITUACAO, FK_NIVEL, QUANTIDADE_SUPERIOR) VALUES (23, NULL, 'Coordenador', 'A', 2, 50);
INSERT INTO CARGO (ID, CODIGO, NOME, SITUACAO, FK_NIVEL, QUANTIDADE_SUPERIOR) VALUES (24, NULL, 'Gerente', 'A', 2, 50);
INSERT INTO CARGO (ID, CODIGO, NOME, SITUACAO, FK_NIVEL, QUANTIDADE_SUPERIOR) VALUES (25, NULL, 'Diretor', 'A', 2, 50);
INSERT INTO CARGO (ID, CODIGO, NOME, SITUACAO, FK_NIVEL, QUANTIDADE_SUPERIOR) VALUES (40, 'AGENTE_AUTORIZADO_ACEITE', 'Aceite', 'A', 3, 50);
INSERT INTO CARGO (ID, CODIGO, NOME, SITUACAO, FK_NIVEL, QUANTIDADE_SUPERIOR) VALUES (41, 'AGENTE_AUTORIZADO_SOCIO', 'Sócio Principal', 'A', 3, 50);
INSERT INTO CARGO (ID, CODIGO, NOME, SITUACAO, FK_NIVEL, QUANTIDADE_SUPERIOR) VALUES (42, 'AGENTE_AUTORIZADO_SOCIO_SECUNDARIO', 'Sócio Secundário', 'A', 3, 50);
INSERT INTO CARGO (ID, CODIGO, NOME, SITUACAO, FK_NIVEL, QUANTIDADE_SUPERIOR) VALUES (43, NULL, 'Aprendiz', 'A', 3, 50);
INSERT INTO CARGO (ID, CODIGO, NOME, SITUACAO, FK_NIVEL, QUANTIDADE_SUPERIOR) VALUES (44, NULL, 'Assistente', 'A', 3, 50);
INSERT INTO CARGO (ID, CODIGO, NOME, SITUACAO, FK_NIVEL, QUANTIDADE_SUPERIOR) VALUES (45, NULL, 'Coordenador', 'A', 3, 50);
INSERT INTO CARGO (ID, CODIGO, NOME, SITUACAO, FK_NIVEL, QUANTIDADE_SUPERIOR) VALUES (46, NULL, 'Empresário', 'A', 3, 50);
INSERT INTO CARGO (ID, CODIGO, NOME, SITUACAO, FK_NIVEL, QUANTIDADE_SUPERIOR) VALUES (47, 'AGENTE_AUTORIZADO_GERENTE', 'Gerente', 'A', 3, 50);
INSERT INTO CARGO (ID, CODIGO, NOME, SITUACAO, FK_NIVEL, QUANTIDADE_SUPERIOR) VALUES (48, 'AGENTE_AUTORIZADO_SUPERVISOR', 'Supervisor', 'A', 3, 50);
INSERT INTO CARGO (ID, CODIGO, NOME, SITUACAO, FK_NIVEL, QUANTIDADE_SUPERIOR) VALUES (49, 'AGENTE_AUTORIZADO_VENDEDOR_HIBRIDO', 'Vendedor Híbrido', 'A', 3, 50);
INSERT INTO CARGO (ID, CODIGO, NOME, SITUACAO, FK_NIVEL, QUANTIDADE_SUPERIOR) VALUES (50, 'ADMINISTRADOR', 'Administrador', 'A', 4, 50);
INSERT INTO CARGO (ID, CODIGO, NOME, SITUACAO, FK_NIVEL, QUANTIDADE_SUPERIOR) VALUES (51, 'AGENTE_AUTORIZADO_SUPERVISOR_XBRAIN', 'Analista de Suporte', 'A', 4, 50);
INSERT INTO CARGO (ID, CODIGO, NOME, SITUACAO, FK_NIVEL, QUANTIDADE_SUPERIOR) VALUES (52, NULL, 'Auditoria', 'A', 2, 50);
INSERT INTO CARGO (ID, CODIGO, NOME, SITUACAO, FK_NIVEL, QUANTIDADE_SUPERIOR) VALUES (53, 'VAREJO_GERENTE', 'Gerente', 'A', 5, 50);
INSERT INTO CARGO (ID, CODIGO, NOME, SITUACAO, FK_NIVEL, QUANTIDADE_SUPERIOR) VALUES (54, 'VAREJO_SUPERVISOR', 'Supervisor', 'A', 5, 50);
INSERT INTO CARGO (ID, CODIGO, NOME, SITUACAO, FK_NIVEL, QUANTIDADE_SUPERIOR) VALUES (55, 'VAREJO_VENDEDOR', 'Vendedor', 'A', 5, 50);
INSERT INTO CARGO (ID, CODIGO, NOME, SITUACAO, FK_NIVEL, QUANTIDADE_SUPERIOR) VALUES (56, 'AGENTE_AUTORIZADO_BACKOFFICE_TELEVENDAS', 'Back Office Televendas', 'A', 3, 50);
INSERT INTO CARGO (ID, CODIGO, NOME, SITUACAO, FK_NIVEL, QUANTIDADE_SUPERIOR) VALUES (57, 'AGENTE_AUTORIZADO_VENDEDOR_D2D', 'Vendedor D2D', 'A', 3, 50);
INSERT INTO CARGO (ID, CODIGO, NOME, SITUACAO, FK_NIVEL, QUANTIDADE_SUPERIOR) VALUES (58, 'AGENTE_AUTORIZADO_VENDEDOR_TELEVENDAS', 'Vendedor Televendas', 'A', 3, 50);
INSERT INTO CARGO (ID, CODIGO, NOME, SITUACAO, FK_NIVEL, QUANTIDADE_SUPERIOR) VALUES (59, 'VENDEDOR_ATP', 'Vendedor Atendimento Pessoal', 'A', 6, 50);
INSERT INTO CARGO (ID, CODIGO, NOME, SITUACAO, FK_NIVEL, QUANTIDADE_SUPERIOR) VALUES (60, 'SUPERVISOR_ATP', 'Supervisor Atendimento Pessoal', 'A', 6, 50);
INSERT INTO CARGO (ID, CODIGO, NOME, SITUACAO, FK_NIVEL, QUANTIDADE_SUPERIOR) VALUES (61, 'VENDEDOR_LOJAS', 'Vendedor Lojas', 'A', 7, 50);
INSERT INTO CARGO (ID, CODIGO, NOME, SITUACAO, FK_NIVEL, QUANTIDADE_SUPERIOR) VALUES (62, 'SUPERVISOR_LOJAS', 'Supervisor Lojas', 'A', 7, 50);
INSERT INTO CARGO (ID, CODIGO, NOME, SITUACAO, FK_NIVEL, QUANTIDADE_SUPERIOR) VALUES (63, 'VENDEDOR_RECEPTIVO', 'Vendedor Receptivo', 'A', 8, 50);
INSERT INTO CARGO (ID, CODIGO, NOME, SITUACAO, FK_NIVEL, QUANTIDADE_SUPERIOR) VALUES (64, 'SUPERVISOR_RECEPTIVO', 'Supervisor Receptivo', 'A', 8, 50);
INSERT INTO CARGO (ID, CODIGO, NOME, SITUACAO, FK_NIVEL, QUANTIDADE_SUPERIOR) VALUES (65, 'VENDEDOR_ATIVO_LOCAL_PROPRIO', 'Vendedor Ativo Local Proprio', 'A', 9, 50);
INSERT INTO CARGO (ID, CODIGO, NOME, SITUACAO, FK_NIVEL, QUANTIDADE_SUPERIOR) VALUES (66, 'SUPERVISOR_ATIVO_LOCAL_PROPRIO', 'Supervisor Ativo Local Proprio', 'A', 9, 50);
INSERT INTO CARGO (ID, CODIGO, NOME, SITUACAO, FK_NIVEL, QUANTIDADE_SUPERIOR) VALUES (67, 'VENDEDOR_ATIVO_LOCAL_TERCEIRO', 'Vendedor Ativo Local Terceiro', 'A', 10, 50);
INSERT INTO CARGO (ID, CODIGO, NOME, SITUACAO, FK_NIVEL, QUANTIDADE_SUPERIOR) VALUES (68, 'SUPERVISOR_ATIVO_LOCAL_TERCEIRO', 'Supervisor Ativo Local Terceiro', 'A', 10, 50);
INSERT INTO CARGO (ID, CODIGO, NOME, SITUACAO, FK_NIVEL, QUANTIDADE_SUPERIOR) VALUES (69, 'VENDEDOR_ATIVO_NACIONAL_TERCEIRO', 'Vendedor Ativo Nacional Terceiro', 'A', 11, 50);
INSERT INTO CARGO (ID, CODIGO, NOME, SITUACAO, FK_NIVEL, QUANTIDADE_SUPERIOR) VALUES (70, 'SUPERVISOR_ATIVO_NACIONAL_TERCEIRO', 'Supervisor Ativo Nacional Terceiro', 'A', 11, 50);
INSERT INTO CARGO (ID, CODIGO, NOME, SITUACAO, FK_NIVEL, QUANTIDADE_SUPERIOR) VALUES (71, 'VENDEDOR_ATIVO_NACIONAL_TERCEIRO_SEGMENTADO', 'Vendedor Ativo Nacional Terceiro Segmentado', 'A', 12, 50);
INSERT INTO CARGO (ID, CODIGO, NOME, SITUACAO, FK_NIVEL, QUANTIDADE_SUPERIOR) VALUES (72, 'SUPERVISOR_ATIVO_NACIONAL_TERCEIRO_SEGMENTADO', 'Supervisor Ativo Nacional Terceiro Segmentado', 'A', 12, 50);
INSERT INTO CARGO (ID, CODIGO, NOME, SITUACAO, FK_NIVEL, QUANTIDADE_SUPERIOR) VALUES (73, 'VENDEDOR_ATIVO_RENTABILIZACAO', 'Vendedor Ativo Rentabilização', 'A', 13, 50);
INSERT INTO CARGO (ID, CODIGO, NOME, SITUACAO, FK_NIVEL, QUANTIDADE_SUPERIOR) VALUES (74, 'SUPERVISOR_ATIVO_RENTABILIZACAO', 'Supervisor Ativo Rentabilização', 'A', 13, 50);
INSERT INTO CARGO (ID, CODIGO, NOME, SITUACAO, FK_NIVEL, QUANTIDADE_SUPERIOR) VALUES (77, 'OPERADOR', 'Operador', 'A', 15, 50);
INSERT INTO CARGO (ID, CODIGO, NOME, SITUACAO, FK_NIVEL, QUANTIDADE_SUPERIOR) VALUES (78, 'AGENTE_AUTORIZADO_BACKOFFICE_D2D', 'Back Office D2D', 'A', 3, 50);
INSERT INTO CARGO (ID, CODIGO, NOME, SITUACAO, FK_NIVEL, QUANTIDADE_SUPERIOR) VALUES (79, 'AGENTE_AUTORIZADO_VENDEDOR_BACKOFFICE_D2D', 'Vendedor Back Office D2D', 'A', 3, 50);
INSERT INTO CARGO (ID, CODIGO, NOME, SITUACAO, FK_NIVEL, QUANTIDADE_SUPERIOR) VALUES (80, 'AGENTE_AUTORIZADO_VENDEDOR_BACKOFFICE_TELEVENDAS', 'Vendedor Back Office Televendas ', 'A', 3, 50);
INSERT INTO CARGO (ID, CODIGO, NOME, SITUACAO, FK_NIVEL, QUANTIDADE_SUPERIOR) VALUES (81, 'AGENTE_AUTORIZADO_SUPERVISOR_TEMP', 'Supervisor*', 'A', 3, 50);
INSERT INTO CARGO (ID, CODIGO, NOME, SITUACAO, FK_NIVEL, QUANTIDADE_SUPERIOR) VALUES (82, 'AGENTE_AUTORIZADO_GERENTE_TEMP', 'Gerente*', 'A', 3, 50);
INSERT INTO CARGO (ID, CODIGO, NOME, SITUACAO, FK_NIVEL, QUANTIDADE_SUPERIOR) VALUES (83, 'AGENTE_AUTORIZADO_VENDEDOR_TEMP', 'Vendedor*', 'A', 3, 50);
INSERT INTO CARGO (ID, CODIGO, NOME, SITUACAO, FK_NIVEL, QUANTIDADE_SUPERIOR) VALUES (84, 'AGENTE_AUTORIZADO_BACKOFFICE_TEMP', 'BackOffice*', 'A', 3, 50);
INSERT INTO CARGO (ID, CODIGO, NOME, SITUACAO, FK_NIVEL, QUANTIDADE_SUPERIOR) VALUES (85, 'AGENTE_AUTORIZADO_VENDEDOR_BACKOFFICE_TEMP', 'Vendedor BackOffice*', 'A', 3, 50);
INSERT INTO CARGO (ID, CODIGO, NOME, SITUACAO, FK_NIVEL, QUANTIDADE_SUPERIOR) VALUES (86, 'OUVIDORIA', 'Ouvidoria', 'A', 15, 50);
INSERT INTO CARGO (ID, CODIGO, NOME, SITUACAO, FK_NIVEL, QUANTIDADE_SUPERIOR) VALUES (92, 'VENDEDOR_ATIVO_LOCAL_COLABORADOR', 'Vendedor Ativo Local Colaborador', 'A', 16, 50);
INSERT INTO CARGO (ID, CODIGO, NOME, SITUACAO, FK_NIVEL, QUANTIDADE_SUPERIOR) VALUES (93, 'SUPERVISOR_ATIVO_LOCAL_COLABORADOR', 'Supervisor Ativo Local Colaborador', 'A', 16, 50);
INSERT INTO CARGO (ID, CODIGO, NOME, SITUACAO, FK_NIVEL, QUANTIDADE_SUPERIOR) VALUES (94, 'ASSISTENTE_HUNTER', 'Assistente Hunter', 'A', 1, 50);
INSERT INTO CARGO (ID, CODIGO, NOME, SITUACAO, FK_NIVEL, QUANTIDADE_SUPERIOR) VALUES (95, 'EXECUTIVO_HUNTER', 'Executivo Hunter', 'A', 1, 50);
INSERT INTO CARGO (ID, CODIGO, NOME, SITUACAO, FK_NIVEL, QUANTIDADE_SUPERIOR) VALUES (96, 'GERADOR_LEADS', 'Gerador de Leads', 'A', 17, 50);

-- CARGO SUPERIOR
INSERT INTO CARGO_SUPERIOR (FK_CARGO, FK_CARGO_SUPERIOR) VALUES (4, 7);
INSERT INTO CARGO_SUPERIOR (FK_CARGO, FK_CARGO_SUPERIOR) VALUES (5, 7);
INSERT INTO CARGO_SUPERIOR (FK_CARGO, FK_CARGO_SUPERIOR) VALUES (5, 4);
INSERT INTO CARGO_SUPERIOR (FK_CARGO, FK_CARGO_SUPERIOR) VALUES (7, 6);
INSERT INTO CARGO_SUPERIOR (FK_CARGO, FK_CARGO_SUPERIOR) VALUES (10, 4);

-- DEPARTAMENTO --
INSERT INTO DEPARTAMENTO (ID, CODIGO, NOME, SITUACAO, FK_NIVEL) VALUES (1, NULL, 'Administrativo', 'A', 1);
INSERT INTO DEPARTAMENTO (ID, CODIGO, NOME, SITUACAO, FK_NIVEL) VALUES (2, NULL, 'Backoffice', 'A', 1);
INSERT INTO DEPARTAMENTO (ID, CODIGO, NOME, SITUACAO, FK_NIVEL) VALUES (3, 'COMERCIAL', 'Comercial', 'A', 1);
INSERT INTO DEPARTAMENTO (ID, CODIGO, NOME, SITUACAO, FK_NIVEL) VALUES (4, NULL, 'Comunicação', 'A', 1);
INSERT INTO DEPARTAMENTO (ID, CODIGO, NOME, SITUACAO, FK_NIVEL) VALUES (5, NULL, 'Endomarketing', 'A', 1);
INSERT INTO DEPARTAMENTO (ID, CODIGO, NOME, SITUACAO, FK_NIVEL) VALUES (6, NULL, 'Marketing', 'A', 1);
INSERT INTO DEPARTAMENTO (ID, CODIGO, NOME, SITUACAO, FK_NIVEL) VALUES (7, NULL, 'Planejamento Comercial', 'A', 1);
INSERT INTO DEPARTAMENTO (ID, CODIGO, NOME, SITUACAO, FK_NIVEL) VALUES (8, NULL, 'Processos Comercial', 'A', 1);
INSERT INTO DEPARTAMENTO (ID, CODIGO, NOME, SITUACAO, FK_NIVEL) VALUES (9, NULL, 'Projetos', 'A', 1);
INSERT INTO DEPARTAMENTO (ID, CODIGO, NOME, SITUACAO, FK_NIVEL) VALUES (10, NULL, 'Suporte Comercial', 'A', 1);
INSERT INTO DEPARTAMENTO (ID, CODIGO, NOME, SITUACAO, FK_NIVEL) VALUES (11, NULL, 'Trade Marketing', 'A', 1);
INSERT INTO DEPARTAMENTO (ID, CODIGO, NOME, SITUACAO, FK_NIVEL) VALUES (12, NULL, 'Treinamento', 'A', 1);
INSERT INTO DEPARTAMENTO (ID, CODIGO, NOME, SITUACAO, FK_NIVEL) VALUES (20, NULL, 'Administrativo', 'A', 2);
INSERT INTO DEPARTAMENTO (ID, CODIGO, NOME, SITUACAO, FK_NIVEL) VALUES (21, NULL, 'Comercial', 'A', 2);
INSERT INTO DEPARTAMENTO (ID, CODIGO, NOME, SITUACAO, FK_NIVEL) VALUES (22, NULL, 'Comunicação', 'A', 2);
INSERT INTO DEPARTAMENTO (ID, CODIGO, NOME, SITUACAO, FK_NIVEL) VALUES (23, NULL, 'Endomarketing', 'A', 2);
INSERT INTO DEPARTAMENTO (ID, CODIGO, NOME, SITUACAO, FK_NIVEL) VALUES (24, NULL, 'Marketing', 'A', 2);
INSERT INTO DEPARTAMENTO (ID, CODIGO, NOME, SITUACAO, FK_NIVEL) VALUES (25, NULL, 'Planejamento Comercial', 'A', 2);
INSERT INTO DEPARTAMENTO (ID, CODIGO, NOME, SITUACAO, FK_NIVEL) VALUES (26, NULL, 'Processos Comercial', 'A', 2);
INSERT INTO DEPARTAMENTO (ID, CODIGO, NOME, SITUACAO, FK_NIVEL) VALUES (27, NULL, 'Projetos', 'A', 2);
INSERT INTO DEPARTAMENTO (ID, CODIGO, NOME, SITUACAO, FK_NIVEL) VALUES (28, NULL, 'Suporte Comercial', 'A', 2);
INSERT INTO DEPARTAMENTO (ID, CODIGO, NOME, SITUACAO, FK_NIVEL) VALUES (29, NULL, 'Trade Marketing', 'A', 2);
INSERT INTO DEPARTAMENTO (ID, CODIGO, NOME, SITUACAO, FK_NIVEL) VALUES (30, NULL, 'Treinamento', 'A', 2);
INSERT INTO DEPARTAMENTO (ID, CODIGO, NOME, SITUACAO, FK_NIVEL) VALUES (31, NULL, 'Financeiro', 'A', 2);
INSERT INTO DEPARTAMENTO (ID, CODIGO, NOME, SITUACAO, FK_NIVEL) VALUES (40, 'AGENTE_AUTORIZADO', 'Agente Autorizado', 'A', 3);
INSERT INTO DEPARTAMENTO (ID, CODIGO, NOME, SITUACAO, FK_NIVEL) VALUES (50, 'ADMINISTRADOR', 'Administrador', 'A', 4);
INSERT INTO DEPARTAMENTO (ID, CODIGO, NOME, SITUACAO, FK_NIVEL) VALUES (51, 'HELP_DESK', 'HelpDesk', 'A', 4);
INSERT INTO DEPARTAMENTO (ID, CODIGO, NOME, SITUACAO, FK_NIVEL) VALUES (52, NULL, 'Técnico', 'A', 1);
INSERT INTO DEPARTAMENTO (ID, CODIGO, NOME, SITUACAO, FK_NIVEL) VALUES (53, NULL, 'Auditoria', 'A', 2);
INSERT INTO DEPARTAMENTO (ID, CODIGO, NOME, SITUACAO, FK_NIVEL) VALUES (54, 'VAREJO', 'Varejo', 'A', 5);
INSERT INTO DEPARTAMENTO (ID, CODIGO, NOME, SITUACAO, FK_NIVEL) VALUES (55, 'COMERCIAL', 'Comercial', 'A', 6);
INSERT INTO DEPARTAMENTO (ID, CODIGO, NOME, SITUACAO, FK_NIVEL) VALUES (56, 'COMERCIAL', 'Comercial', 'A', 7);
INSERT INTO DEPARTAMENTO (ID, CODIGO, NOME, SITUACAO, FK_NIVEL) VALUES (57, 'COMERCIAL', 'Comercial', 'A', 8);
INSERT INTO DEPARTAMENTO (ID, CODIGO, NOME, SITUACAO, FK_NIVEL) VALUES (58, 'COMERCIAL', 'Comercial', 'A', 9);
INSERT INTO DEPARTAMENTO (ID, CODIGO, NOME, SITUACAO, FK_NIVEL) VALUES (59, 'COMERCIAL', 'Comercial', 'A', 10);
INSERT INTO DEPARTAMENTO (ID, CODIGO, NOME, SITUACAO, FK_NIVEL) VALUES (61, 'ATENDIMENTO_JEC', 'ATENDIMENTO - JEC', 'A', 15);
INSERT INTO DEPARTAMENTO (ID, CODIGO, NOME, SITUACAO, FK_NIVEL) VALUES (66, 'OUVIDORIA', 'Ouvidoria', 'A', 15);
INSERT INTO DEPARTAMENTO (ID, CODIGO, NOME, SITUACAO, FK_NIVEL) VALUES (67, 'COMERCIAL', 'Comercial', 'A', 16);
INSERT INTO DEPARTAMENTO (ID, CODIGO, NOME, SITUACAO, FK_NIVEL) VALUES (68, 'GERADOR_LEADS', 'Gerador de Leads', 'A', 17);
