-- MARCA --
INSERT INTO MARCA (ID, NOME, CODIGO) VALUES (1, 'Claro', 'CLARO');
INSERT INTO MARCA (ID, NOME, CODIGO) VALUES (2, 'NET', 'NET');
INSERT INTO MARCA (ID, NOME, CODIGO) VALUES (3, 'Xbrain', 'XBRAIN');

-- EMPRESA --
INSERT INTO EMPRESA (ID, NOME, FK_MARCA, FK_UNIDADE_NEGOCIO, CODIGO, SITUACAO) VALUES (1, 'Claro Móvel', 1, 1, 'CLARO_MOVEL', 'A');
INSERT INTO EMPRESA (ID, NOME, FK_MARCA, FK_UNIDADE_NEGOCIO, CODIGO, SITUACAO) VALUES (2, 'Claro TV', 1, 2, 'CLARO_TV', 'A');
INSERT INTO EMPRESA (ID, NOME, FK_MARCA, FK_UNIDADE_NEGOCIO, CODIGO, SITUACAO) VALUES (3, 'NET', 2, 2, 'NET', 'A');
INSERT INTO EMPRESA (ID, NOME, FK_MARCA, FK_UNIDADE_NEGOCIO, CODIGO, SITUACAO) VALUES (4, 'Xbrain', 3, 3, 'XBRAIN', 'A');

-- APLICACOES --
INSERT INTO APLICACAO (ID, NOME, CODIGO) VALUES (1, 'AUTENTICAÇÃO', 'AUT');
INSERT INTO APLICACAO (ID, NOME, CODIGO) VALUES (2, 'PARCEIROS ONLINE', 'POL');
INSERT INTO APLICACAO (ID, NOME, CODIGO) VALUES (3, 'VENDAS', 'VDS');
INSERT INTO APLICACAO (ID, NOME, CODIGO) VALUES (4, 'MAILING', 'MLG');
INSERT INTO APLICACAO (ID, NOME, CODIGO) VALUES (5, 'SIMULADOR DE PRODUTOS', 'SML');
INSERT INTO APLICACAO (ID, NOME, CODIGO) VALUES (6, 'FERRAMENTA DE CRIAÇÃO DE PRODUTOS', 'FCP');
INSERT INTO APLICACAO (ID, NOME, CODIGO) VALUES (7, 'VAREJO', 'VAR');
INSERT INTO APLICACAO (ID, NOME, CODIGO) VALUES (8, 'INTEGRAÇÃO', 'INT');

-- NIVEL --
INSERT INTO NIVEL(ID, CODIGO, EXIBIR_CAD_USUARIO, NOME, SITUACAO) VALUES(1, 'OPERACAO', 'V', 'Operação', 'A');
INSERT INTO NIVEL(ID, CODIGO, EXIBIR_CAD_USUARIO, NOME, SITUACAO) VALUES(2, 'MSO', 'V', 'MSO', 'A');
INSERT INTO NIVEL(ID, CODIGO, EXIBIR_CAD_USUARIO, NOME, SITUACAO) VALUES(3, 'AGENTE_AUTORIZADO', 'F', 'Agente Autorizado', 'A');
INSERT INTO NIVEL(ID, CODIGO, EXIBIR_CAD_USUARIO, NOME, SITUACAO) VALUES(4, 'XBRAIN', 'V', 'X-BRAIN', 'A');
INSERT INTO NIVEL(ID, CODIGO, EXIBIR_CAD_USUARIO, NOME, SITUACAO) VALUES(5, 'VAREJO', 'F', 'Varejo', 'A');

-- CARGO --
INSERT INTO CARGO (ID, CODIGO, NOME, SITUACAO, FK_NIVEL) VALUES (1, NULL, 'Analista', 'A', 1);
INSERT INTO CARGO (ID, CODIGO, NOME, SITUACAO, FK_NIVEL) VALUES (2, 'ASSISTENTE_OPERACAO', 'Assistente', 'A', 1);
INSERT INTO CARGO (ID, CODIGO, NOME, SITUACAO, FK_NIVEL) VALUES (3, NULL, 'Consultor', 'A', 1);
INSERT INTO CARGO (ID, CODIGO, NOME, SITUACAO, FK_NIVEL) VALUES (4, 'COORDENADOR_OPERACAO', 'Coordenador', 'A', 1);
INSERT INTO CARGO (ID, CODIGO, NOME, SITUACAO, FK_NIVEL) VALUES (5, 'EXECUTIVO', 'Executivo', 'A', 1);
INSERT INTO CARGO (ID, CODIGO, NOME, SITUACAO, FK_NIVEL) VALUES (6, NULL, 'Diretor', 'A', 1);
INSERT INTO CARGO (ID, CODIGO, NOME, SITUACAO, FK_NIVEL) VALUES (7, 'GERENTE_OPERACAO', 'Gerente', 'A', 1);
INSERT INTO CARGO (ID, CODIGO, NOME, SITUACAO, FK_NIVEL) VALUES (8, NULL, 'Vendedor', 'A', 1);
INSERT INTO CARGO (ID, CODIGO, NOME, SITUACAO, FK_NIVEL) VALUES (9, NULL, 'Técnico', 'A', 1);
INSERT INTO CARGO (ID, CODIGO, NOME, SITUACAO, FK_NIVEL) VALUES (20, NULL, 'Analista', 'A', 2);
INSERT INTO CARGO (ID, CODIGO, NOME, SITUACAO, FK_NIVEL) VALUES (21, NULL, 'Assistente', 'A', 2);
INSERT INTO CARGO (ID, CODIGO, NOME, SITUACAO, FK_NIVEL) VALUES (22, 'MSO_CONSULTOR', 'Consultor', 'A', 2);
INSERT INTO CARGO (ID, CODIGO, NOME, SITUACAO, FK_NIVEL) VALUES (23, NULL, 'Coordenador', 'A', 2);
INSERT INTO CARGO (ID, CODIGO, NOME, SITUACAO, FK_NIVEL) VALUES (24, NULL, 'Gerente', 'A', 2);
INSERT INTO CARGO (ID, CODIGO, NOME, SITUACAO, FK_NIVEL) VALUES (25, NULL, 'Diretor', 'A', 2);
INSERT INTO CARGO (ID, CODIGO, NOME, SITUACAO, FK_NIVEL) VALUES (40, 'AGENTE_AUTORIZADO_ACEITE', 'Aceite', 'A', 3);
INSERT INTO CARGO (ID, CODIGO, NOME, SITUACAO, FK_NIVEL) VALUES (41, 'AGENTE_AUTORIZADO_SOCIO', 'Sócio Principal', 'A', 3);
INSERT INTO CARGO (ID, CODIGO, NOME, SITUACAO, FK_NIVEL) VALUES (42, 'AGENTE_AUTORIZADO_SOCIO_SECUNDARIO', 'Sócio Secundário', 'A', 3);
INSERT INTO CARGO (ID, CODIGO, NOME, SITUACAO, FK_NIVEL) VALUES (43, NULL, 'Aprendiz', 'A', 3);
INSERT INTO CARGO (ID, CODIGO, NOME, SITUACAO, FK_NIVEL) VALUES (44, NULL, 'Assistente', 'A', 3);
INSERT INTO CARGO (ID, CODIGO, NOME, SITUACAO, FK_NIVEL) VALUES (45, NULL, 'Coordenador', 'A', 3);
INSERT INTO CARGO (ID, CODIGO, NOME, SITUACAO, FK_NIVEL) VALUES (46, NULL, 'Empresário', 'A', 3);
INSERT INTO CARGO (ID, CODIGO, NOME, SITUACAO, FK_NIVEL) VALUES (47, 'AGENTE_AUTORIZADO_GERENTE', 'Gerente', 'A', 3);
INSERT INTO CARGO (ID, CODIGO, NOME, SITUACAO, FK_NIVEL) VALUES (48, 'AGENTE_AUTORIZADO_SUPERVISOR', 'Supervisor', 'A', 3);
INSERT INTO CARGO (ID, CODIGO, NOME, SITUACAO, FK_NIVEL) VALUES (49, 'AGENTE_AUTORIZADO_VENDEDOR_HIBRIDO', 'Vendedor Híbrido', 'A', 3);
INSERT INTO CARGO (ID, CODIGO, NOME, SITUACAO, FK_NIVEL) VALUES (50, 'ADMINISTRADOR', 'Administrador', 'A', 4);
INSERT INTO CARGO (ID, CODIGO, NOME, SITUACAO, FK_NIVEL) VALUES (51, 'AGENTE_AUTORIZADO_SUPERVISOR_XBRAIN', 'Analista de Suporte', 'A', 4);
INSERT INTO CARGO (ID, CODIGO, NOME, SITUACAO, FK_NIVEL) VALUES (52, NULL, 'Auditoria', 'A', 2);
INSERT INTO CARGO (ID, CODIGO, NOME, SITUACAO, FK_NIVEL) VALUES (53, 'VAREJO_GERENTE', 'Gerente', 'A', 5);
INSERT INTO CARGO (ID, CODIGO, NOME, SITUACAO, FK_NIVEL) VALUES (54, 'VAREJO_SUPERVISOR', 'Supervisor', 'A', 5);
INSERT INTO CARGO (ID, CODIGO, NOME, SITUACAO, FK_NIVEL) VALUES (55, 'VAREJO_VENDEDOR', 'Vendedor', 'A', 5);
INSERT INTO CARGO (ID, CODIGO, NOME, SITUACAO, FK_NIVEL) VALUES (56, 'AGENTE_AUTORIZADO_BACKOFFICE', 'Back Office', 'A', 3);
INSERT INTO CARGO (ID, CODIGO, NOME, SITUACAO, FK_NIVEL) VALUES (57, 'AGENTE_AUTORIZADO_VENDEDOR_D2D', 'Vendedor D2D', 'A', 3);
INSERT INTO CARGO (ID, CODIGO, NOME, SITUACAO, FK_NIVEL) VALUES (58, 'AGENTE_AUTORIZADO_VENDEDOR_TELEVENDAS', 'Vendedor Televendas', 'A', 3);

-- DEPARTAMENTO --
INSERT INTO DEPARTAMENTO (ID, CODIGO, NOME, SITUACAO, FK_NIVEL) VALUES (1, NULL, 'Administrativo', 'A', 1);
INSERT INTO DEPARTAMENTO (ID, CODIGO, NOME, SITUACAO, FK_NIVEL) VALUES (2, NULL, 'Backoffice', 'A', 1);
INSERT INTO DEPARTAMENTO (ID, CODIGO, NOME, SITUACAO, FK_NIVEL) VALUES (3, 'COMERCIAL', 'Comercial', 'A', 1);
INSERT INTO DEPARTAMENTO (ID, CODIGO, NOME, SITUACAO, FK_NIVEL) VALUES (4, NULL, 'Comunicação', 'A', 1);
INSERT INTO DEPARTAMENTO (ID, CODIGO, NOME, SITUACAO, FK_NIVEL) VALUES (5, NULL, 'Endomarketing', 'A', 1);
INSERT INTO DEPARTAMENTO (ID, CODIGO, NOME, SITUACAO, FK_NIVEL) VALUES (6, NULL, 'Marketing', 'A', 1);
INSERT INTO DEPARTAMENTO (ID, CODIGO, NOME, SITUACAO, FK_NIVEL) VALUES (7, NULL, 'Planejamento Comercial', 'A', 1);
INSERT INTO DEPARTAMENTO (ID, CODIGO, NOME, SITUACAO, FK_NIVEL) VALUES (8, NULL, 'Processos Comercial', 'A', 1);
INSERT INTO DEPARTAMENTO (ID, CODIGO, NOME, SITUACAO, FK_NIVEL) VALUES (9, NULL, 'Projetos', 'A', 1);
INSERT INTO DEPARTAMENTO (ID, CODIGO, NOME, SITUACAO, FK_NIVEL) VALUES (10, NULL, 'Suporte Comercial', 'A', 1);
INSERT INTO DEPARTAMENTO (ID, CODIGO, NOME, SITUACAO, FK_NIVEL) VALUES (11, NULL, 'Trade Marketing', 'A', 1);
INSERT INTO DEPARTAMENTO (ID, CODIGO, NOME, SITUACAO, FK_NIVEL) VALUES (12, NULL, 'Treinamento', 'A', 1);
INSERT INTO DEPARTAMENTO (ID, CODIGO, NOME, SITUACAO, FK_NIVEL) VALUES (20, NULL, 'Administrativo', 'A', 2);
INSERT INTO DEPARTAMENTO (ID, CODIGO, NOME, SITUACAO, FK_NIVEL) VALUES (21, NULL, 'Comercial', 'A', 2);
INSERT INTO DEPARTAMENTO (ID, CODIGO, NOME, SITUACAO, FK_NIVEL) VALUES (22, NULL, 'Comunicação', 'A', 2);
INSERT INTO DEPARTAMENTO (ID, CODIGO, NOME, SITUACAO, FK_NIVEL) VALUES (23, NULL, 'Endomarketing', 'A', 2);
INSERT INTO DEPARTAMENTO (ID, CODIGO, NOME, SITUACAO, FK_NIVEL) VALUES (24, NULL, 'Marketing', 'A', 2);
INSERT INTO DEPARTAMENTO (ID, CODIGO, NOME, SITUACAO, FK_NIVEL) VALUES (25, NULL, 'Planejamento Comercial', 'A', 2);
INSERT INTO DEPARTAMENTO (ID, CODIGO, NOME, SITUACAO, FK_NIVEL) VALUES (26, NULL, 'Processos Comercial', 'A', 2);
INSERT INTO DEPARTAMENTO (ID, CODIGO, NOME, SITUACAO, FK_NIVEL) VALUES (27, NULL, 'Projetos', 'A', 2);
INSERT INTO DEPARTAMENTO (ID, CODIGO, NOME, SITUACAO, FK_NIVEL) VALUES (28, NULL, 'Suporte Comercial', 'A', 2);
INSERT INTO DEPARTAMENTO (ID, CODIGO, NOME, SITUACAO, FK_NIVEL) VALUES (29, NULL, 'Trade Marketing', 'A', 2);
INSERT INTO DEPARTAMENTO (ID, CODIGO, NOME, SITUACAO, FK_NIVEL) VALUES (30, NULL, 'Treinamento', 'A', 2);
INSERT INTO DEPARTAMENTO (ID, CODIGO, NOME, SITUACAO, FK_NIVEL) VALUES (31, NULL, 'Financeiro', 'A', 2);
INSERT INTO DEPARTAMENTO (ID, CODIGO, NOME, SITUACAO, FK_NIVEL) VALUES (40, 'AGENTE_AUTORIZADO', 'Agente Autorizado', 'A', 3);
INSERT INTO DEPARTAMENTO (ID, CODIGO, NOME, SITUACAO, FK_NIVEL) VALUES (50, 'ADMINISTRADOR', 'Administrador', 'A', 4);
INSERT INTO DEPARTAMENTO (ID, CODIGO, NOME, SITUACAO, FK_NIVEL) VALUES (51, 'HELP_DESK', 'HelpDesk', 'A', 4);
INSERT INTO DEPARTAMENTO (ID, CODIGO, NOME, SITUACAO, FK_NIVEL) VALUES (52, NULL, 'Técnico', 'A', 1);
INSERT INTO DEPARTAMENTO (ID, CODIGO, NOME, SITUACAO, FK_NIVEL) VALUES (53, NULL, 'Auditoria', 'A', 2);
INSERT INTO DEPARTAMENTO (ID, CODIGO, NOME, SITUACAO, FK_NIVEL) VALUES (54, 'VAREJO', 'Varejo', 'A', 5);