
INSERT INTO APLICACAO (ID, CODIGO, NOME) VALUES (10, 'DSH', 'DASHBOARD');
INSERT INTO FUNCIONALIDADE (ID, NOME, ROLE, FK_APLICACAO) VALUES (9000, 'Enviar email - Analítico Domicílios BRSCAN não encontrado', 'DSH_8000', 10);
INSERT INTO MOTIVO_INATIVACAO (ID, DESCRICAO, CODIGO, SITUACAO) VALUES (5, 'ÚLTIMO ACESSO DO USUÁRIO', 'ULTIMO_ACESSO', 'A');
INSERT INTO MOTIVO_INATIVACAO (ID, DESCRICAO, CODIGO, SITUACAO) VALUES (6, 'INATIVADO POR FALTA DE ACESSO', 'INATIVADO_SEM_ACESSO', 'A');


-- GERENCIAMENTO DE CARGOS
INSERT INTO FUNCIONALIDADE (ID, NOME, ROLE, FK_APLICACAO) VALUES (2023, 'Gerenciar Cargos', 'AUT_2023', 1);
INSERT INTO CARGO_DEPART_FUNC (ID, FK_CARGO, FK_DEPARTAMENTO, FK_FUNCIONALIDADE) VALUES (SEQ_CARGO_DEPART_FUNC.nextval, 50, 50, 2023);

-- Task #10391
INSERT INTO NIVEL(ID, CODIGO, EXIBIR_CAD_USUARIO, NOME, SITUACAO) VALUES(15, 'OUVIDORIA', 'V', 'Ouvidoria', 'A');
INSERT INTO CARGO (ID, CODIGO, NOME, SITUACAO, FK_NIVEL) VALUES (77, 'OPERADOR', 'Operador', 'A', 15);
INSERT INTO DEPARTAMENTO (ID, CODIGO, NOME, SITUACAO, FK_NIVEL) VALUES (61, 'ATENDIMENTO_JEC', 'ATENDIMENTO - JEC', 'A', 15);

UPDATE FUNCIONALIDADE SET NOME = 'Relatório - Resumo de Mailing' WHERE ID = 3021;
UPDATE FUNCIONALIDADE SET NOME = 'Relatório - Ticket Médio Analítico' WHERE ID = 3022;

INSERT INTO FUNCIONALIDADE (ID, NOME, ROLE, FK_APLICACAO) VALUES (3023, 'Relatório - Ticket Médio por Vendedor', 'VDS_3023', 3);
INSERT INTO CARGO_DEPART_FUNC (ID, FK_CARGO, FK_DEPARTAMENTO, FK_FUNCIONALIDADE) VALUES (SEQ_CARGO_DEPART_FUNC.nextval, 50, 50, 3023);
INSERT INTO CARGO_DEPART_FUNC (ID, FK_CARGO, FK_DEPARTAMENTO, FK_FUNCIONALIDADE) VALUES (SEQ_CARGO_DEPART_FUNC.nextval, 22, 22, 3023);
INSERT INTO CARGO_DEPART_FUNC (ID, FK_CARGO, FK_DEPARTAMENTO, FK_FUNCIONALIDADE) VALUES (SEQ_CARGO_DEPART_FUNC.nextval, 42, 40, 3023);
INSERT INTO CARGO_DEPART_FUNC (ID, FK_CARGO, FK_DEPARTAMENTO, FK_FUNCIONALIDADE) VALUES (SEQ_CARGO_DEPART_FUNC.nextval, 41, 40, 3023);
INSERT INTO CARGO_DEPART_FUNC (ID, FK_CARGO, FK_DEPARTAMENTO, FK_FUNCIONALIDADE) VALUES (SEQ_CARGO_DEPART_FUNC.nextval, 5, 3, 3023);
INSERT INTO CARGO_DEPART_FUNC (ID, FK_CARGO, FK_DEPARTAMENTO, FK_FUNCIONALIDADE) VALUES (SEQ_CARGO_DEPART_FUNC.nextval, 7, 3, 3023);

-- Task #10377
INSERT INTO FUNCIONALIDADE (ID, NOME, ROLE, FK_APLICACAO) VALUES (3024, 'Relatório - Gerenciamento Operacional', 'VDS_3024', 3);
INSERT INTO CARGO_DEPART_FUNC (ID, FK_CARGO, FK_DEPARTAMENTO, FK_FUNCIONALIDADE) VALUES (SEQ_CARGO_DEPART_FUNC.nextval, 50, 50, 3024);
INSERT INTO CARGO_DEPART_FUNC (ID, FK_CARGO, FK_DEPARTAMENTO, FK_FUNCIONALIDADE) VALUES (SEQ_CARGO_DEPART_FUNC.nextval, 22, 22, 3024);
INSERT INTO CARGO_DEPART_FUNC (ID, FK_CARGO, FK_DEPARTAMENTO, FK_FUNCIONALIDADE) VALUES (SEQ_CARGO_DEPART_FUNC.nextval, 42, 40, 3024);
INSERT INTO CARGO_DEPART_FUNC (ID, FK_CARGO, FK_DEPARTAMENTO, FK_FUNCIONALIDADE) VALUES (SEQ_CARGO_DEPART_FUNC.nextval, 41, 40, 3024);
INSERT INTO CARGO_DEPART_FUNC (ID, FK_CARGO, FK_DEPARTAMENTO, FK_FUNCIONALIDADE) VALUES (SEQ_CARGO_DEPART_FUNC.nextval, 5, 3, 3024);
INSERT INTO CARGO_DEPART_FUNC (ID, FK_CARGO, FK_DEPARTAMENTO, FK_FUNCIONALIDADE) VALUES (SEQ_CARGO_DEPART_FUNC.nextval, 7, 3, 3024);

-- EXECUTAR APENAS EM PRODUÇÃO
INSERT INTO FUNCIONALIDADE (ID, NOME, ROLE, FK_APLICACAO) VALUES (4001, 'Integração Tradeup', 'SPR_4001', 5);
INSERT INTO CARGO_DEPART_FUNC (ID, FK_CARGO, FK_DEPARTAMENTO, FK_FUNCIONALIDADE) VALUES (SEQ_CARGO_DEPART_FUNC.nextval, 50, 50, 4001);
INSERT INTO FUNCIONALIDADE (ID, NOME, ROLE, FK_APLICACAO) VALUES (3026, 'Relatório - Exportar BRSacan Analítico Domicilios', 'VDS_3026', 3);
INSERT INTO CARGO_DEPART_FUNC (ID, FK_CARGO, FK_DEPARTAMENTO, FK_FUNCIONALIDADE) VALUES (SEQ_CARGO_DEPART_FUNC.nextval, 50, 50, 3026);