-- USUARIOS  --
--INSERT INTO USUARIO (ID, NOME, EMAIL_01, SITUACAO, TELEFONE_01, CPF, FK_CARGO, FK_DEPARTAMENTO, ALTERAR_SENHA, SENHA, DATA_CADASTRO) VALUES (200, 'ADMIN', 'ADMIN@XBRAIN.COM.BR', 'A', '43 3333-5555', '00978596994', 50, 50, 'F', '$2a$10$5Km7U7CyDD5VIrkJPXPK8.px0hJE9n.NgGx2tGRa/Gu3e3xEumipm', CURRENT_DATE);

--INSERT INTO USUARIO (ID, NOME, EMAIL_01, SITUACAO, TELEFONE_01, CPF, FK_CARGO, FK_DEPARTAMENTO, ALTERAR_SENHA, SENHA, DATA_CADASTRO) VALUES (201, 'HELP DESK', 'HELPDESK@XBRAIN.COM.BR', 'A', '43 3333-5555', '25793108602', 51, 51, 'F', '$2a$10$5Km7U7CyDD5VIrkJPXPK8.px0hJE9n.NgGx2tGRa/Gu3e3xEumipm', CURRENT_DATE);

-- Usuários Xbrain --
INSERT INTO USUARIO (ID, NOME, EMAIL_01, SITUACAO, TELEFONE_01, CPF, FK_CARGO, FK_DEPARTAMENTO, ALTERAR_SENHA, SENHA, DATA_CADASTRO) VALUES (202, 'ANDRE', 'ANDRE@XBRAIN.COM.BR', 'A', '43 3333-5555', '48405417877', 50, 50, 'F', '$2a$10$TkjMtBYNg3VY7CgXJ2ATcOpD68Y3TcrGFBFZXsfOF6DL9/oJbFDb6', CURRENT_DATE);
INSERT INTO USUARIO (ID, NOME, EMAIL_01, SITUACAO, TELEFONE_01, CPF, FK_CARGO, FK_DEPARTAMENTO, ALTERAR_SENHA, SENHA, DATA_CADASTRO) VALUES (203, 'GABRIEL', 'GABRIELFERRAZ@XBRAIN.COM.BR', 'A', '43 3333-5555', '13541273747', 50, 50, 'F', '$2a$10$TkjMtBYNg3VY7CgXJ2ATcOpD68Y3TcrGFBFZXsfOF6DL9/oJbFDb6', CURRENT_DATE);
INSERT INTO USUARIO (ID, NOME, EMAIL_01, SITUACAO, TELEFONE_01, CPF, FK_CARGO, FK_DEPARTAMENTO, ALTERAR_SENHA, SENHA, DATA_CADASTRO) VALUES (204, 'LARISSA', 'LARISSARATTIGUERI@XBRAIN.COM.BR', 'A', '43 3333-5555', '25343758908', 50, 50, 'F', '$2a$10$TkjMtBYNg3VY7CgXJ2ATcOpD68Y3TcrGFBFZXsfOF6DL9/oJbFDb6', CURRENT_DATE);
INSERT INTO USUARIO (ID, NOME, EMAIL_01, SITUACAO, TELEFONE_01, CPF, FK_CARGO, FK_DEPARTAMENTO, ALTERAR_SENHA, SENHA, DATA_CADASTRO) VALUES (205, 'LUCAS', 'LUCASYOSHIOKA@XBRAIN.COM.BR', 'A', '43 3333-5555', '13086674776', 50, 50, 'F', '$2a$10$TkjMtBYNg3VY7CgXJ2ATcOpD68Y3TcrGFBFZXsfOF6DL9/oJbFDb6', CURRENT_DATE);
INSERT INTO USUARIO (ID, NOME, EMAIL_01, SITUACAO, TELEFONE_01, CPF, FK_CARGO, FK_DEPARTAMENTO, ALTERAR_SENHA, SENHA, DATA_CADASTRO) VALUES (207, 'DIOGO', 'DIOGO@XBRAIN.COM.BR', 'A', '43 3333-5555', '46162521222', 50, 50, 'F', '$2a$10$TkjMtBYNg3VY7CgXJ2ATcOpD68Y3TcrGFBFZXsfOF6DL9/oJbFDb6', CURRENT_DATE);
INSERT INTO USUARIO (ID, NOME, EMAIL_01, SITUACAO, TELEFONE_01, CPF, FK_CARGO, FK_DEPARTAMENTO, ALTERAR_SENHA, SENHA, DATA_CADASTRO) VALUES (208, 'DIEGO', 'DIEGOVIEIRA@XBRAIN.COM.BR', 'A', '43 3333-5555', '08842291900', 50, 50, 'F', '$2a$10$TkjMtBYNg3VY7CgXJ2ATcOpD68Y3TcrGFBFZXsfOF6DL9/oJbFDb6', CURRENT_DATE);
INSERT INTO USUARIO (ID, NOME, EMAIL_01, SITUACAO, TELEFONE_01, CPF, FK_CARGO, FK_DEPARTAMENTO, ALTERAR_SENHA, SENHA, DATA_CADASTRO) VALUES (209, 'THIAGO M', 'THIAGOMARCELLO@XBRAIN.COM.BR', 'A', '43 3333-5555', '05644172970', 50, 50, 'F', '$2a$10$TkjMtBYNg3VY7CgXJ2ATcOpD68Y3TcrGFBFZXsfOF6DL9/oJbFDb6', CURRENT_DATE);

INSERT INTO USUARIO (ID, NOME, EMAIL_01, SITUACAO, TELEFONE_01, CPF, FK_CARGO, FK_DEPARTAMENTO, ALTERAR_SENHA, SENHA, DATA_CADASTRO) VALUES (106839, 'KAMILLA BITTENCOURT ANDRETTO', 'KAMILLABITTENCOURT@XBRAIN.COM.BR', 'A', '43 3333-5555', '08359080976', 50, 50, 'F', '$2a$10$TkjMtBYNg3VY7CgXJ2ATcOpD68Y3TcrGFBFZXsfOF6DL9/oJbFDb6', CURRENT_DATE);

-- Agente Autorizado --
-- Sócio --
--INSERT INTO USUARIO (ID, NOME, EMAIL_01, SITUACAO, TELEFONE_01, CPF, FK_CARGO, FK_DEPARTAMENTO, ALTERAR_SENHA, SENHA, DATA_CADASTRO) VALUES (226, 'ALESSANDRA BNJ', 'ALESSANDRABNJ@GMAIL.COM', 'A', '43 3333-5555', '35723327704', 41, 40, 'F', '$2a$10$TkjMtBYNg3VY7CgXJ2ATcOpD68Y3TcrGFBFZXsfOF6DL9/oJbFDb6', CURRENT_DATE);
--INSERT INTO USUARIO (ID, SITUACAO, ALTERAR_SENHA, FK_CARGO, FK_DEPARTAMENTO, NOME, EMAIL_01, CPF, RG, TELEFONE_01, SENHA,  DATA_CADASTRO) VALUES (104, 'A', 'F', 7, 3, 'operacao_gerente_comercial', 'operacao_gerente_comercial@net.com.br', '672.678.130-03', '88888888', '9999', '$2a$10$TkjMtBYNg3VY7CgXJ2ATcOpD68Y3TcrGFBFZXsfOF6DL9/oJbFDb6', CURRENT_DATE);

--INSERT INTO USUARIO_CIDADE (FK_USUARIO, FK_CIDADE, FK_USUARIO_CADASTRO, DATA_CADASTRO) VALUES (104, 5578, 200, to_date('01/01/2000 00:00:00', 'dd/mm/yyyy hh24:mi:ss'));

INSERT INTO USUARIO_EMPRESA (FK_USUARIO, FK_EMPRESA) VALUES (200, 1);
INSERT INTO USUARIO_EMPRESA (FK_USUARIO, FK_EMPRESA) VALUES (201, 1);
INSERT INTO USUARIO_EMPRESA (FK_USUARIO, FK_EMPRESA) VALUES (202, 1);
INSERT INTO USUARIO_EMPRESA (FK_USUARIO, FK_EMPRESA) VALUES (203, 1);
INSERT INTO USUARIO_EMPRESA (FK_USUARIO, FK_EMPRESA) VALUES (204, 1);
INSERT INTO USUARIO_EMPRESA (FK_USUARIO, FK_EMPRESA) VALUES (205, 1);
INSERT INTO USUARIO_EMPRESA (FK_USUARIO, FK_EMPRESA) VALUES (207, 1);
INSERT INTO USUARIO_EMPRESA (FK_USUARIO, FK_EMPRESA) VALUES (208, 1);
INSERT INTO USUARIO_EMPRESA (FK_USUARIO, FK_EMPRESA) VALUES (209, 1);
INSERT INTO USUARIO_EMPRESA (FK_USUARIO, FK_EMPRESA) VALUES (210, 1);
--INSERT INTO USUARIO_EMPRESA (FK_USUARIO, FK_EMPRESA) VALUES (226, 3);
--INSERT INTO USUARIO_EMPRESA (FK_USUARIO, FK_EMPRESA) VALUES (104, 1);

INSERT INTO USUARIO_UNIDADE_NEGOCIO (FK_USUARIO, FK_UNIDADE_NEGOCIO) VALUES(200, 1);
INSERT INTO USUARIO_UNIDADE_NEGOCIO (FK_USUARIO, FK_UNIDADE_NEGOCIO) VALUES(201, 1);
INSERT INTO USUARIO_UNIDADE_NEGOCIO (FK_USUARIO, FK_UNIDADE_NEGOCIO) VALUES(202, 1);
INSERT INTO USUARIO_UNIDADE_NEGOCIO (FK_USUARIO, FK_UNIDADE_NEGOCIO) VALUES(203, 1);
INSERT INTO USUARIO_UNIDADE_NEGOCIO (FK_USUARIO, FK_UNIDADE_NEGOCIO) VALUES(204, 1);
INSERT INTO USUARIO_UNIDADE_NEGOCIO (FK_USUARIO, FK_UNIDADE_NEGOCIO) VALUES(205, 1);
INSERT INTO USUARIO_UNIDADE_NEGOCIO (FK_USUARIO, FK_UNIDADE_NEGOCIO) VALUES(206, 1);
INSERT INTO USUARIO_UNIDADE_NEGOCIO (FK_USUARIO, FK_UNIDADE_NEGOCIO) VALUES(207, 1);
INSERT INTO USUARIO_UNIDADE_NEGOCIO (FK_USUARIO, FK_UNIDADE_NEGOCIO) VALUES(208, 1);
INSERT INTO USUARIO_UNIDADE_NEGOCIO (FK_USUARIO, FK_UNIDADE_NEGOCIO) VALUES(209, 1);
INSERT INTO USUARIO_UNIDADE_NEGOCIO (FK_USUARIO, FK_UNIDADE_NEGOCIO) VALUES(210, 1);
--INSERT INTO USUARIO_UNIDADE_NEGOCIO (FK_USUARIO, FK_UNIDADE_NEGOCIO) VALUES(226, 1);
--INSERT INTO USUARIO_UNIDADE_NEGOCIO (FK_USUARIO, FK_UNIDADE_NEGOCIO) VALUES(104, 1);

INSERT INTO USUARIO_HIERARQUIA (FK_USUARIO, FK_USUARIO_SUPERIOR, DATA_CADASTRO, FK_USUARIO_CADASTRO) VALUES(202, 205, TO_DATE('17/02/2018 10:50:00', 'dd/mm/yyyy hh24:mi:ss'), 200);
INSERT INTO USUARIO_HIERARQUIA (FK_USUARIO, FK_USUARIO_SUPERIOR, DATA_CADASTRO, FK_USUARIO_CADASTRO) VALUES(203, 205, TO_DATE('17/02/2018 10:50:00', 'dd/mm/yyyy hh24:mi:ss'), 200);
--INSERT INTO USUARIO_HIERARQUIA (FK_USUARIO, FK_USUARIO_SUPERIOR, DATA_CADASTRO, FK_USUARIO_CADASTRO) VALUES (104, 200, to_date('01/01/2000 00:00:00', 'dd/mm/yyyy hh24:mi:ss'), 200);