-- USUARIOS  --
INSERT INTO USUARIO (ID, NOME, EMAIL_01, SITUACAO, TELEFONE_01, CPF, FK_UNIDADE_NEGOCIO, FK_CARGO, FK_DEPARTAMENTO, ALTERAR_SENHA, SENHA, DATA_CADASTRO) VALUES (200, 'ADMIN', 'ADMIN@XBRAIN.COM.BR', 'A', '43 3333-5555', '00978596994', 1, 1, 1, 'F', '$2a$10$5Km7U7CyDD5VIrkJPXPK8.px0hJE9n.NgGx2tGRa/Gu3e3xEumipm', CURRENT_DATE);

INSERT INTO USUARIO (ID, NOME, EMAIL_01, SITUACAO, TELEFONE_01, CPF, FK_UNIDADE_NEGOCIO, FK_CARGO, FK_DEPARTAMENTO, ALTERAR_SENHA, SENHA, DATA_CADASTRO)VALUES (201, 'HELP DESK', 'HELPDESK@XBRAIN.COM.BR', 'A', '43 3333-5555', '25793108602', 1, 2, 2, 'F', '$2a$10$5Km7U7CyDD5VIrkJPXPK8.px0hJE9n.NgGx2tGRa/Gu3e3xEumipm', CURRENT_DATE);

INSERT INTO USUARIO (ID, NOME, EMAIL_01, SITUACAO, TELEFONE_01, CPF, FK_UNIDADE_NEGOCIO, FK_CARGO, FK_DEPARTAMENTO, ALTERAR_SENHA, SENHA, DATA_CADASTRO) VALUES (202, 'ANDRE', 'ANDRE@XBRAIN.COM.BR', 'A', '43 3333-5555', '48405417877', 1, 1, 1, 'F', '$2a$10$5Km7U7CyDD5VIrkJPXPK8.px0hJE9n.NgGx2tGRa/Gu3e3xEumipm', CURRENT_DATE);

INSERT INTO USUARIO (ID, NOME, EMAIL_01, SITUACAO, TELEFONE_01, CPF, FK_UNIDADE_NEGOCIO, FK_CARGO, FK_DEPARTAMENTO, ALTERAR_SENHA, SENHA, DATA_CADASTRO) VALUES (203, 'DIEGO', 'DIEGO@XBRAIN.COM.BR', 'A', '43 3333-5555', '13541273747', 1, 1, 1, 'F', '$2a$10$5Km7U7CyDD5VIrkJPXPK8.px0hJE9n.NgGx2tGRa/Gu3e3xEumipm', CURRENT_DATE);

INSERT INTO USUARIO (ID, NOME, EMAIL_01, SITUACAO, TELEFONE_01, CPF, FK_UNIDADE_NEGOCIO, FK_CARGO, FK_DEPARTAMENTO, ALTERAR_SENHA, SENHA, DATA_CADASTRO) VALUES (204, 'LARISSA', 'LARISSARATTIGUERI@XBRAIN.COM.BR', 'A', '43 3333-5555', '25343758908', 1, 1, 1, 'F', '$2a$10$5Km7U7CyDD5VIrkJPXPK8.px0hJE9n.NgGx2tGRa/Gu3e3xEumipm', CURRENT_DATE);

INSERT INTO USUARIO (ID, NOME, EMAIL_01, SITUACAO, TELEFONE_01, CPF, FK_UNIDADE_NEGOCIO, FK_CARGO, FK_DEPARTAMENTO, ALTERAR_SENHA, SENHA, DATA_CADASTRO) VALUES (205, 'LUCAS', 'LUCASYOSHIOKA@XBRAIN.COM.BR', 'A', '43 3333-5555', '13086674776', 1, 1, 1, 'F', '$2a$10$5Km7U7CyDD5VIrkJPXPK8.px0hJE9n.NgGx2tGRa/Gu3e3xEumipm', CURRENT_DATE);

INSERT INTO USUARIO (ID, NOME, EMAIL_01, SITUACAO, TELEFONE_01, CPF, FK_UNIDADE_NEGOCIO, FK_CARGO, FK_DEPARTAMENTO, ALTERAR_SENHA, SENHA, DATA_CADASTRO) VALUES (207, 'DIOGO', 'DIOGO@XBRAIN.COM.BR', 'A', '43 3333-5555', '46162521222', 1, 1, 1, 'F', '$2a$10$5Km7U7CyDD5VIrkJPXPK8.px0hJE9n.NgGx2tGRa/Gu3e3xEumipm', CURRENT_DATE);

INSERT INTO FUNCIONALIDADE (ID, NOME, ROLE, FK_APLICACAO) VALUES (400, 'Gerenciar Usuários', 'AUT_GER_USUARIO',1);

INSERT INTO FUNCIONALIDADE (ID, NOME, ROLE, FK_APLICACAO) VALUES (401, 'Gerenciar Vendas', 'VDS_CAD_VENDA', 1);

INSERT INTO FUNCIONALIDADE (ID, NOME, ROLE, FK_APLICACAO) VALUES (402, 'Gerenciar Produtos', 'SPR_GER_PRODUTO',1);

INSERT INTO CARGO_DEPART_FUNC (ID, FK_CARGO, FK_DEPARTAMENTO, FK_FUNCIONALIDADE) VALUES (6000, 1, 1, 400);
INSERT INTO CARGO_DEPART_FUNC (ID, FK_CARGO, FK_DEPARTAMENTO, FK_FUNCIONALIDADE) VALUES (6001, 1, 1, 401);
INSERT INTO CARGO_DEPART_FUNC (ID, FK_CARGO, FK_DEPARTAMENTO, FK_FUNCIONALIDADE) VALUES (6002, 1, 1, 402);

INSERT INTO USUARIO_EMPRESA (FK_USUARIO, FK_EMPRESA) VALUES (200, 1);
INSERT INTO USUARIO_EMPRESA (FK_USUARIO, FK_EMPRESA) VALUES (201, 1);
INSERT INTO USUARIO_EMPRESA (FK_USUARIO, FK_EMPRESA) VALUES (202, 1);
INSERT INTO USUARIO_EMPRESA (FK_USUARIO, FK_EMPRESA) VALUES (203, 1);
INSERT INTO USUARIO_EMPRESA (FK_USUARIO, FK_EMPRESA) VALUES (204, 1);
INSERT INTO USUARIO_EMPRESA (FK_USUARIO, FK_EMPRESA) VALUES (205, 1);
INSERT INTO USUARIO_EMPRESA (FK_USUARIO, FK_EMPRESA) VALUES (207, 1);