-- USUÁRIOS --
INSERT INTO USUARIO (ID, SITUACAO, ALTERAR_SENHA, CPF, DATA_CADASTRO, EMAIL_01, NOME, SENHA, TELEFONE_01, FK_CARGO, FK_DEPARTAMENTO) values(100, 'A', 'F', '38957979875', SYSDATE, 'ADMIN@XBRAIN.COM.BR', 'ADMIN', '$2a$10$5Km7U7CyDD5VIrkJPXPK8.px0hJE9n.NgGx2tGRa/Gu3e3xEumipm', '99999', 50, 50);
INSERT INTO USUARIO (ID, SITUACAO, ALTERAR_SENHA, CPF, DATA_CADASTRO, EMAIL_01, NOME, SENHA, TELEFONE_01, FK_CARGO, FK_DEPARTAMENTO) values(101, 'A', 'F', '65710871036', SYSDATE, 'HELPDESK@XBRAIN.COM.BR', 'HELPDESK', '$2a$10$5Km7U7CyDD5VIrkJPXPK8.px0hJE9n.NgGx2tGRa/Gu3e3xEumipm', '99999', 51, 51);
INSERT INTO USUARIO (ID, SITUACAO, ALTERAR_SENHA, FK_CARGO, FK_DEPARTAMENTO, NOME, EMAIL_01, CPF, RG, TELEFONE_01, SENHA,  DATA_CADASTRO) VALUES (104, 'A', 'F', 7, 3, 'operacao_gerente_comercial', 'operacao_gerente_comercial@net.com.br', '672.678.130-03', '88888888', '9999', '$2a$10$5Km7U7CyDD5VIrkJPXPK8.px0hJE9n.NgGx2tGRa/Gu3e3xEumipm', SYSDATE);
INSERT INTO USUARIO (ID, SITUACAO, ALTERAR_SENHA, CPF, DATA_CADASTRO, EMAIL_01, NOME, SENHA, TELEFONE_01, FK_CARGO, FK_DEPARTAMENTO) values(105, 'I', 'F', '41842888803', SYSDATE, 'INATIVO@XBRAIN.COM.BR', 'INATIVO', '$2a$10$5Km7U7CyDD5VIrkJPXPK8.px0hJE9n.NgGx2tGRa/Gu3e3xEumipm', '99999', 50, 50);
INSERT INTO USUARIO (ID, SITUACAO, ALTERAR_SENHA, CPF, DATA_CADASTRO, EMAIL_01, NOME, SENHA, TELEFONE_01, FK_CARGO, FK_DEPARTAMENTO) VALUES(366, 'A', 'F', '28667582506', SYSDATE, 'mso_analistaadm_claromovel_pessoal@net.com.br', 'mso_analistaadm_claromovel_pessoal', '$2a$10$5Km7U7CyDD5VIrkJPXPK8.px0hJE9n.NgGx2tGRa/Gu3e3xEumipm', '99999', 20, 20);
INSERT INTO USUARIO (ID, SITUACAO, ALTERAR_SENHA, CPF, DATA_CADASTRO, EMAIL_01, NOME, SENHA, TELEFONE_01, FK_CARGO, FK_DEPARTAMENTO) values(369, 'A', 'F', '95710371231', SYSDATE, 'MARIA@XBRAIN.COM.BR', 'MARIA AUGUSTA', '$2a$10$5Km7U7CyDD5VIrkJPXPK8.px0hJE9n.NgGx2tGRa/Gu3e3xEumipm', '33333', 4, 3);
INSERT INTO USUARIO (ID, SITUACAO, ALTERAR_SENHA, CPF, DATA_CADASTRO, EMAIL_01, NOME, SENHA, TELEFONE_01, FK_CARGO, FK_DEPARTAMENTO) values(370, 'I', 'F', '11110379999', SYSDATE, 'HELIO@XBRAIN.COM.BR', 'HELIO OLIVEIRA', '$2a$10$5Km7U7CyDD5VIrkJPXPK8.px0hJE9n.NgGx2tGRa/Gu3e3xEumipm', '11111', 7, 3);
INSERT INTO USUARIO (ID, SITUACAO, ALTERAR_SENHA, CPF, DATA_CADASTRO, EMAIL_01, NOME, SENHA, TELEFONE_01, FK_CARGO, FK_DEPARTAMENTO) values(371, 'A', 'F', '46829952000', SYSDATE, 'GABRIEL@XBRAIN.COM.BR', 'GABRIEL TESTE', '$2a$10$5Km7U7CyDD5VIrkJPXPK8.px0hJE9n.NgGx2tGRa/Gu3e3xEumipm', '11111', 56, 2);

INSERT INTO USUARIO (ID, SITUACAO, ALTERAR_SENHA, CPF, DATA_CADASTRO, EMAIL_01, NOME, SENHA, TELEFONE_01, FK_CARGO, FK_DEPARTAMENTO) VALUES(368, 'A', 'F', '21145664523', SYSDATE, 'mso_analistaadm_claromovel_pessoal2@net.com.br', 'mso_analistaadm_claromovel_pessoal_dois', '$2a$10$5Km7U7CyDD5VIrkJPXXX8.px0hJE9n.NgGx2tGRa/Gu3e3xEumipm', '97999', 20, 20);
INSERT INTO USUARIO (ID, SITUACAO, ALTERAR_SENHA, CPF, DATA_CADASTRO, EMAIL_01, NOME, SENHA, TELEFONE_01, FK_CARGO, FK_DEPARTAMENTO) VALUES(367, 'P', 'F', '48177042092', SYSDATE, 'mso_analistaadm_claromovel123_pessoal@net.com.br', 'mso_analistaadm_claromovel_pessoal', '$2a$10$5Km7U7CyDD5VIrkJPXPK8.px0hJE9n.NgGx2tGRa/Gu3e3xEumipm', '99999', 20, 20);

INSERT INTO USUARIO (ID, NOME, EMAIL_01, SITUACAO, TELEFONE_01, CPF, FK_CARGO, FK_DEPARTAMENTO, ALTERAR_SENHA, SENHA, DATA_CADASTRO) VALUES (500, 'USUARIO TESTE', 'USUARIO_TESTE@GMAIL.COM', 'A', '43 3333-5555', '75952969874', 8, 50, 'F', '$2a$10$5Km7U7CyDD5VIrkJPXPK8.px0hJE9n.NgGx2tGRa/Gu3e3xEumipm', CURRENT_DATE);
INSERT INTO USUARIO (ID, NOME, EMAIL_01, SITUACAO, TELEFONE_01, CPF, FK_CARGO, FK_DEPARTAMENTO, ALTERAR_SENHA, SENHA, DATA_CADASTRO) VALUES (227, 'GERENTE OPERACAO', 'GERENTE_OPERACAO@GMAIL.COM', 'A', '43 3333-5555', '45723327704', 7, 50, 'F', '$2a$10$5Km7U7CyDD5VIrkJPXPK8.px0hJE9n.NgGx2tGRa/Gu3e3xEumipm', CURRENT_DATE);

INSERT INTO USUARIO (ID, NOME, EMAIL_01, SITUACAO, TELEFONE_01, CPF, FK_CARGO, FK_DEPARTAMENTO, ALTERAR_SENHA, SENHA, DATA_CADASTRO) VALUES (228, 'COORDENADOR OPERACAO 1', 'COORDENADOR_OPERACAO_1@GMAIL.COM', 'A', '43 3333-5555', '45723327705', 4, 50, 'F', '$2a$10$5Km7U7CyDD5VIrkJPXPK8.px0hJE9n.NgGx2tGRa/Gu3e3xEumipm', CURRENT_DATE);
INSERT INTO USUARIO (ID, NOME, EMAIL_01, SITUACAO, TELEFONE_01, CPF, FK_CARGO, FK_DEPARTAMENTO, ALTERAR_SENHA, SENHA, DATA_CADASTRO) VALUES (229, 'SUPERVISOR OPERACAO 1', 'SUPERVISOR_OPERACAO_1@GMAIL.COM', 'A', '43 3333-5555', '45723327706', 10, 50, 'F', '$2a$10$5Km7U7CyDD5VIrkJPXPK8.px0hJE9n.NgGx2tGRa/Gu3e3xEumipm', CURRENT_DATE);
INSERT INTO USUARIO (ID, NOME, EMAIL_01, SITUACAO, TELEFONE_01, CPF, FK_CARGO, FK_DEPARTAMENTO, ALTERAR_SENHA, SENHA, DATA_CADASTRO) VALUES (230, 'VENDEDOR OPERACAO 1', 'VENDEDOR_OPERACAO_1@GMAIL.COM', 'A', '43 3333-5555', '45723327706', 8, 50, 'F', '$2a$10$5Km7U7CyDD5VIrkJPXPK8.px0hJE9n.NgGx2tGRa/Gu3e3xEumipm', CURRENT_DATE);

INSERT INTO USUARIO (ID, NOME, EMAIL_01, SITUACAO, TELEFONE_01, CPF, FK_CARGO, FK_DEPARTAMENTO, ALTERAR_SENHA, SENHA, DATA_CADASTRO) VALUES (231, 'SUPERVISOR OPERACAO 2', 'SUPERVISOR_OPERACAO_2@GMAIL.COM', 'A', '43 3333-5555', '45723327706', 10, 50, 'F', '$2a$10$5Km7U7CyDD5VIrkJPXPK8.px0hJE9n.NgGx2tGRa/Gu3e3xEumipm', CURRENT_DATE);
INSERT INTO USUARIO (ID, NOME, EMAIL_01, SITUACAO, TELEFONE_01, CPF, FK_CARGO, FK_DEPARTAMENTO, ALTERAR_SENHA, SENHA, DATA_CADASTRO) VALUES (232, 'VENDEDOR OPERACAO 2', 'VENDEDOR_OPERACAO_2@GMAIL.COM', 'A', '43 3333-5555', '45723327708', 8, 50, 'F', '$2a$10$5Km7U7CyDD5VIrkJPXPK8.px0hJE9n.NgGx2tGRa/Gu3e3xEumipm', CURRENT_DATE);
INSERT INTO USUARIO (ID, NOME, EMAIL_01, SITUACAO, TELEFONE_01, CPF, FK_CARGO, FK_DEPARTAMENTO, ALTERAR_SENHA, SENHA, DATA_CADASTRO) VALUES (233, 'VENDEDOR OPERACAO 3', 'VENDEDOR_OPERACAO_3@GMAIL.COM', 'A', '43 3333-5555', '45723327709', 8, 50, 'F', '$2a$10$5Km7U7CyDD5VIrkJPXPK8.px0hJE9n.NgGx2tGRa/Gu3e3xEumipm', CURRENT_DATE);

INSERT INTO USUARIO (ID, NOME, EMAIL_01, SITUACAO, TELEFONE_01, CPF, FK_CARGO, FK_DEPARTAMENTO, ALTERAR_SENHA, SENHA, DATA_CADASTRO) VALUES (234, 'COORDENADOR OPERACAO 2', 'COORDENADOR_OPERACAO_2@GMAIL.COM', 'A', '43 3333-5555', '45723327707', 4, 50, 'F', '$2a$10$5Km7U7CyDD5VIrkJPXPK8.px0hJE9n.NgGx2tGRa/Gu3e3xEumipm', CURRENT_DATE);
INSERT INTO USUARIO (ID, NOME, EMAIL_01, SITUACAO, TELEFONE_01, CPF, FK_CARGO, FK_DEPARTAMENTO, ALTERAR_SENHA, SENHA, DATA_CADASTRO) VALUES (235, 'SUPERVISOR OPERACAO 3', 'SUPERVISOR_OPERACAO_3@GMAIL.COM', 'A', '43 3333-5555', '45723327706', 10, 50, 'F', '$2a$10$5Km7U7CyDD5VIrkJPXPK8.px0hJE9n.NgGx2tGRa/Gu3e3xEumipm', CURRENT_DATE);
INSERT INTO USUARIO (ID, NOME, EMAIL_01, SITUACAO, TELEFONE_01, CPF, FK_CARGO, FK_DEPARTAMENTO, ALTERAR_SENHA, SENHA, DATA_CADASTRO) VALUES (236, 'VENDEDOR OPERACAO 2', 'VENDEDOR_OPERACAO_2@GMAIL.COM', 'A', '43 3333-5555', '45723327708', 8, 50, 'F', '$2a$10$5Km7U7CyDD5VIrkJPXPK8.px0hJE9n.NgGx2tGRa/Gu3e3xEumipm', CURRENT_DATE);
INSERT INTO USUARIO (ID, NOME, EMAIL_01, SITUACAO, TELEFONE_01, CPF, FK_CARGO, FK_DEPARTAMENTO, ALTERAR_SENHA, SENHA, DATA_CADASTRO) VALUES (237, 'VENDEDOR OPERACAO 3', 'VENDEDOR_OPERACAO_3@GMAIL.COM', 'A', '43 3333-5555', '45723327709', 8, 50, 'F', '$2a$10$5Km7U7CyDD5VIrkJPXPK8.px0hJE9n.NgGx2tGRa/Gu3e3xEumipm', CURRENT_DATE);

INSERT INTO USUARIO (ID, NOME, EMAIL_01, SITUACAO, TELEFONE_01, CPF, FK_CARGO, FK_DEPARTAMENTO, ALTERAR_SENHA, SENHA, DATA_CADASTRO) VALUES (238, 'COORDENADOR OPERACAO 3', 'COORDENADOR_OPERACAO_3@GMAIL.COM', 'A', '43 3333-5555', '77552837209', 4, 50, 'F', '$2a$10$5Km7U7CyDD5VIrkJPXPK8.px0hJE9n.NgGx2tGRa/Gu3e3xEumipm', CURRENT_DATE);
INSERT INTO USUARIO (ID, NOME, EMAIL_01, SITUACAO, TELEFONE_01, CPF, FK_CARGO, FK_DEPARTAMENTO, ALTERAR_SENHA, SENHA, DATA_CADASTRO) VALUES (239, 'VENDEDOR OPERACAO 2', 'VENDEDOR_OPERACAO_2@GMAIL.COM', 'A', '43 3333-5555', '45723327708', 8, 50, 'F', '$2a$10$5Km7U7CyDD5VIrkJPXPK8.px0hJE9n.NgGx2tGRa/Gu3e3xEumipm', CURRENT_DATE);
INSERT INTO USUARIO (ID, NOME, EMAIL_01, SITUACAO, TELEFONE_01, CPF, FK_CARGO, FK_DEPARTAMENTO, ALTERAR_SENHA, SENHA, DATA_CADASTRO) VALUES (240, 'VENDEDOR OPERACAO 3', 'VENDEDOR_OPERACAO_3546@GMAIL.COM', 'I', '43 3333-5555', '77552837209', 8, 50, 'F', '$2a$10$5Km7U7CyDD5VIrkJPXPK8.px0hJE9n.NgGx2tGRa/Gu3e3xEumipm', CURRENT_DATE);
INSERT INTO USUARIO (ID, NOME, EMAIL_01, SITUACAO, TELEFONE_01, CPF, FK_CARGO, FK_DEPARTAMENTO, ALTERAR_SENHA, SENHA, DATA_CADASTRO) VALUES (241, 'VENDEDOR OPERACAO 2', 'VENDEDOR_OPERACAO_2@GMAIL.COM', 'I', '43 3333-5555', '45723327708', 8, 50, 'F', '$2a$10$5Km7U7CyDD5VIrkJPXPK8.px0hJE9n.NgGx2tGRa/Gu3e3xEumipm', CURRENT_DATE);
INSERT INTO USUARIO (ID, NOME, EMAIL_01, SITUACAO, TELEFONE_01, CPF, FK_CARGO, FK_DEPARTAMENTO, ALTERAR_SENHA, SENHA, DATA_CADASTRO) VALUES (242, 'VENDEDOR OPERACAO 3', 'VENDEDOR_OPERACAO_3@GMAIL.COM', 'A', '43 3333-5555', '45723327709', 8, 50, 'F', '$2a$10$5Km7U7CyDD5VIrkJPXPK8.px0hJE9n.NgGx2tGRa/Gu3e3xEumipm', CURRENT_DATE);
INSERT INTO USUARIO (ID, NOME, EMAIL_01, SITUACAO, TELEFONE_01, CPF, FK_CARGO, FK_DEPARTAMENTO, ALTERAR_SENHA, SENHA, DATA_CADASTRO) VALUES (243, 'VENDEDOR AA TELEVENDAS 3', 'VENDEDOR_AA_3@GMAIL.COM', 'I', '43 3333-5555', '45723327709', 58, 40, 'F', '$2a$10$5Km7U7CyDD5VIrkJPXPK8.px0hJE9n.NgGx2tGRa/Gu3e3xEumipm', CURRENT_DATE);
INSERT INTO USUARIO (ID, NOME, EMAIL_01, SITUACAO, TELEFONE_01, CPF, FK_CARGO, FK_DEPARTAMENTO, ALTERAR_SENHA, SENHA, DATA_CADASTRO) VALUES (244, 'VENDEDOR OPERACAO 3', 'VENDEDOR_OPERACAO_5678@GMAIL.COM', 'I', '43 3333-5555', '81192654080', 8, 50, 'F', '$2a$10$5Km7U7CyDD5VIrkJPXPK8.px0hJE9n.NgGx2tGRa/Gu3e3xEumipm', CURRENT_DATE);
INSERT INTO USUARIO (ID, NOME, EMAIL_01, SITUACAO, TELEFONE_01, CPF, FK_CARGO, FK_DEPARTAMENTO, ALTERAR_SENHA, SENHA, DATA_CADASTRO) VALUES (245, 'ALBERTO ALVES', 'ALBERTO_AA_@GMAIL.COM', 'I', '43 3333-1232', '55146494150', 41, 40, 'F', '$2a$10$5Km7U7CyDD5VIrkJPXPK8.px0hJE9n.NgGx2tGRa/Gu3e3xEumipm', CURRENT_DATE);
INSERT INTO USUARIO (ID, NOME, EMAIL_01, SITUACAO, TELEFONE_01, CPF, FK_CARGO, FK_DEPARTAMENTO, ALTERAR_SENHA, SENHA, DATA_CADASTRO) VALUES (246, 'JOAO FONSECA', 'JOAO_AA_@GMAIL.COM', 'I', '43 3333-1111', NULL, 40, 40, 'F', '$2a$10$5Km7U7CyDD5VIrkJPXPK8.px0hJE9n.NgGx2tGRa/Gu3e3xEumipm', CURRENT_DATE);
INSERT INTO USUARIO (ID, NOME, EMAIL_01, SITUACAO, TELEFONE_01, CPF, FK_CARGO, FK_DEPARTAMENTO, ALTERAR_SENHA, SENHA, DATA_CADASTRO) VALUES (247, 'VENDEDOR AA D2D 3', 'VENDEDOR_AA_D2D3@GMAIL.COM', 'A', '43 3333-5555', '45723327709', 57, 40, 'F', '$2a$10$5Km7U7CyDD5VIrkJPXPK8.px0hJE9n.NgGx2tGRa/Gu3e3xEumipm', CURRENT_DATE);

-- PERMISSÃO ESPECIAL --
INSERT INTO PERMISSAO_ESPECIAL (ID, DATA_CADASTRO, FK_FUNCIONALIDADE, FK_USUARIO, FK_USUARIO_CADASTRO) VALUES (2, CURRENT_DATE, 3005, 238, 101);

-- USUÁRIO CANAL --
INSERT INTO USUARIO_CANAL(FK_USUARIO, CANAL) VALUES (105, 'AGENTE_AUTORIZADO');
INSERT INTO USUARIO_CANAL(FK_USUARIO, CANAL) VALUES (366, 'AGENTE_AUTORIZADO');
INSERT INTO USUARIO_CANAL(FK_USUARIO, CANAL) VALUES (369, 'AGENTE_AUTORIZADO');
INSERT INTO USUARIO_CANAL(FK_USUARIO, CANAL) VALUES (233, 'D2D_PROPRIO');
INSERT INTO USUARIO_CANAL(FK_USUARIO, CANAL) VALUES (234, 'D2D_PROPRIO');
INSERT INTO USUARIO_CANAL(FK_USUARIO, CANAL) VALUES (235, 'D2D_PROPRIO');
INSERT INTO USUARIO_CANAL(FK_USUARIO, CANAL) VALUES (236, 'D2D_PROPRIO');
INSERT INTO USUARIO_CANAL(FK_USUARIO, CANAL) VALUES (237, 'D2D_PROPRIO');
INSERT INTO USUARIO_CANAL(FK_USUARIO, CANAL) VALUES (238, 'D2D_PROPRIO');
INSERT INTO USUARIO_CANAL(FK_USUARIO, CANAL) VALUES (239, 'D2D_PROPRIO');
INSERT INTO USUARIO_CANAL(FK_USUARIO, CANAL) VALUES (239, 'AGENTE_AUTORIZADO');
INSERT INTO USUARIO_CANAL(FK_USUARIO, CANAL) VALUES (240, 'D2D_PROPRIO');
INSERT INTO USUARIO_CANAL(FK_USUARIO, CANAL) VALUES (240, 'AGENTE_AUTORIZADO');

-- USUÁRIO SUBCANAL --
INSERT INTO USUARIO_SUBCANAL(FK_USUARIO, FK_SUBCANAL) VALUES (233, 1);

-- USUÁRIO EMPRESA --
INSERT INTO USUARIO_EMPRESA (FK_USUARIO, FK_EMPRESA) VALUES (100, 4);
INSERT INTO USUARIO_EMPRESA (FK_USUARIO, FK_EMPRESA) VALUES (101, 1);
INSERT INTO USUARIO_EMPRESA (FK_USUARIO, FK_EMPRESA) VALUES (104, 1);
INSERT INTO USUARIO_EMPRESA (FK_USUARIO, FK_EMPRESA) VALUES (227, 3);
INSERT INTO USUARIO_EMPRESA (FK_USUARIO, FK_EMPRESA) VALUES (228, 3);
INSERT INTO USUARIO_EMPRESA (FK_USUARIO, FK_EMPRESA) VALUES (229, 3);
INSERT INTO USUARIO_EMPRESA (FK_USUARIO, FK_EMPRESA) VALUES (230, 3);
INSERT INTO USUARIO_EMPRESA (FK_USUARIO, FK_EMPRESA) VALUES (231, 3);
INSERT INTO USUARIO_EMPRESA (FK_USUARIO, FK_EMPRESA) VALUES (232, 3);
INSERT INTO USUARIO_EMPRESA (FK_USUARIO, FK_EMPRESA) VALUES (233, 3);
INSERT INTO USUARIO_EMPRESA (FK_USUARIO, FK_EMPRESA) VALUES (234, 3);
INSERT INTO USUARIO_EMPRESA (FK_USUARIO, FK_EMPRESA) VALUES (235, 3);
INSERT INTO USUARIO_EMPRESA (FK_USUARIO, FK_EMPRESA) VALUES (236, 3);
INSERT INTO USUARIO_EMPRESA (FK_USUARIO, FK_EMPRESA) VALUES (237, 3);
INSERT INTO USUARIO_EMPRESA (FK_USUARIO, FK_EMPRESA) VALUES (238, 3);
INSERT INTO USUARIO_EMPRESA (FK_USUARIO, FK_EMPRESA) VALUES (239, 3);
INSERT INTO USUARIO_EMPRESA (FK_USUARIO, FK_EMPRESA) VALUES (240, 3);
INSERT INTO USUARIO_EMPRESA (FK_USUARIO, FK_EMPRESA) VALUES (241, 3);
INSERT INTO USUARIO_EMPRESA (FK_USUARIO, FK_EMPRESA) VALUES (242, 3);
INSERT INTO USUARIO_EMPRESA (FK_USUARIO, FK_EMPRESA) VALUES (500, 3);
INSERT INTO USUARIO_EMPRESA (FK_USUARIO, FK_EMPRESA) VALUES (500, 4);
INSERT INTO USUARIO_EMPRESA (FK_USUARIO, FK_EMPRESA) VALUES (369, 1);
INSERT INTO USUARIO_EMPRESA (FK_USUARIO, FK_EMPRESA) VALUES (370, 1);

-- USUÁRIO UNIDADE NEGÓCIO
INSERT INTO USUARIO_UNIDADE_NEGOCIO (FK_USUARIO, FK_UNIDADE_NEGOCIO) VALUES(100, 3);
INSERT INTO USUARIO_UNIDADE_NEGOCIO (FK_USUARIO, FK_UNIDADE_NEGOCIO) VALUES(101, 1);
INSERT INTO USUARIO_UNIDADE_NEGOCIO (FK_USUARIO, FK_UNIDADE_NEGOCIO) VALUES(104, 1);
INSERT INTO USUARIO_UNIDADE_NEGOCIO (FK_USUARIO, FK_UNIDADE_NEGOCIO) VALUES(105, 3);
INSERT INTO USUARIO_UNIDADE_NEGOCIO (FK_USUARIO, FK_UNIDADE_NEGOCIO) VALUES(230, 1);
INSERT INTO USUARIO_UNIDADE_NEGOCIO (FK_USUARIO, FK_UNIDADE_NEGOCIO) VALUES(366, 1);
INSERT INTO USUARIO_UNIDADE_NEGOCIO (FK_USUARIO, FK_UNIDADE_NEGOCIO) VALUES(227, 1);
INSERT INTO USUARIO_UNIDADE_NEGOCIO (FK_USUARIO, FK_UNIDADE_NEGOCIO) VALUES(228, 1);
INSERT INTO USUARIO_UNIDADE_NEGOCIO (FK_USUARIO, FK_UNIDADE_NEGOCIO) VALUES(229, 1);
INSERT INTO USUARIO_UNIDADE_NEGOCIO (FK_USUARIO, FK_UNIDADE_NEGOCIO) VALUES(230, 1);
INSERT INTO USUARIO_UNIDADE_NEGOCIO (FK_USUARIO, FK_UNIDADE_NEGOCIO) VALUES(231, 1);
INSERT INTO USUARIO_UNIDADE_NEGOCIO (FK_USUARIO, FK_UNIDADE_NEGOCIO) VALUES(232, 1);
INSERT INTO USUARIO_UNIDADE_NEGOCIO (FK_USUARIO, FK_UNIDADE_NEGOCIO) VALUES(233, 1);
INSERT INTO USUARIO_UNIDADE_NEGOCIO (FK_USUARIO, FK_UNIDADE_NEGOCIO) VALUES(234, 1);
INSERT INTO USUARIO_UNIDADE_NEGOCIO (FK_USUARIO, FK_UNIDADE_NEGOCIO) VALUES(235, 1);
INSERT INTO USUARIO_UNIDADE_NEGOCIO (FK_USUARIO, FK_UNIDADE_NEGOCIO) VALUES(236, 1);
INSERT INTO USUARIO_UNIDADE_NEGOCIO (FK_USUARIO, FK_UNIDADE_NEGOCIO) VALUES(237, 1);
INSERT INTO USUARIO_UNIDADE_NEGOCIO (FK_USUARIO, FK_UNIDADE_NEGOCIO) VALUES(238, 1);
INSERT INTO USUARIO_UNIDADE_NEGOCIO (FK_USUARIO, FK_UNIDADE_NEGOCIO) VALUES(239, 1);
INSERT INTO USUARIO_UNIDADE_NEGOCIO (FK_USUARIO, FK_UNIDADE_NEGOCIO) VALUES(240, 1);
INSERT INTO USUARIO_UNIDADE_NEGOCIO (FK_USUARIO, FK_UNIDADE_NEGOCIO) VALUES(241, 1);
INSERT INTO USUARIO_UNIDADE_NEGOCIO (FK_USUARIO, FK_UNIDADE_NEGOCIO) VALUES(242, 1);
INSERT INTO USUARIO_UNIDADE_NEGOCIO (FK_USUARIO, FK_UNIDADE_NEGOCIO) VALUES(500, 1);
INSERT INTO USUARIO_UNIDADE_NEGOCIO (FK_USUARIO, FK_UNIDADE_NEGOCIO) VALUES(500, 3);
INSERT INTO USUARIO_UNIDADE_NEGOCIO (FK_USUARIO, FK_UNIDADE_NEGOCIO) VALUES(369, 1);
INSERT INTO USUARIO_UNIDADE_NEGOCIO (FK_USUARIO, FK_UNIDADE_NEGOCIO) VALUES(370, 1);

-- USUÁRIO CIDADE --
INSERT INTO USUARIO_CIDADE (FK_USUARIO, FK_CIDADE, FK_USUARIO_CADASTRO, DATA_CADASTRO) VALUES (100, 5578, 100, to_date('01/01/2000 00:00:00', 'dd/mm/yyyy hh24:mi:ss'));
INSERT INTO USUARIO_CIDADE (FK_USUARIO, FK_CIDADE, FK_USUARIO_CADASTRO, DATA_CADASTRO) VALUES (104, 5578, 100, to_date('01/01/2000 00:00:00', 'dd/mm/yyyy hh24:mi:ss'));
INSERT INTO USUARIO_CIDADE (FK_USUARIO, FK_CIDADE, FK_USUARIO_CADASTRO, DATA_CADASTRO) VALUES (233, 5578, 100, to_date('01/01/2000 00:00:00', 'dd/mm/yyyy hh24:mi:ss'));
INSERT INTO USUARIO_CIDADE (FK_USUARIO, FK_CIDADE, FK_USUARIO_CADASTRO, DATA_CADASTRO) VALUES (234, 5578, 100, to_date('01/01/2000 00:00:00', 'dd/mm/yyyy hh24:mi:ss'));
INSERT INTO USUARIO_CIDADE (FK_USUARIO, FK_CIDADE, FK_USUARIO_CADASTRO, DATA_CADASTRO) VALUES (235, 5578, 100, to_date('01/01/2000 00:00:00', 'dd/mm/yyyy hh24:mi:ss'));
INSERT INTO USUARIO_CIDADE (FK_USUARIO, FK_CIDADE, FK_USUARIO_CADASTRO, DATA_CADASTRO) VALUES (236, 5578, 100, to_date('01/01/2000 00:00:00', 'dd/mm/yyyy hh24:mi:ss'));
INSERT INTO USUARIO_CIDADE (FK_USUARIO, FK_CIDADE, FK_USUARIO_CADASTRO, DATA_CADASTRO) VALUES (237, 5578, 100, to_date('01/01/2000 00:00:00', 'dd/mm/yyyy hh24:mi:ss'));
INSERT INTO USUARIO_CIDADE (FK_USUARIO, FK_CIDADE, FK_USUARIO_CADASTRO, DATA_CADASTRO) VALUES (238, 5578, 100, to_date('01/01/2000 00:00:00', 'dd/mm/yyyy hh24:mi:ss'));
INSERT INTO USUARIO_CIDADE (FK_USUARIO, FK_CIDADE, FK_USUARIO_CADASTRO, DATA_CADASTRO) VALUES (239, 5578, 100, to_date('01/01/2000 00:00:00', 'dd/mm/yyyy hh24:mi:ss'));
INSERT INTO USUARIO_CIDADE (FK_USUARIO, FK_CIDADE, FK_USUARIO_CADASTRO, DATA_CADASTRO) VALUES (240, 5578, 100, to_date('01/01/2000 00:00:00', 'dd/mm/yyyy hh24:mi:ss'));
INSERT INTO USUARIO_CIDADE (FK_USUARIO, FK_CIDADE, FK_USUARIO_CADASTRO, DATA_CADASTRO) VALUES (369, 5578, 100, to_date('01/01/2000 00:00:00', 'dd/mm/yyyy hh24:mi:ss'));
INSERT INTO USUARIO_CIDADE (FK_USUARIO, FK_CIDADE, FK_USUARIO_CADASTRO, DATA_CADASTRO) VALUES (370, 5578, 100, to_date('01/01/2000 00:00:00', 'dd/mm/yyyy hh24:mi:ss'));

-- USUÁRIO HIERARQUIA --
INSERT INTO USUARIO_HIERARQUIA (FK_USUARIO, FK_USUARIO_SUPERIOR, DATA_CADASTRO, FK_USUARIO_CADASTRO) VALUES (101, 104, to_date('01/01/2000 00:00:00', 'dd/mm/yyyy hh24:mi:ss'), 100);
INSERT INTO USUARIO_HIERARQUIA (FK_USUARIO, FK_USUARIO_SUPERIOR, DATA_CADASTRO, FK_USUARIO_CADASTRO) VALUES (101, 369, to_date('01/01/2000 00:00:00', 'dd/mm/yyyy hh24:mi:ss'), 100);
INSERT INTO USUARIO_HIERARQUIA (FK_USUARIO, FK_USUARIO_SUPERIOR, DATA_CADASTRO, FK_USUARIO_CADASTRO) VALUES (101, 370, to_date('01/01/2000 00:00:00', 'dd/mm/yyyy hh24:mi:ss'), 100);
INSERT INTO USUARIO_HIERARQUIA (FK_USUARIO, FK_USUARIO_SUPERIOR, DATA_CADASTRO, FK_USUARIO_CADASTRO) VALUES (104, 105, to_date('01/01/2000 00:00:00', 'dd/mm/yyyy hh24:mi:ss'), 100);

INSERT INTO USUARIO_HIERARQUIA (FK_USUARIO, FK_USUARIO_SUPERIOR, DATA_CADASTRO, FK_USUARIO_CADASTRO) VALUES (228, 227, to_date('01/01/2000 00:00:00', 'dd/mm/yyyy hh24:mi:ss'), 100);
INSERT INTO USUARIO_HIERARQUIA (FK_USUARIO, FK_USUARIO_SUPERIOR, DATA_CADASTRO, FK_USUARIO_CADASTRO) VALUES (229, 228, to_date('01/01/2000 00:00:00', 'dd/mm/yyyy hh24:mi:ss'), 100);
INSERT INTO USUARIO_HIERARQUIA (FK_USUARIO, FK_USUARIO_SUPERIOR, DATA_CADASTRO, FK_USUARIO_CADASTRO) VALUES (230, 229, to_date('01/01/2000 00:00:00', 'dd/mm/yyyy hh24:mi:ss'), 100);

INSERT INTO USUARIO_HIERARQUIA (FK_USUARIO, FK_USUARIO_SUPERIOR, DATA_CADASTRO, FK_USUARIO_CADASTRO) VALUES (231, 228, to_date('01/01/2000 00:00:00', 'dd/mm/yyyy hh24:mi:ss'), 100);
INSERT INTO USUARIO_HIERARQUIA (FK_USUARIO, FK_USUARIO_SUPERIOR, DATA_CADASTRO, FK_USUARIO_CADASTRO) VALUES (232, 231, to_date('01/01/2000 00:00:00', 'dd/mm/yyyy hh24:mi:ss'), 100);
INSERT INTO USUARIO_HIERARQUIA (FK_USUARIO, FK_USUARIO_SUPERIOR, DATA_CADASTRO, FK_USUARIO_CADASTRO) VALUES (233, 231, to_date('01/01/2000 00:00:00', 'dd/mm/yyyy hh24:mi:ss'), 100);

INSERT INTO USUARIO_HIERARQUIA (FK_USUARIO, FK_USUARIO_SUPERIOR, DATA_CADASTRO, FK_USUARIO_CADASTRO) VALUES (234, 227, to_date('01/01/2000 00:00:00', 'dd/mm/yyyy hh24:mi:ss'), 100);
INSERT INTO USUARIO_HIERARQUIA (FK_USUARIO, FK_USUARIO_SUPERIOR, DATA_CADASTRO, FK_USUARIO_CADASTRO) VALUES (235, 234, to_date('01/01/2000 00:00:00', 'dd/mm/yyyy hh24:mi:ss'), 100);
INSERT INTO USUARIO_HIERARQUIA (FK_USUARIO, FK_USUARIO_SUPERIOR, DATA_CADASTRO, FK_USUARIO_CADASTRO) VALUES (236, 235, to_date('01/01/2000 00:00:00', 'dd/mm/yyyy hh24:mi:ss'), 100);
INSERT INTO USUARIO_HIERARQUIA (FK_USUARIO, FK_USUARIO_SUPERIOR, DATA_CADASTRO, FK_USUARIO_CADASTRO) VALUES (237, 235, to_date('01/01/2000 00:00:00', 'dd/mm/yyyy hh24:mi:ss'), 100);

INSERT INTO USUARIO_HIERARQUIA (FK_USUARIO, FK_USUARIO_SUPERIOR, DATA_CADASTRO, FK_USUARIO_CADASTRO) VALUES (238, 227, to_date('01/01/2000 00:00:00', 'dd/mm/yyyy hh24:mi:ss'), 100);

-- CARGO DEPARTAMENTO FUNCIONALIDADE --
-- INSERT INTO CARGO_DEPART_FUNC (ID, FK_CARGO, FK_DEPARTAMENTO, FK_FUNCIONALIDADE) VALUES (SEQ_CARGO_DEPART_FUNC.nextval, 7, 3, 226);

-- USUÁRIO HISTORICO --
INSERT INTO USUARIO_HISTORICO (ID, DATA_CADASTRO, SITUACAO, FK_MOTIVO_INATIV, FK_USUARIO, FK_USUARIO_ALTERACAO) VALUES (100, SYSDATE - 30, 'A', 5, 100, 100);
INSERT INTO USUARIO_HISTORICO (ID, DATA_CADASTRO, SITUACAO, FK_MOTIVO_INATIV, FK_USUARIO, FK_USUARIO_ALTERACAO) VALUES (102, SYSDATE, 'I', 5, 366, 366);
INSERT INTO USUARIO_HISTORICO (ID, DATA_CADASTRO, SITUACAO, FK_MOTIVO_INATIV, FK_USUARIO, FK_USUARIO_ALTERACAO) VALUES (103, SYSDATE - 32, 'A', 5, 104, 104);
INSERT INTO USUARIO_HISTORICO (ID, DATA_CADASTRO, SITUACAO, FK_MOTIVO_INATIV, FK_USUARIO, FK_USUARIO_ALTERACAO) VALUES (104, SYSDATE - 32, 'A', 5, 101, 101);

-- ORGANIZAÇÃO EMPRESA
INSERT INTO ORGANIZACAO_EMPRESA (ID, CODIGO, DESCRICAO, NOME, DATA_CADASTRO, FK_USUARIO_CADASTRO, SITUACAO, FK_NIVEL) VALUES (1, 'INTERNET', 'INTERNET', 'INTERNET', TO_DATE('17/02/2018 10:50:00', 'dd/mm/yyyy hh24:mi:ss'), 100, 'A', 6);
INSERT INTO USUARIO (ID, SITUACAO, ALTERAR_SENHA, CPF, DATA_CADASTRO, EMAIL_01, NOME, SENHA, TELEFONE_01, FK_CARGO, FK_DEPARTAMENTO, FK_ORGANIZACAO_EMPRESA) values(248, 'A', 'F', '65710871037', SYSDATE, 'HELPDESK2@XBRAIN.COM.BR', 'HELPDESK 2', '$2a$10$5Km7U7CyDD5VIrkJPXPK8.px0hJE9n.NgGx2tGRa/Gu3e3xEumipm', '99999', 51, 51, 1);