-- USUARIO
INSERT INTO USUARIO (ID, SITUACAO, ALTERAR_SENHA, CPF, DATA_CADASTRO, EMAIL_01, NOME, SENHA, FK_CARGO, FK_DEPARTAMENTO, DATA_ULTIMO_ACESSO, DATA_REATIVACAO)
    VALUES (100, 'A', 'F', '0', SYSDATE - 15, 'ADMIN@XBRAIN.COM.BR', 'ADMIN', '$', 50, 50, NULL, NULL),
           (101, 'A', 'F', '0', CURRENT_DATE, 'ADMIN@XBRAIN.COM.BR', 'ADMIN', '$', 50, 50, NULL, SYSDATE),
           (102, 'I', 'F', '0', CURRENT_DATE, 'JOAO@GMAIL.COM', 'JOAO', '$', 50, 50, NULL, SYSDATE),
           (103, 'A', 'F', '0', SYSDATE - 32, 'CARLOS@HOTMAIL.COM', 'CARLOS', '$', 50, 50, NULL, (SYSDATE - 3)),
           (104, 'A', 'F', '0', SYSDATE - 47, 'MARIA@HOTMAIL.COM', 'MARIA', '$', 50, 50, NULL, (SYSDATE - 5)),
           (106, 'A', 'F', '0', SYSDATE - 100, 'ALBERTO@HOTMAIL.COM', 'ALBERTO', '$', 50, 50, SYSDATE - 2, SYSDATE),
           (107, 'A', 'F', '0', SYSDATE - 100, 'EXECUTIVO1@TESTE.COM', 'EXECUTIVO 1', '$', 5, 3, SYSDATE - 2, SYSDATE),
           (108, 'A', 'F', '0', SYSDATE - 100, 'EXECUTIVO2@TESTE.COM', 'EXECUTIVO 2', '$', 5, 3, SYSDATE - 2, SYSDATE),
           (109, 'A', 'F', '0', SYSDATE - 100, 'COORDENADOR@TESTE.COM', 'COORDENADOR', '$', 4, 3, SYSDATE - 2, SYSDATE),
           (110, 'A', 'F', '0', SYSDATE - 90, 'EXECUTIVOHUNTER1@TESTE.COM', 'HUNTER 1', '$', 95, 3, NULL, SYSDATE),
           (111, 'A', 'F', '0', SYSDATE - 90, 'EXECUTIVOHUNTER2@TESTE.COM', 'HUNTER 2', '$', 95, 3, NULL, SYSDATE),
           (112, 'I', 'F', '0', SYSDATE - 90, 'EXECUTIVOHUNTER3@TESTE.COM', 'HUNTER 3', '$', 95, 3, NULL, SYSDATE),
           (113, 'I', 'F', '0', SYSDATE - 100, 'RENATO@TESTE.COM', 'EXECUTIVO 3 INATIVO', '$', 5, 3, SYSDATE - 2, SYSDATE),
           (114, 'A', 'F', '0', SYSDATE - 100, 'SUPERVISOR@TESTE.COM', 'SUPERVISOR', '$', 10, 3, (SYSDATE - 33), NULL),
           (115, 'A', 'F', '0', SYSDATE - 100, 'SUPERVISOR@TESTE.COM', 'SUPERVISOR 1', '$', 10, 3, (SYSDATE - 32), NULL),
           (116, 'A', 'F', '0', SYSDATE - 100, 'SUPERVISOR@TESTE.COM', 'SUPERVISOR 2', '$', 10, 3, (SYSDATE - 40), (SYSDATE - 4)),
           (217, 'A', 'F', '0', SYSDATE - 100, 'VIABILIDADE@TESTE.COM', 'ADMIN', '$', 50, 50, (SYSDATE - 33), NULL),
           (218, 'A', 'F', '0', SYSDATE - 100, 'INTEGRACAO@TESTE.COM', 'INTEGRACAO', '$', 2001, 2001, (SYSDATE - 33), NULL),
           (219, 'A', 'F', '0', SYSDATE - 100, 'INTERNETVENDEDOR@TESTE.COM', 'INTERNETVENDEDOR', '$', 504, 3, NULL, NULL),
           (220, 'R', 'F', '1', SYSDATE - 90, 'USUARIOPAPINDIRETOREMANEJADO@TESTE.COM', 'USUARIO PAP INDIRETO REMANEJADO', '$', 504, 3, NULL, NULL),
           (221, 'A', 'F', '1', SYSDATE - 100, 'USUARIOPAPINDIRETO@TESTE.COM', 'USUARIO PAP INDIRETO', '$', 504, 3, NULL, NULL);

INSERT INTO USUARIO (ID, SITUACAO, ALTERAR_SENHA, CPF, DATA_CADASTRO, EMAIL_01, NOME, SENHA, FK_CARGO, FK_DEPARTAMENTO) VALUES (117, 'A', 'F', '0', SYSDATE - 90, 'EXECUTIVOHUNTER1@TESTE.COM', 'HUNTER 1', '$', 95, 3);
INSERT INTO USUARIO (ID, SITUACAO, ALTERAR_SENHA, CPF, DATA_CADASTRO, EMAIL_01, NOME, SENHA, FK_CARGO, FK_DEPARTAMENTO) VALUES (118, 'A', 'F', '0', SYSDATE - 90, 'EXECUTIVOHUNTER2@TESTE.COM', 'HUNTER 2', '$', 95, 3);
INSERT INTO USUARIO (ID, SITUACAO, ALTERAR_SENHA, CPF, DATA_CADASTRO, EMAIL_01, NOME, SENHA, FK_CARGO, FK_DEPARTAMENTO) VALUES (119, 'I', 'F', '0', SYSDATE - 90, 'EXECUTIVOHUNTER3@TESTE.COM', 'HUNTER 3', '$', 95, 3);

INSERT INTO USUARIO (ID, FK_USUARIO_CADASTRO, ALTERAR_SENHA, DATA_CADASTRO, EMAIL_01, NOME, SENHA, SITUACAO, FK_CARGO, FK_DEPARTAMENTO)
VALUES (200, 100, 'F', SYSDATE - 2, 'USUARIO_200@TESTE.COM', 'USUARIO 200', 'SENHA 200', 'A', 50, 50),
       (300, 100, 'F', SYSDATE - 2, 'USUARIO_300@TESTE.COM', 'USUARIO 300', 'SENHA 300', 'A', 50, 50),
       (400, 100, 'F', SYSDATE - 2, 'USUARIO_400@TESTE.COM', 'USUARIO 400', 'SENHA 400', 'A', 50, 50),
       (500, 100, 'F', SYSDATE - 2, 'USUARIO_500@TESTE.COM', 'USUARIO 500', 'SENHA 500', 'A', 58, 40),
       (600, 100, 'F', SYSDATE - 2, 'USUARIO_600@TESTE.COM', 'USUARIO 600', 'SENHA 600', 'R', 58, 40),
       (700, 100, 'F', SYSDATE - 2, 'USUARIO_700@TESTE.COM', 'USUARIO 700', 'SENHA 700', 'I', 58, 40);

INSERT INTO USUARIO_HIERARQUIA (FK_USUARIO, FK_USUARIO_SUPERIOR, FK_USUARIO_CADASTRO, DATA_CADASTRO)
    VALUES (107, 109, 109, SYSDATE),
           (108, 109, 109, SYSDATE),
           (114, 109, 109, SYSDATE),
           (115, 109, 109, TO_DATE('01/04/2020 10:00', 'DD/MM/YYYY HH24:MI')),
           (115, 113, 113, TO_DATE('03/04/2020 12:00', 'DD/MM/YYYY HH24:MI'));

-- UF
INSERT INTO UF (ID, NOME, UF) VALUES (7000, 'PARANÁ', 'PR');

-- CIDADE
INSERT INTO CIDADE (ID, NOME, FK_UF) VALUES (7000, 'LONDRINA', 7000);

-- USUARIO CIDADE
INSERT INTO USUARIO_CIDADE (FK_USUARIO, FK_CIDADE, FK_USUARIO_CADASTRO, DATA_CADASTRO, DATA_BAIXA)
    VALUES (100, 5578, 100, CURRENT_DATE, NULL),
           (100, 3237, 100, CURRENT_DATE, NULL),
           (100, 4498, 100, CURRENT_DATE, NULL),
           (100, 879, 100, CURRENT_DATE, CURRENT_DATE),
           (101, 5107, 100, CURRENT_DATE, NULL),
           (115, 3237, 115, CURRENT_DATE, NULL),
           (115, 5578, 115, CURRENT_DATE, NULL),
           (116, 7000, 116, CURRENT_DATE, NULL);

-- PERMISSAO ESPECIAL
INSERT INTO PERMISSAO_ESPECIAL (ID, DATA_CADASTRO, FK_FUNCIONALIDADE, FK_USUARIO, FK_USUARIO_CADASTRO) VALUES (SEQ_PERMISSAO_ESPECIAL.nextval, CURRENT_DATE, 14003, 100, 100);

INSERT INTO USUARIO_CANAL (FK_USUARIO, CANAL)
VALUES (110, 'AGENTE_AUTORIZADO'),
(110, 'D2D_PROPRIO'),
(111, 'AGENTE_AUTORIZADO'),
(112, 'AGENTE_AUTORIZADO');

INSERT INTO USUARIO (ID, SITUACAO, ALTERAR_SENHA, CPF, DATA_CADASTRO, EMAIL_01, NOME, SENHA, FK_CARGO, FK_DEPARTAMENTO) VALUES (121, 'A', 'F', '0', SYSDATE, 'VENDEDORRECP1@TESTE.COM', 'VR 1', '$', 63, 57);
INSERT INTO USUARIO (ID, SITUACAO, ALTERAR_SENHA, CPF, DATA_CADASTRO, EMAIL_01, NOME, SENHA, FK_CARGO, FK_DEPARTAMENTO) VALUES (122, 'A', 'F', '0', SYSDATE, 'VENDEDORRECP2@TESTE.COM', 'VR 2', '$', 63, 57);
INSERT INTO USUARIO (ID, SITUACAO, ALTERAR_SENHA, CPF, DATA_CADASTRO, EMAIL_01, NOME, SENHA, FK_CARGO, FK_DEPARTAMENTO) VALUES (123, 'A', 'F', '0', SYSDATE, 'VENDEDORRECP3@TESTE.COM', 'VR 3', '$', 63, 57);

INSERT INTO USUARIO (ID, SITUACAO, ALTERAR_SENHA, CPF, DATA_CADASTRO, EMAIL_01, NOME, SENHA, FK_CARGO, FK_DEPARTAMENTO) VALUES (124, 'A', 'F', '0', SYSDATE, 'EXECUTIVOOP@TESTE.COM', 'EXECUTIVO OP', '$', 5, 3);
INSERT INTO USUARIO (ID, SITUACAO, ALTERAR_SENHA, CPF, DATA_CADASTRO, EMAIL_01, NOME, SENHA, FK_CARGO, FK_DEPARTAMENTO) VALUES (125, 'A', 'F', '0', SYSDATE, 'ASSISTENTEOP@TESTE.COM', 'ASSISTENTE OP', '$', 2, 3);

INSERT INTO USUARIO_CANAL (FK_USUARIO, CANAL)
VALUES (125,'AGENTE_AUTORIZADO'),
       (107,'AGENTE_AUTORIZADO'),
       (108,'AGENTE_AUTORIZADO'),
       (124,'AGENTE_AUTORIZADO');