INSERT INTO NIVEL (ID, CODIGO, EXIBIR_CAD_USUARIO, NOME, SITUACAO) VALUES(101, 'LOJAS', 'V', 'Lojas', 'A');
INSERT INTO NIVEL (ID, CODIGO, EXIBIR_CAD_USUARIO, NOME, SITUACAO) VALUES(102, 'RECEPTIVO', 'V', 'Receptivo', 'A');
INSERT INTO NIVEL (ID, CODIGO, EXIBIR_CAD_USUARIO, NOME, SITUACAO) VALUES(103, 'BACKOFFICE_CENTRALIZADO', 'V', 'Backoffice Centralizado', 'A');

INSERT INTO CARGO (ID, CODIGO, NOME, SITUACAO, FK_NIVEL) VALUES (5001, 'VENDEDOR_LOJAS', 'Vendedor Lojas', 'A', 101);
INSERT INTO CARGO (ID, CODIGO, NOME, SITUACAO, FK_NIVEL) VALUES (5002, 'VENDEDOR_RECEPTIVO', 'Vendedor Receptivo', 'A', 102);
INSERT INTO CARGO (ID, CODIGO, NOME, SITUACAO, FK_NIVEL) VALUES (5003, 'BACKOFFICE_ANALISTA_TRATAMENTO_VENDAS', 'Analista de Tratamento de Vendas', 'A', 103);

INSERT INTO DEPARTAMENTO (ID, CODIGO, NOME, SITUACAO, FK_NIVEL) VALUES (301, NULL, 'Comercial', 'A', 101);

INSERT INTO APLICACAO (ID, NOME, CODIGO) VALUES (401, 'VENDAS', 'VDS');
INSERT INTO APLICACAO (ID, NOME, CODIGO) VALUES (402, 'BACKOFFICE', 'BKO');

INSERT INTO FUNCIONALIDADE (ID, NOME, ROLE, FK_APLICACAO) VALUES (1001, 'Abrir Tratativas Vendas', 'VDS_1001', 401);
INSERT INTO FUNCIONALIDADE (ID, NOME, ROLE, FK_APLICACAO) VALUES (1002, 'Abrir Tratativas Backoffice', 'BKO_1002', 402);

INSERT INTO CARGO_DEPART_FUNC (ID, FK_CARGO, FK_DEPARTAMENTO, FK_FUNCIONALIDADE) VALUES (6000, 5001, 301, 1001);
INSERT INTO CARGO_DEPART_FUNC (ID, FK_CARGO, FK_DEPARTAMENTO, FK_FUNCIONALIDADE) VALUES (6001, 5002, 301, 1001);
INSERT INTO CARGO_DEPART_FUNC (ID, FK_CARGO, FK_DEPARTAMENTO, FK_FUNCIONALIDADE) VALUES (6002, 5003, 301, 1002);

