-- USUÁRIOS --
INSERT INTO USUARIO (ID, SITUACAO, ALTERAR_SENHA, CPF, DATA_CADASTRO, EMAIL_01, NOME, SENHA, TELEFONE_01, FK_CARGO, FK_DEPARTAMENTO) VALUES(100, 'A', 'F', '38957979875', SYSDATE, 'ADMIN@XBRAIN.COM.BR', 'ADMIN', '$2a$10$5Km7U7CyDD5VIrkJPXPK8.px0hJE9n.NgGx2tGRa/Gu3e3xEumipm', '99999', 50, 50);
INSERT INTO USUARIO (ID, SITUACAO, ALTERAR_SENHA, CPF, DATA_CADASTRO, EMAIL_01, NOME, SENHA, TELEFONE_01, FK_CARGO, FK_DEPARTAMENTO) VALUES(101, 'A', 'F', '65710871036', SYSDATE, 'HELPDESK@XBRAIN.COM.BR', 'HELPDESK', '$2a$10$5Km7U7CyDD5VIrkJPXPK8.px0hJE9n.NgGx2tGRa/Gu3e3xEumipm', '99999', 51, 51);
INSERT INTO USUARIO (ID, SITUACAO, ALTERAR_SENHA, NOME, EMAIL_01, CPF, RG, TELEFONE_01, SENHA,  DATA_CADASTRO, FK_CARGO, FK_DEPARTAMENTO) VALUES (104, 'A', 'F',   'operacao_gerente_comercial', 'operacao_gerente_comercial@net.com.br', '672.678.130-03', '88888888', '9999', '$2a$10$5Km7U7CyDD5VIrkJPXPK8.px0hJE9n.NgGx2tGRa/Gu3e3xEumipm', SYSDATE, 7, 3);
INSERT INTO USUARIO (ID, SITUACAO, ALTERAR_SENHA, CPF, DATA_CADASTRO, EMAIL_01, NOME, SENHA, TELEFONE_01, FK_CARGO, FK_DEPARTAMENTO) VALUES(105, 'I', 'F', '41842888803', SYSDATE, 'INATIVO@XBRAIN.COM.BR', 'INATIVO', '$2a$10$5Km7U7CyDD5VIrkJPXPK8.px0hJE9n.NgGx2tGRa/Gu3e3xEumipm', '99999', 50, 50);
INSERT INTO USUARIO (ID, SITUACAO, ALTERAR_SENHA, CPF, DATA_CADASTRO, EMAIL_01, NOME, SENHA, TELEFONE_01, FK_CARGO, FK_DEPARTAMENTO) VALUES(106, 'P', 'F', '51842888803', SYSDATE, 'PENDENTE@XBRAIN.COM.BR', 'INATIVO', '$2a$10$5Km7U7CyDD5VIrkJPXPK8.px0hJE9n.NgGx2tGRa/Gu3e3xEumipm', '99999', 50, 50);
INSERT INTO USUARIO (ID, ALTERAR_SENHA, CPF, DATA_CADASTRO, EMAIL_01, NOME, SENHA, SITUACAO, TELEFONE_01, FK_CARGO, FK_DEPARTAMENTO) VALUES (230, 'F', '31752423674', CURRENT_DATE, 'AGENTE_AUTORIZADO_APROVACAO_MSO_NOVO_CADASTRO@XBRAIN.COM.BR', 'Agente Autorizado Aprovação MSO Novos Cadastros', '$2a$10$5Km7U7CyDD5VIrkJPXPK8.px0hJE9n.NgGx2tGRa/Gu3e3xEumipm', 'A', '43 3333-5555', 7, 3);
INSERT INTO USUARIO (ID, SITUACAO, ALTERAR_SENHA, CPF, DATA_CADASTRO, EMAIL_01, NOME, SENHA, TELEFONE_01, FK_CARGO, FK_DEPARTAMENTO) VALUES(366, 'A', 'F', '28667582506', SYSDATE, 'mso_analistaadm_claromovel_pessoal@net.com.br', 'mso_analistaadm_claromovel_pessoal', '$2a$10$5Km7U7CyDD5VIrkJPXPK8.px0hJE9n.NgGx2tGRa/Gu3e3xEumipm', '99999', 20, 20);
INSERT INTO USUARIO (ID, NOME, EMAIL_01, SITUACAO, TELEFONE_01, CPF, FK_CARGO, FK_DEPARTAMENTO, ALTERAR_SENHA, SENHA, DATA_CADASTRO) VALUES (226, 'SOCIO AA', 'SOCIOAA@GMAIL.COM', 'A', '43 3333-5555', '35723327704', 41, 40, 'F', '$2a$10$5Km7U7CyDD5VIrkJPXPK8.px0hJE9n.NgGx2tGRa/Gu3e3xEumipm', CURRENT_DATE);
INSERT INTO USUARIO (ID, NOME, EMAIL_01, SITUACAO, TELEFONE_01, CPF, FK_CARGO, FK_DEPARTAMENTO, ALTERAR_SENHA, SENHA, DATA_CADASTRO) VALUES (227, 'VENDEDOR AA', 'VENDEDORAA@GMAIL.COM', 'A', '43 3333-5555', '45723327704', 49, 40, 'F', '$2a$10$5Km7U7CyDD5VIrkJPXPK8.px0hJE9n.NgGx2tGRa/Gu3e3xEumipm', CURRENT_DATE);

-- USUARIO CANAIS --
INSERT INTO USUARIO_CANAL(FK_USUARIO, CANAL) VALUES (101, 'D2D_PROPRIO');
INSERT INTO USUARIO_CANAL(FK_USUARIO, CANAL) VALUES (101, 'AGENTE_AUTORIZADO');

-- USUÁRIO EMPRESA --
INSERT INTO USUARIO_EMPRESA (FK_USUARIO, FK_EMPRESA) VALUES (100, 4);
INSERT INTO USUARIO_EMPRESA (FK_USUARIO, FK_EMPRESA) VALUES (101, 1);
INSERT INTO USUARIO_EMPRESA (FK_USUARIO, FK_EMPRESA) VALUES (104, 1);
INSERT INTO USUARIO_EMPRESA (FK_USUARIO, FK_EMPRESA) VALUES (105, 1);
INSERT INTO USUARIO_EMPRESA (FK_USUARIO, FK_EMPRESA) VALUES (106, 1);
INSERT INTO USUARIO_EMPRESA (FK_USUARIO, FK_EMPRESA) VALUES (230, 1);
INSERT INTO USUARIO_EMPRESA (FK_USUARIO, FK_EMPRESA) VALUES (226, 3);
INSERT INTO USUARIO_EMPRESA (FK_USUARIO, FK_EMPRESA) VALUES (227, 3);

-- USUÁRIO UNIDADE NEGÓCIO
INSERT INTO USUARIO_UNIDADE_NEGOCIO (FK_USUARIO, FK_UNIDADE_NEGOCIO) VALUES(100, 3);
INSERT INTO USUARIO_UNIDADE_NEGOCIO (FK_USUARIO, FK_UNIDADE_NEGOCIO) VALUES(101, 1);
INSERT INTO USUARIO_UNIDADE_NEGOCIO (FK_USUARIO, FK_UNIDADE_NEGOCIO) VALUES(104, 1);
INSERT INTO USUARIO_UNIDADE_NEGOCIO (FK_USUARIO, FK_UNIDADE_NEGOCIO) VALUES(105, 3);
INSERT INTO USUARIO_UNIDADE_NEGOCIO (FK_USUARIO, FK_UNIDADE_NEGOCIO) VALUES(106, 3);
INSERT INTO USUARIO_UNIDADE_NEGOCIO (FK_USUARIO, FK_UNIDADE_NEGOCIO) VALUES(230, 1);
INSERT INTO USUARIO_UNIDADE_NEGOCIO (FK_USUARIO, FK_UNIDADE_NEGOCIO) VALUES(366, 1);
INSERT INTO USUARIO_UNIDADE_NEGOCIO (FK_USUARIO, FK_UNIDADE_NEGOCIO) VALUES(226, 1);
INSERT INTO USUARIO_UNIDADE_NEGOCIO (FK_USUARIO, FK_UNIDADE_NEGOCIO) VALUES(227, 1);

-- USUÁRIO CIDADE --
INSERT INTO USUARIO_CIDADE (FK_USUARIO, FK_CIDADE, FK_USUARIO_CADASTRO, DATA_CADASTRO) VALUES (100, 5578, 100, to_date('01/01/2000 00:00:00', 'dd/mm/yyyy hh24:mi:ss'));
INSERT INTO USUARIO_CIDADE (FK_USUARIO, FK_CIDADE, FK_USUARIO_CADASTRO, DATA_CADASTRO) VALUES (104, 5578, 100, to_date('01/01/2000 00:00:00', 'dd/mm/yyyy hh24:mi:ss'));

-- USUÁRIO HIERARQUIA --
INSERT INTO USUARIO_HIERARQUIA (FK_USUARIO, FK_USUARIO_SUPERIOR, DATA_CADASTRO, FK_USUARIO_CADASTRO) VALUES (101, 104, to_date('01/01/2000 00:00:00', 'dd/mm/yyyy hh24:mi:ss'), 100);
INSERT INTO USUARIO_HIERARQUIA (FK_USUARIO, FK_USUARIO_SUPERIOR, DATA_CADASTRO, FK_USUARIO_CADASTRO) VALUES (104, 105, to_date('01/01/2000 00:00:00', 'dd/mm/yyyy hh24:mi:ss'), 100);

-- PERMISSÃO ESPECIAL --
INSERT INTO PERMISSAO_ESPECIAL (ID, DATA_CADASTRO, FK_FUNCIONALIDADE, FK_USUARIO, FK_USUARIO_CADASTRO) VALUES (2, CURRENT_DATE, 26, 101, 101);
INSERT INTO PERMISSAO_ESPECIAL (ID, DATA_CADASTRO, FK_FUNCIONALIDADE, FK_USUARIO, FK_USUARIO_CADASTRO) VALUES (3, CURRENT_DATE, 2016, 104, 101);

-- CONFIGURAÇÃO --
INSERT INTO CONFIGURACAO (ID, DATA_CADASTRO, RAMAL, FK_USUARIO, FK_USUARIO_CADASTRO) VALUES(1, TO_DATE('17/02/2018 10:50:00', 'dd/mm/yyyy hh24:mi:ss'), 7006, 100, 100);
INSERT INTO CONFIGURACAO (ID, DATA_CADASTRO, RAMAL, FK_USUARIO, FK_USUARIO_CADASTRO) VALUES(2, TO_DATE('17/02/2018 10:50:00', 'dd/mm/yyyy hh24:mi:ss'), 1000, 101, 101);
INSERT INTO CONFIGURACAO (ID, DATA_CADASTRO, RAMAL, FK_USUARIO, FK_USUARIO_CADASTRO) VALUES(3, TO_DATE('17/02/2018 10:50:00', 'dd/mm/yyyy hh24:mi:ss'), 1008, 105, 105);
INSERT INTO CONFIGURACAO (ID, DATA_CADASTRO, RAMAL, FK_USUARIO, FK_USUARIO_CADASTRO) VALUES(4, TO_DATE('17/02/2018 10:50:00', 'dd/mm/yyyy hh24:mi:ss'), 1008, 106, 106);

-- GERENTE - OPERAÇÃO
INSERT INTO CARGO_DEPART_FUNC (ID, FK_CARGO, FK_DEPARTAMENTO, FK_FUNCIONALIDADE) VALUES (SEQ_CARGO_DEPART_FUNC.nextval, 7, 3, 226);

-- USUÁRIO HISTORICO -
INSERT INTO USUARIO_HISTORICO (ID, DATA_CADASTRO, SITUACAO, FK_MOTIVO_INATIV, FK_USUARIO, FK_USUARIO_ALTERACAO) VALUES (100, SYSDATE, 'I', 5, 100, 100);
INSERT INTO USUARIO_HISTORICO (ID, DATA_CADASTRO, SITUACAO, FK_MOTIVO_INATIV, FK_USUARIO, FK_USUARIO_ALTERACAO) VALUES (101, SYSDATE, 'I', 4, 100, 100);
INSERT INTO USUARIO_HISTORICO (ID, DATA_CADASTRO, SITUACAO, FK_MOTIVO_INATIV, FK_USUARIO, FK_USUARIO_ALTERACAO) VALUES (102, SYSDATE, 'I', 6, 100, 100);

-- FERIADO --
INSERT INTO FERIADO(ID, NOME, DATA_feriado, DATA_CADASTRO, FERIADO_NACIONAL, FK_CIDADE) VALUES (10000, 'Aniversário da cidade', '2018-12-10',  CURRENT_TIMESTAMP, 'F', 5578);