-- USUÁRIOS --
INSERT INTO USUARIO (ID, SITUACAO, ALTERAR_SENHA, CPF, DATA_CADASTRO, EMAIL_01, NOME, SENHA, TELEFONE_01, FK_CARGO, FK_DEPARTAMENTO) values(100, 'A', 'F', '38957979875', SYSDATE, 'ADMIN@XBRAIN.COM.BR', 'ADMIN', '$2a$10$5Km7U7CyDD5VIrkJPXPK8.px0hJE9n.NgGx2tGRa/Gu3e3xEumipm', '99999', 50, 50);
INSERT INTO USUARIO (ID, SITUACAO, ALTERAR_SENHA, CPF, DATA_CADASTRO, EMAIL_01, NOME, SENHA, TELEFONE_01, FK_CARGO, FK_DEPARTAMENTO) values(101, 'A', 'F', '65710871036', SYSDATE, 'HELPDESK@XBRAIN.COM.BR', 'HELPDESK', '$2a$10$5Km7U7CyDD5VIrkJPXPK8.px0hJE9n.NgGx2tGRa/Gu3e3xEumipm', '99999', 51, 51);
INSERT INTO USUARIO (ID, SITUACAO, ALTERAR_SENHA, FK_CARGO, FK_DEPARTAMENTO, NOME, EMAIL_01, CPF, RG, TELEFONE_01, SENHA,  DATA_CADASTRO) VALUES (104, 'A', 'F', 7, 3, 'operacao_gerente_comercial', 'operacao_gerente_comercial@net.com.br', '672.678.130-03', '88888888', '9999', '$2a$10$5Km7U7CyDD5VIrkJPXPK8.px0hJE9n.NgGx2tGRa/Gu3e3xEumipm', SYSDATE);
INSERT INTO USUARIO (ID, SITUACAO, ALTERAR_SENHA, CPF, DATA_CADASTRO, EMAIL_01, NOME, SENHA, TELEFONE_01, FK_CARGO, FK_DEPARTAMENTO) values(105, 'I', 'F', '41842888803', SYSDATE, 'INATIVO@XBRAIN.COM.BR', 'INATIVO', '$2a$10$5Km7U7CyDD5VIrkJPXPK8.px0hJE9n.NgGx2tGRa/Gu3e3xEumipm', '99999', 50, 50);
INSERT INTO USUARIO (ID, SITUACAO, ALTERAR_SENHA, CPF, DATA_CADASTRO, EMAIL_01, NOME, SENHA, TELEFONE_01, FK_CARGO, FK_DEPARTAMENTO) VALUES(366, 'A', 'F', '28667582506', SYSDATE, 'mso_analistaadm_claromovel_pessoal@net.com.br', 'mso_analistaadm_claromovel_pessoal', '$2a$10$5Km7U7CyDD5VIrkJPXPK8.px0hJE9n.NgGx2tGRa/Gu3e3xEumipm', '99999', 20, 20);
INSERT INTO USUARIO (ID, NOME, EMAIL_01, SITUACAO, TELEFONE_01, CPF, FK_CARGO, FK_DEPARTAMENTO, ALTERAR_SENHA, SENHA, DATA_CADASTRO) VALUES (227, 'GERENTE OPERACAO', 'GERENTE_OPERACAO@GMAIL.COM', 'A', '43 3333-5555', '45723327704', 7, 50, 'F', '$2a$10$5Km7U7CyDD5VIrkJPXPK8.px0hJE9n.NgGx2tGRa/Gu3e3xEumipm', CURRENT_DATE);
INSERT INTO USUARIO (ID, NOME, EMAIL_01, SITUACAO, TELEFONE_01, CPF, FK_CARGO, FK_DEPARTAMENTO, ALTERAR_SENHA, SENHA, DATA_CADASTRO) VALUES (228, 'COORDENADOR OPERACAO', 'COORDENADOR_OPERACAO@GMAIL.COM', 'A', '43 3333-5555', '45723327705', 4, 50, 'F', '$2a$10$5Km7U7CyDD5VIrkJPXPK8.px0hJE9n.NgGx2tGRa/Gu3e3xEumipm', CURRENT_DATE);
INSERT INTO USUARIO (ID, NOME, EMAIL_01, SITUACAO, TELEFONE_01, CPF, FK_CARGO, FK_DEPARTAMENTO, ALTERAR_SENHA, SENHA, DATA_CADASTRO) VALUES (229, 'VENDEDOR OPERACAO', 'VENDEDOR_OPERACAO@GMAIL.COM', 'A', '43 3333-5555', '45723327706', 8, 50, 'F', '$2a$10$5Km7U7CyDD5VIrkJPXPK8.px0hJE9n.NgGx2tGRa/Gu3e3xEumipm', CURRENT_DATE);

-- USUÁRIO EMPRESA --
INSERT INTO USUARIO_EMPRESA (FK_USUARIO, FK_EMPRESA) VALUES (100, 4);
INSERT INTO USUARIO_EMPRESA (FK_USUARIO, FK_EMPRESA) VALUES (101, 1);
INSERT INTO USUARIO_EMPRESA (FK_USUARIO, FK_EMPRESA) VALUES (104, 1);
INSERT INTO USUARIO_EMPRESA (FK_USUARIO, FK_EMPRESA) VALUES (227, 3);
INSERT INTO USUARIO_EMPRESA (FK_USUARIO, FK_EMPRESA) VALUES (228, 3);
INSERT INTO USUARIO_EMPRESA (FK_USUARIO, FK_EMPRESA) VALUES (229, 3);

-- USUÁRIO UNIDADE NEGÓCIO
INSERT INTO USUARIO_UNIDADE_NEGOCIO (FK_USUARIO, FK_UNIDADE_NEGOCIO) VALUES(100, 3);
INSERT INTO USUARIO_UNIDADE_NEGOCIO (FK_USUARIO, FK_UNIDADE_NEGOCIO) VALUES(101, 1);
INSERT INTO USUARIO_UNIDADE_NEGOCIO (FK_USUARIO, FK_UNIDADE_NEGOCIO) VALUES(104, 1);
INSERT INTO USUARIO_UNIDADE_NEGOCIO (FK_USUARIO, FK_UNIDADE_NEGOCIO) VALUES(105, 3);
INSERT INTO USUARIO_UNIDADE_NEGOCIO (FK_USUARIO, FK_UNIDADE_NEGOCIO) VALUES(230, 1);
INSERT INTO USUARIO_UNIDADE_NEGOCIO (FK_USUARIO, FK_UNIDADE_NEGOCIO) VALUES(366, 1);
INSERT INTO USUARIO_UNIDADE_NEGOCIO (FK_USUARIO, FK_UNIDADE_NEGOCIO) VALUES(227, 1);
INSERT INTO USUARIO_UNIDADE_NEGOCIO (FK_USUARIO, FK_UNIDADE_NEGOCIO) VALUES(228, 1);
INSERT INTO USUARIO_UNIDADE_NEGOCIO (FK_USUARIO, FK_UNIDADE_NEGOCIO) VALUES(229, 1);

-- USUÁRIO CIDADE --
INSERT INTO USUARIO_CIDADE (FK_USUARIO, FK_CIDADE, FK_USUARIO_CADASTRO, DATA_CADASTRO) VALUES (100, 5578, 100, to_date('01/01/2000 00:00:00', 'dd/mm/yyyy hh24:mi:ss'));
INSERT INTO USUARIO_CIDADE (FK_USUARIO, FK_CIDADE, FK_USUARIO_CADASTRO, DATA_CADASTRO) VALUES (104, 5578, 100, to_date('01/01/2000 00:00:00', 'dd/mm/yyyy hh24:mi:ss'));

-- USUÁRIO HIERARQUIA --
INSERT INTO USUARIO_HIERARQUIA (FK_USUARIO, FK_USUARIO_SUPERIOR, DATA_CADASTRO, FK_USUARIO_CADASTRO) VALUES (101, 104, to_date('01/01/2000 00:00:00', 'dd/mm/yyyy hh24:mi:ss'), 100);
INSERT INTO USUARIO_HIERARQUIA (FK_USUARIO, FK_USUARIO_SUPERIOR, DATA_CADASTRO, FK_USUARIO_CADASTRO) VALUES (104, 105, to_date('01/01/2000 00:00:00', 'dd/mm/yyyy hh24:mi:ss'), 100);
INSERT INTO USUARIO_HIERARQUIA (FK_USUARIO, FK_USUARIO_SUPERIOR, DATA_CADASTRO, FK_USUARIO_CADASTRO) VALUES (228, 227, to_date('01/01/2000 00:00:00', 'dd/mm/yyyy hh24:mi:ss'), 100);
INSERT INTO USUARIO_HIERARQUIA (FK_USUARIO, FK_USUARIO_SUPERIOR, DATA_CADASTRO, FK_USUARIO_CADASTRO) VALUES (229, 228, to_date('01/01/2000 00:00:00', 'dd/mm/yyyy hh24:mi:ss'), 100);

-- FUNCIONALIDADE --
--INSERT INTO FUNCIONALIDADE (ID, NOME, ROLE, FK_APLICACAO) VALUES (226, 'Gerenciar Usuários Executivos', 'POL_GERENCIAR_USUARIOS_EXECUTIVO', 2);

-- CARGO DEPARTAMENTO FUNCIONALIDADE --
INSERT INTO CARGO_DEPART_FUNC (ID, FK_CARGO, FK_DEPARTAMENTO, FK_FUNCIONALIDADE) VALUES (SEQ_CARGO_DEPART_FUNC.nextval, 7, 3, 226);

-- USUÁRIO HISTORICO --
INSERT INTO USUARIO_HISTORICO (ID, DATA_CADASTRO, SITUACAO, FK_MOTIVO_INATIV, FK_USUARIO, FK_USUARIO_ALTERACAO) VALUES (100, SYSDATE - 30, 'A', 5, 100, 100);
INSERT INTO USUARIO_HISTORICO (ID, DATA_CADASTRO, SITUACAO, FK_MOTIVO_INATIV, FK_USUARIO, FK_USUARIO_ALTERACAO) VALUES (102, SYSDATE, 'I', 5, 366, 366);
INSERT INTO USUARIO_HISTORICO (ID, DATA_CADASTRO, SITUACAO, FK_MOTIVO_INATIV, FK_USUARIO, FK_USUARIO_ALTERACAO) VALUES (103, SYSDATE - 32, 'A', 5, 104, 104);
INSERT INTO USUARIO_HISTORICO (ID, DATA_CADASTRO, SITUACAO, FK_MOTIVO_INATIV, FK_USUARIO, FK_USUARIO_ALTERACAO) VALUES (104, SYSDATE - 32, 'A', 5, 101, 101);
