-- SUPERVISORES --
INSERT INTO USUARIO (ID, NOME, EMAIL_01, FK_CARGO, FK_DEPARTAMENTO, SENHA, ALTERAR_SENHA, SITUACAO, DATA_CADASTRO) VALUES (1, 'SUPERVISOR LONDRINA', '1@XBRAIN.COM.BR', 10, 1, '123', 'F', 'A', CURRENT_DATE);
INSERT INTO USUARIO (ID, NOME, EMAIL_01, FK_CARGO, FK_DEPARTAMENTO, SENHA, ALTERAR_SENHA, SITUACAO, DATA_CADASTRO) VALUES (2, 'SUPERVISOR ARAPONGAS', '2@XBRAIN.COM.BR', 10, 1, '123', 'F', 'A', CURRENT_DATE);
INSERT INTO USUARIO (ID, NOME, EMAIL_01, FK_CARGO, FK_DEPARTAMENTO, SENHA, ALTERAR_SENHA, SITUACAO, DATA_CADASTRO) VALUES (3, 'SUPERVISOR LINS', '3@XBRAIN.COM.BR', 10, 1, '123', 'F', 'A', CURRENT_DATE);
INSERT INTO USUARIO (ID, NOME, EMAIL_01, FK_CARGO, FK_DEPARTAMENTO, SENHA, ALTERAR_SENHA, SITUACAO, DATA_CADASTRO) VALUES (4, 'SUPERVISOR SEM CIDADE', '4@XBRAIN.COM.BR', 10, 1, '123', 'F', 'A', CURRENT_DATE);
INSERT INTO USUARIO (ID, NOME, EMAIL_01, FK_CARGO, FK_DEPARTAMENTO, SENHA, ALTERAR_SENHA, SITUACAO, DATA_CADASTRO) VALUES (5, 'SUPERVISOR CURITIBA', '4@XBRAIN.COM.BR', 10, 1, '123', 'F', 'A', CURRENT_DATE);

-- ASSISTENTES --
INSERT INTO USUARIO (ID, NOME, EMAIL_01, FK_CARGO, FK_DEPARTAMENTO, SENHA, ALTERAR_SENHA, SITUACAO, DATA_CADASTRO) VALUES (8, 'ASSISTENTE LONDRINA', '8@XBRAIN.COM.BR', 2, 1, '123', 'F', 'A', CURRENT_DATE);
INSERT INTO USUARIO (ID, NOME, EMAIL_01, FK_CARGO, FK_DEPARTAMENTO, SENHA, ALTERAR_SENHA, SITUACAO, DATA_CADASTRO) VALUES (9, 'ASSISTENTE ARAPONGAS', '9@XBRAIN.COM.BR', 2, 1, '123', 'F', 'A', CURRENT_DATE);
INSERT INTO USUARIO (ID, NOME, EMAIL_01, FK_CARGO, FK_DEPARTAMENTO, SENHA, ALTERAR_SENHA, SITUACAO, DATA_CADASTRO) VALUES (10, 'ASSISTENTE LINS', '10@XBRAIN.COM.BR', 2, 1, '123', 'F', 'A', CURRENT_DATE);
INSERT INTO USUARIO (ID, NOME, EMAIL_01, FK_CARGO, FK_DEPARTAMENTO, SENHA, ALTERAR_SENHA, SITUACAO, DATA_CADASTRO) VALUES (11, 'ASSISTENTE LINS INATIVO', '11@XBRAIN.COM.BR', 2, 1, '123', 'F', 'I', CURRENT_DATE);

-- USUARIO CANAL --
INSERT INTO USUARIO_CANAL (FK_USUARIO, CANAL) VALUES (1, 'D2D_PROPRIO');
INSERT INTO USUARIO_CANAL (FK_USUARIO, CANAL) VALUES (2, 'D2D_PROPRIO');
INSERT INTO USUARIO_CANAL (FK_USUARIO, CANAL) VALUES (3, 'D2D_PROPRIO');
INSERT INTO USUARIO_CANAL (FK_USUARIO, CANAL) VALUES (4, 'D2D_PROPRIO');
INSERT INTO USUARIO_CANAL (FK_USUARIO, CANAL) VALUES (5, 'D2D_PROPRIO');
INSERT INTO USUARIO_CANAL (FK_USUARIO, CANAL) VALUES (8, 'D2D_PROPRIO');
INSERT INTO USUARIO_CANAL (FK_USUARIO, CANAL) VALUES (9, 'D2D_PROPRIO');
INSERT INTO USUARIO_CANAL (FK_USUARIO, CANAL) VALUES (10, 'AGENTE_AUTORIZADO');
INSERT INTO USUARIO_CANAL (FK_USUARIO, CANAL) VALUES (11, 'D2D_PROPRIO');

-- SUPERVISORES CIDADE LONDRINA
INSERT INTO USUARIO_CIDADE (FK_USUARIO, FK_CIDADE, DATA_CADASTRO) VALUES (1, 5578, CURRENT_DATE);
INSERT INTO USUARIO_CIDADE (FK_USUARIO, FK_CIDADE, DATA_CADASTRO) VALUES (2, 3237, CURRENT_DATE);
INSERT INTO USUARIO_CIDADE (FK_USUARIO, FK_CIDADE, DATA_CADASTRO) VALUES (3, 5107, CURRENT_DATE);
INSERT INTO USUARIO_CIDADE (FK_USUARIO, FK_CIDADE, DATA_CADASTRO) VALUES (5, 5578, CURRENT_DATE);
INSERT INTO USUARIO_CIDADE (FK_USUARIO, FK_CIDADE, DATA_CADASTRO) VALUES (5, 5107, CURRENT_DATE);

-- ASSISTENTES LONDRINA
INSERT INTO USUARIO_CIDADE (FK_USUARIO, FK_CIDADE, DATA_CADASTRO) VALUES (8, 5578, CURRENT_DATE);
INSERT INTO USUARIO_CIDADE (FK_USUARIO, FK_CIDADE, DATA_CADASTRO) VALUES (9, 3237, CURRENT_DATE);
INSERT INTO USUARIO_CIDADE (FK_USUARIO, FK_CIDADE, DATA_CADASTRO) VALUES (10, 5107, CURRENT_DATE);

-- ASSISTENTES LINS
INSERT INTO USUARIO_CIDADE (FK_USUARIO, FK_CIDADE, DATA_CADASTRO) VALUES (11, 5107, CURRENT_DATE);

-- USUARIO HIERARQUIA
INSERT INTO USUARIO_HIERARQUIA (FK_USUARIO, FK_USUARIO_SUPERIOR, DATA_CADASTRO, FK_USUARIO_CADASTRO) VALUES (1, 1, to_date('17/07/2018 10:00:00', 'dd/mm/yyyy hh24:mi:ss'), 1);
INSERT INTO USUARIO_HIERARQUIA (FK_USUARIO, FK_USUARIO_SUPERIOR, DATA_CADASTRO, FK_USUARIO_CADASTRO) VALUES (2, 2, to_date('17/07/2018 10:00:00', 'dd/mm/yyyy hh24:mi:ss'), 2);
INSERT INTO USUARIO_HIERARQUIA (FK_USUARIO, FK_USUARIO_SUPERIOR, DATA_CADASTRO, FK_USUARIO_CADASTRO) VALUES (5, 5, to_date('17/07/2018 10:00:00', 'dd/mm/yyyy hh24:mi:ss'), 5);

-- REGIONAL RPS
INSERT INTO REGIONAL (ID, NOME, SITUACAO) VALUES (1027, 'RPS', 'A');
UPDATE CIDADE SET FK_REGIONAL = 1027 WHERE FK_UF = 1;