---- SITE --
INSERT INTO SITE(ID, NOME, TIME_ZONE, SITUACAO) VALUES (110, 'Rio Branco', 'ACT', 'A');
INSERT INTO SITE(ID, NOME, TIME_ZONE, SITUACAO) VALUES (111, 'Manaus', 'AMT', 'A');
INSERT INTO SITE(ID, NOME, TIME_ZONE, SITUACAO) VALUES (112, 'Site Inativo', 'FNT', 'I');

-- USUARIOS --
INSERT INTO USUARIO (ID, SITUACAO, ALTERAR_SENHA, CPF, DATA_CADASTRO, EMAIL_01, NOME, SENHA, TELEFONE_01, FK_CARGO, FK_DEPARTAMENTO) VALUES (98, 'A', 'F', '66564644666', SYSDATE, 'ADMIN@NET.COM.BR', 'ADMIN operacao ativo local', '$2a$10$5Km7U7CyDD5VIrkJPXPK8.px0hJE9n.NgGx2tGRa/Gu3e3xEumipm', '99999', 50, 3);
INSERT INTO USUARIO (ID, SITUACAO, ALTERAR_SENHA, CPF, DATA_CADASTRO, EMAIL_01, NOME, SENHA, TELEFONE_01, FK_CARGO, FK_DEPARTAMENTO) VALUES (99, 'A', 'F', '66564644666', SYSDATE, 'MSO@NET.COM.BR', 'MSO operacao ativo local', '$2a$10$5Km7U7CyDD5VIrkJPXPK8.px0hJE9n.NgGx2tGRa/Gu3e3xEumipm', '99999', 22, 3);

-- USUARIOS COM SITE VINCULADO A HIERARQUIA --
INSERT INTO USUARIO (ID, SITUACAO, ALTERAR_SENHA, CPF, DATA_CADASTRO, EMAIL_01, NOME, SENHA, TELEFONE_01, FK_CARGO, FK_DEPARTAMENTO) VALUES (100, 'A', 'F', '66564644666', SYSDATE, 'DIRETOR_OPERACAO@NET.COM.BR', 'Diretor operacao ativo local', '$2a$10$5Km7U7CyDD5VIrkJPXPK8.px0hJE9n.NgGx2tGRa/Gu3e3xEumipm', '99999', 6, 3);
INSERT INTO USUARIO (ID, SITUACAO, ALTERAR_SENHA, CPF, DATA_CADASTRO, EMAIL_01, NOME, SENHA, TELEFONE_01, FK_CARGO, FK_DEPARTAMENTO) VALUES (101, 'A', 'F', '54564564654', SYSDATE, 'GERENTE_OPERACAO@NET.COM.BR', 'Gerente operacao ativo local', '$2a$10$5Km7U7CyDD5VIrkJPXPK8.px0hJE9n.NgGx2tGRa/Gu3e3xEumipm', '99999', 7, 3);
INSERT INTO USUARIO (ID, SITUACAO, ALTERAR_SENHA, CPF, DATA_CADASTRO, EMAIL_01, NOME, SENHA, TELEFONE_01, FK_CARGO, FK_DEPARTAMENTO) VALUES (102, 'A', 'F', '54564564654', SYSDATE, 'SUPERVISOR_OPERACAO@NET.COM.BR', 'Supervisor operacao ativo local', '$2a$10$5Km7U7CyDD5VIrkJPXPK8.px0hJE9n.NgGx2tGRa/Gu3e3xEumipm', '99999', 10, 3);
INSERT INTO USUARIO (ID, SITUACAO, ALTERAR_SENHA, CPF, DATA_CADASTRO, EMAIL_01, NOME, SENHA, TELEFONE_01, FK_CARGO, FK_DEPARTAMENTO) VALUES (103, 'A', 'F', '54564564654', SYSDATE, 'COORDENADOR_OPERACAO@NET.COM.BR', 'Supervisor operacao ativo local', '$2a$10$5Km7U7CyDD5VIrkJPXPK8.px0hJE9n.NgGx2tGRa/Gu3e3xEumipm', '99999', 4, 3);
INSERT INTO USUARIO (ID, SITUACAO, ALTERAR_SENHA, CPF, DATA_CADASTRO, EMAIL_01, NOME, SENHA, TELEFONE_01, FK_CARGO, FK_DEPARTAMENTO) VALUES (108, 'A', 'F', '54564564654', SYSDATE, 'ASSISTENTE_OPERACAO@NET.COM.BR', 'Assistente operacao ativo local', '$2a$10$5Km7U7CyDD5VIrkJPXPK8.px0hJE9n.NgGx2tGRa/Gu3e3xEumipm', '99999', 2, 3);
INSERT INTO USUARIO (ID, SITUACAO, ALTERAR_SENHA, CPF, DATA_CADASTRO, EMAIL_01, NOME, SENHA, TELEFONE_01, FK_CARGO, FK_DEPARTAMENTO) VALUES (109, 'A', 'F', '64646464646', SYSDATE, 'VENDEDOR_OPERACAO@NET.COM.BR', 'Vendedor operacao ativo local', '$2a$10$5Km7U7CyDD5VIrkJPXPK8.px0hJE9n.NgGx2tGRa/Gu3e3xEumipm', '99999', 120, 3);
INSERT INTO USUARIO (ID, SITUACAO, ALTERAR_SENHA, CPF, DATA_CADASTRO, EMAIL_01, NOME, SENHA, TELEFONE_01, FK_CARGO, FK_DEPARTAMENTO) VALUES (115, 'I', 'F', '64646464646', SYSDATE, 'VENDEDOR_OPERACAO@NET.COM.BR', 'Vendedor operacao ativo local', '$2a$10$5Km7U7CyDD5VIrkJPXPK8.px0hJE9n.NgGx2tGRa/Gu3e3xEumipm', '99999', 120, 3);

INSERT INTO USUARIO_CANAL(FK_USUARIO, CANAL) VALUES (103, 'ATIVO_PROPRIO');
INSERT INTO USUARIO_CANAL(FK_USUARIO, CANAL) VALUES (102, 'ATIVO_PROPRIO');

-- USUÁRIO HIERARQUIA --
INSERT INTO USUARIO_HIERARQUIA (FK_USUARIO, FK_USUARIO_SUPERIOR, DATA_CADASTRO, FK_USUARIO_CADASTRO) VALUES (101, 100, SYSDATE, 100);
INSERT INTO USUARIO_HIERARQUIA (FK_USUARIO, FK_USUARIO_SUPERIOR, DATA_CADASTRO, FK_USUARIO_CADASTRO) VALUES (102, 103, SYSDATE, 100);
INSERT INTO USUARIO_HIERARQUIA (FK_USUARIO, FK_USUARIO_SUPERIOR, DATA_CADASTRO, FK_USUARIO_CADASTRO) VALUES (103, 101, SYSDATE, 100);
INSERT INTO USUARIO_HIERARQUIA (FK_USUARIO, FK_USUARIO_SUPERIOR, DATA_CADASTRO, FK_USUARIO_CADASTRO) VALUES (108, 103, SYSDATE, 100);

INSERT INTO USUARIO_HIERARQUIA (FK_USUARIO, FK_USUARIO_SUPERIOR, DATA_CADASTRO, FK_USUARIO_CADASTRO) VALUES (109, 102, SYSDATE, 100);
INSERT INTO USUARIO_HIERARQUIA (FK_USUARIO, FK_USUARIO_SUPERIOR, DATA_CADASTRO, FK_USUARIO_CADASTRO) VALUES (115, 102, SYSDATE, 100);

INSERT INTO SITE_COORDENADOR(FK_SITE, FK_USUARIO) VALUES(110, 103);
INSERT INTO SITE_SUPERVISOR(FK_SITE, FK_USUARIO) VALUES(110, 102);

-- segunda hierarquia

---- SITE --
INSERT INTO SITE(ID, NOME, TIME_ZONE, SITUACAO) VALUES (135, 'Rio Branco', 'ACT', 'A');

-- USUARIOS COM SITE VINCULADO A HIERARQUIA --
INSERT INTO USUARIO (ID, SITUACAO, ALTERAR_SENHA, CPF, DATA_CADASTRO, EMAIL_01, NOME, SENHA, TELEFONE_01, FK_CARGO, FK_DEPARTAMENTO) VALUES (1010, 'A', 'F', '66564644666', SYSDATE, 'DIRETOR_OPERACAO@NET.COM.BR', 'Diretor operacao ativo local', '$2a$10$5Km7U7CyDD5VIrkJPXPK8.px0hJE9n.NgGx2tGRa/Gu3e3xEumipm', '99999', 6, 3);
INSERT INTO USUARIO (ID, SITUACAO, ALTERAR_SENHA, CPF, DATA_CADASTRO, EMAIL_01, NOME, SENHA, TELEFONE_01, FK_CARGO, FK_DEPARTAMENTO) VALUES (1011, 'A', 'F', '54564564654', SYSDATE, 'GERENTE_OPERACAO@NET.COM.BR', 'Gerente operacao ativo local', '$2a$10$5Km7U7CyDD5VIrkJPXPK8.px0hJE9n.NgGx2tGRa/Gu3e3xEumipm', '99999', 7, 3);
INSERT INTO USUARIO (ID, SITUACAO, ALTERAR_SENHA, CPF, DATA_CADASTRO, EMAIL_01, NOME, SENHA, TELEFONE_01, FK_CARGO, FK_DEPARTAMENTO) VALUES (1012, 'A', 'F', '54564564654', SYSDATE, 'SUPERVISOR_OPERACAO@NET.COM.BR', 'Supervisor operacao ativo local', '$2a$10$5Km7U7CyDD5VIrkJPXPK8.px0hJE9n.NgGx2tGRa/Gu3e3xEumipm', '99999', 10, 3);
INSERT INTO USUARIO (ID, SITUACAO, ALTERAR_SENHA, CPF, DATA_CADASTRO, EMAIL_01, NOME, SENHA, TELEFONE_01, FK_CARGO, FK_DEPARTAMENTO) VALUES (1013, 'A', 'F', '54564564654', SYSDATE, 'COORDENADOR_OPERACAO@NET.COM.BR', 'Supervisor operacao ativo local', '$2a$10$5Km7U7CyDD5VIrkJPXPK8.px0hJE9n.NgGx2tGRa/Gu3e3xEumipm', '99999', 4, 3);
INSERT INTO USUARIO (ID, SITUACAO, ALTERAR_SENHA, CPF, DATA_CADASTRO, EMAIL_01, NOME, SENHA, TELEFONE_01, FK_CARGO, FK_DEPARTAMENTO) VALUES (1018, 'A', 'F', '54564564654', SYSDATE, 'ASSISTENTE_OPERACAO@NET.COM.BR', 'Assistente operacao ativo local', '$2a$10$5Km7U7CyDD5VIrkJPXPK8.px0hJE9n.NgGx2tGRa/Gu3e3xEumipm', '99999', 2, 3);
INSERT INTO USUARIO (ID, SITUACAO, ALTERAR_SENHA, CPF, DATA_CADASTRO, EMAIL_01, NOME, SENHA, TELEFONE_01, FK_CARGO, FK_DEPARTAMENTO) VALUES (1019, 'A', 'F', '64646464646', SYSDATE, 'VENDEDOR_OPERACAO@NET.COM.BR', 'Vendedor operacao ativo local', '$2a$10$5Km7U7CyDD5VIrkJPXPK8.px0hJE9n.NgGx2tGRa/Gu3e3xEumipm', '99999', 120, 3);
INSERT INTO USUARIO (ID, SITUACAO, ALTERAR_SENHA, CPF, DATA_CADASTRO, EMAIL_01, NOME, SENHA, TELEFONE_01, FK_CARGO, FK_DEPARTAMENTO) VALUES (1115, 'I', 'F', '64646464646', SYSDATE, 'VENDEDOR_OPERACAO@NET.COM.BR', 'Vendedor operacao ativo local', '$2a$10$5Km7U7CyDD5VIrkJPXPK8.px0hJE9n.NgGx2tGRa/Gu3e3xEumipm', '99999', 120, 3);


-- USUÁRIO HIERARQUIA --
INSERT INTO USUARIO_HIERARQUIA (FK_USUARIO, FK_USUARIO_SUPERIOR, DATA_CADASTRO, FK_USUARIO_CADASTRO) VALUES (1011, 1010, SYSDATE, 100);
INSERT INTO USUARIO_HIERARQUIA (FK_USUARIO, FK_USUARIO_SUPERIOR, DATA_CADASTRO, FK_USUARIO_CADASTRO) VALUES (1012, 1013, SYSDATE, 100);
INSERT INTO USUARIO_HIERARQUIA (FK_USUARIO, FK_USUARIO_SUPERIOR, DATA_CADASTRO, FK_USUARIO_CADASTRO) VALUES (1013, 1011, SYSDATE, 100);
INSERT INTO USUARIO_HIERARQUIA (FK_USUARIO, FK_USUARIO_SUPERIOR, DATA_CADASTRO, FK_USUARIO_CADASTRO) VALUES (1018, 1013, SYSDATE, 100);

INSERT INTO USUARIO_HIERARQUIA (FK_USUARIO, FK_USUARIO_SUPERIOR, DATA_CADASTRO, FK_USUARIO_CADASTRO) VALUES (1115, 1012, SYSDATE, 100);

INSERT INTO SITE_COORDENADOR(FK_SITE, FK_USUARIO) VALUES(135, 1013);
INSERT INTO SITE_SUPERVISOR(FK_SITE, FK_USUARIO) VALUES(135, 1012);


-- hierarquia com site inativo

-- USUARIOS COM SITE VINCULADO A HIERARQUIA --
INSERT INTO USUARIO (ID, SITUACAO, ALTERAR_SENHA, CPF, DATA_CADASTRO, EMAIL_01, NOME, SENHA, TELEFONE_01, FK_CARGO, FK_DEPARTAMENTO) VALUES (300, 'A', 'F', '66564644666', SYSDATE, 'DIRETOR_OPERACAO@NET.COM.BR', 'Diretor operacao ativo local', '$2a$10$5Km7U7CyDD5VIrkJPXPK8.px0hJE9n.NgGx2tGRa/Gu3e3xEumipm', '99999', 6, 3);
INSERT INTO USUARIO (ID, SITUACAO, ALTERAR_SENHA, CPF, DATA_CADASTRO, EMAIL_01, NOME, SENHA, TELEFONE_01, FK_CARGO, FK_DEPARTAMENTO) VALUES (301, 'A', 'F', '54564564654', SYSDATE, 'GERENTE_OPERACAO@NET.COM.BR', 'Gerente operacao ativo local', '$2a$10$5Km7U7CyDD5VIrkJPXPK8.px0hJE9n.NgGx2tGRa/Gu3e3xEumipm', '99999', 7, 3);
INSERT INTO USUARIO (ID, SITUACAO, ALTERAR_SENHA, CPF, DATA_CADASTRO, EMAIL_01, NOME, SENHA, TELEFONE_01, FK_CARGO, FK_DEPARTAMENTO) VALUES (302, 'A', 'F', '54564564654', SYSDATE, 'SUPERVISOR_OPERACAO@NET.COM.BR', 'Supervisor operacao ativo local', '$2a$10$5Km7U7CyDD5VIrkJPXPK8.px0hJE9n.NgGx2tGRa/Gu3e3xEumipm', '99999', 10, 3);
INSERT INTO USUARIO (ID, SITUACAO, ALTERAR_SENHA, CPF, DATA_CADASTRO, EMAIL_01, NOME, SENHA, TELEFONE_01, FK_CARGO, FK_DEPARTAMENTO) VALUES (303, 'A', 'F', '54564564654', SYSDATE, 'COORDENADOR_OPERACAO@NET.COM.BR', 'Supervisor operacao ativo local', '$2a$10$5Km7U7CyDD5VIrkJPXPK8.px0hJE9n.NgGx2tGRa/Gu3e3xEumipm', '99999', 4, 3);
INSERT INTO USUARIO (ID, SITUACAO, ALTERAR_SENHA, CPF, DATA_CADASTRO, EMAIL_01, NOME, SENHA, TELEFONE_01, FK_CARGO, FK_DEPARTAMENTO) VALUES (308, 'A', 'F', '54564564654', SYSDATE, 'ASSISTENTE_OPERACAO@NET.COM.BR', 'Assistente operacao ativo local', '$2a$10$5Km7U7CyDD5VIrkJPXPK8.px0hJE9n.NgGx2tGRa/Gu3e3xEumipm', '99999', 2, 3);
INSERT INTO USUARIO (ID, SITUACAO, ALTERAR_SENHA, CPF, DATA_CADASTRO, EMAIL_01, NOME, SENHA, TELEFONE_01, FK_CARGO, FK_DEPARTAMENTO) VALUES (309, 'A', 'F', '64646464646', SYSDATE, 'VENDEDOR_OPERACAO@NET.COM.BR', 'Vendedor operacao ativo local', '$2a$10$5Km7U7CyDD5VIrkJPXPK8.px0hJE9n.NgGx2tGRa/Gu3e3xEumipm', '99999', 120, 3);
INSERT INTO USUARIO (ID, SITUACAO, ALTERAR_SENHA, CPF, DATA_CADASTRO, EMAIL_01, NOME, SENHA, TELEFONE_01, FK_CARGO, FK_DEPARTAMENTO) VALUES (315, 'I', 'F', '64646464646', SYSDATE, 'VENDEDOR_OPERACAO@NET.COM.BR', 'Vendedor operacao ativo local', '$2a$10$5Km7U7CyDD5VIrkJPXPK8.px0hJE9n.NgGx2tGRa/Gu3e3xEumipm', '99999', 120, 3);

-- USUÁRIO HIERARQUIA --
INSERT INTO USUARIO_HIERARQUIA (FK_USUARIO, FK_USUARIO_SUPERIOR, DATA_CADASTRO, FK_USUARIO_CADASTRO) VALUES (301, 300, SYSDATE, 100);
INSERT INTO USUARIO_HIERARQUIA (FK_USUARIO, FK_USUARIO_SUPERIOR, DATA_CADASTRO, FK_USUARIO_CADASTRO) VALUES (302, 301, SYSDATE, 100);
INSERT INTO USUARIO_HIERARQUIA (FK_USUARIO, FK_USUARIO_SUPERIOR, DATA_CADASTRO, FK_USUARIO_CADASTRO) VALUES (303, 302, SYSDATE, 100);
INSERT INTO USUARIO_HIERARQUIA (FK_USUARIO, FK_USUARIO_SUPERIOR, DATA_CADASTRO, FK_USUARIO_CADASTRO) VALUES (309, 303, SYSDATE, 100);

INSERT INTO USUARIO_HIERARQUIA (FK_USUARIO, FK_USUARIO_SUPERIOR, DATA_CADASTRO, FK_USUARIO_CADASTRO) VALUES (315, 303, SYSDATE, 100);

INSERT INTO SITE_COORDENADOR(FK_SITE, FK_USUARIO) VALUES(112, 302);
INSERT INTO SITE_SUPERVISOR(FK_SITE, FK_USUARIO) VALUES(112, 303);