-- USUARIOS COM SUBCANAL
INSERT INTO USUARIO (ID, SITUACAO, ALTERAR_SENHA, CPF, DATA_CADASTRO, EMAIL_01, NOME, SENHA, FK_CARGO, FK_DEPARTAMENTO) VALUES (10, 'A', 'F', '52554216690', SYSDATE, 'USUARIO_CADASTRO@TESTE.COM', 'USUARIO CADASTRO', '$', 4, 3);
INSERT INTO USUARIO (ID, SITUACAO, ALTERAR_SENHA, CPF, DATA_CADASTRO, EMAIL_01, NOME, SENHA, FK_CARGO, FK_DEPARTAMENTO) VALUES (126, 'A', 'F', '41443105589', SYSDATE, 'DIRETOR_OPERACAO@TESTE.COM', 'DIRETOR OPERACAO', '$', 6, 3);
INSERT INTO USUARIO (ID, SITUACAO, ALTERAR_SENHA, CPF, DATA_CADASTRO, EMAIL_01, NOME, SENHA, FK_CARGO, FK_DEPARTAMENTO) VALUES (127, 'A', 'F', '22231529297', SYSDATE, 'GERENTE_OPERACAO@TESTE.COM', 'GERENTE OPERACAO', '$', 7, 3);
INSERT INTO USUARIO (ID, SITUACAO, ALTERAR_SENHA, CPF, DATA_CADASTRO, EMAIL_01, NOME, SENHA, FK_CARGO, FK_DEPARTAMENTO) VALUES (128, 'A', 'F', '86781151223', SYSDATE, 'COORDENADOR_OPERACAO@TESTE.COM', 'COORDENADOR OPERACAO', '$', 4, 3);
INSERT INTO USUARIO (ID, SITUACAO, ALTERAR_SENHA, CPF, DATA_CADASTRO, EMAIL_01, NOME, SENHA, FK_CARGO, FK_DEPARTAMENTO) VALUES (129, 'A', 'F', '97892262334', SYSDATE, 'COORDENADOR_OPERACAO_PAP_PREMIUM@TESTE.COM', 'COORDENADOR OPERACAO PAP_PREMIUM', '$', 4, 3);
INSERT INTO USUARIO (ID, SITUACAO, ALTERAR_SENHA, CPF, DATA_CADASTRO, EMAIL_01, NOME, SENHA, FK_CARGO, FK_DEPARTAMENTO) VALUES (130, 'A', 'F', '43510508882', SYSDATE, 'SUPERVISOR_OPERACAO_PAP@TESTE.COM', 'SUPERVISOR OPERACAO PAP', '$', 10, 3);
INSERT INTO USUARIO (ID, SITUACAO, ALTERAR_SENHA, CPF, DATA_CADASTRO, EMAIL_01, NOME, SENHA, FK_CARGO, FK_DEPARTAMENTO) VALUES (131, 'A', 'F', '62462900608', SYSDATE, 'SUPERVISOR_OPERACAO_PAP_PME@TESTE.COM', 'SUPERVISOR OPERACAO PAP PME', '$', 10, 3);
INSERT INTO USUARIO (ID, SITUACAO, ALTERAR_SENHA, CPF, DATA_CADASTRO, EMAIL_01, NOME, SENHA, FK_CARGO, FK_DEPARTAMENTO) VALUES (132, 'A', 'F', '51466849606', SYSDATE, 'SUPERVISOR_OPERACAO_PAP_PREMIUM@TESTE.COM', 'SUPERVISOR OPERACAO PAP PREMIUM', '$', 10, 3);
INSERT INTO USUARIO (ID, SITUACAO, ALTERAR_SENHA, CPF, DATA_CADASTRO, EMAIL_01, NOME, SENHA, FK_CARGO, FK_DEPARTAMENTO) VALUES (133, 'A', 'F', '28843098101', SYSDATE, 'SUPERVISOR_OPERACAO_INSIDE_SALES_PME@TESTE.COM', 'SUPERVISOR OPERACAO INSIDE SALES PME', '$', 10, 3);
INSERT INTO USUARIO (ID, SITUACAO, ALTERAR_SENHA, CPF, DATA_CADASTRO, EMAIL_01, NOME, SENHA, FK_CARGO, FK_DEPARTAMENTO) VALUES (134, 'A', 'F', '71397162260', SYSDATE, 'ASSISTENTE_OPERACAO_PAP@TESTE.COM', 'ASSISTENTE OPERACAO PAP', '$', 2, 3);
INSERT INTO USUARIO (ID, SITUACAO, ALTERAR_SENHA, CPF, DATA_CADASTRO, EMAIL_01, NOME, SENHA, FK_CARGO, FK_DEPARTAMENTO) VALUES (135, 'A', 'F', '44468606150', SYSDATE, 'ASSISTENTE_OPERACAO_PAP_PME@TESTE.COM', 'ASSISTENTE OPERACAO PAP PME', '$', 2, 3);
INSERT INTO USUARIO (ID, SITUACAO, ALTERAR_SENHA, CPF, DATA_CADASTRO, EMAIL_01, NOME, SENHA, FK_CARGO, FK_DEPARTAMENTO) VALUES (136, 'A', 'F', '62000626092', SYSDATE, 'ASSISTENTE_OPERACAO_PAP_PREMIUM@TESTE.COM', 'ASSISTENTE OPERACAO PAP PREMIUM', '$', 2, 3);
INSERT INTO USUARIO (ID, SITUACAO, ALTERAR_SENHA, CPF, DATA_CADASTRO, EMAIL_01, NOME, SENHA, FK_CARGO, FK_DEPARTAMENTO) VALUES (137, 'A', 'F', '65056384151', SYSDATE, 'ASSISTENTE_OPERACA_INSIDE_SALES_PMEO@TESTE.COM', 'ASSISTENTE OPERACAO INSIDE_SALES_PME', '$', 2, 3);
INSERT INTO USUARIO (ID, SITUACAO, ALTERAR_SENHA, CPF, DATA_CADASTRO, EMAIL_01, NOME, SENHA, FK_CARGO, FK_DEPARTAMENTO) VALUES (138, 'A', 'F', '16655156323', SYSDATE, 'VENDEDOR_OPERACAO_PAP@TESTE.COM', 'VENDEDOR OPERACAO PAP', '$', 8, 3);
INSERT INTO USUARIO (ID, SITUACAO, ALTERAR_SENHA, CPF, DATA_CADASTRO, EMAIL_01, NOME, SENHA, FK_CARGO, FK_DEPARTAMENTO) VALUES (139, 'A', 'F', '99352014570', SYSDATE, 'VENDEDOR_OPERACAO_PAP_PME@TESTE.COM', 'VENDEDOR OPERACAO PAP_PME', '$', 8, 3);
INSERT INTO USUARIO (ID, SITUACAO, ALTERAR_SENHA, CPF, DATA_CADASTRO, EMAIL_01, NOME, SENHA, FK_CARGO, FK_DEPARTAMENTO) VALUES (140, 'A', 'F', '34938221381', SYSDATE, 'VENDEDOR_OPERACAO_PAP_PREMIUM@TESTE.COM', 'VENDEDOR OPERACAO PAP_PREMIUM', '$', 8, 3);
INSERT INTO USUARIO (ID, SITUACAO, ALTERAR_SENHA, CPF, DATA_CADASTRO, EMAIL_01, NOME, SENHA, FK_CARGO, FK_DEPARTAMENTO) VALUES (141, 'A', 'F', '81268266302', SYSDATE, 'VENDEDOR_OPERACAO_INSIDE_SALES_PME@TESTE.COM', 'VENDEDOR OPERACAO INSIDE SALES PME', '$', 8, 3);

INSERT INTO USUARIO_SUBCANAL (FK_USUARIO, FK_SUBCANAL) VALUES (126, 1);
INSERT INTO USUARIO_SUBCANAL (FK_USUARIO, FK_SUBCANAL) VALUES (126, 2);
INSERT INTO USUARIO_SUBCANAL (FK_USUARIO, FK_SUBCANAL) VALUES (126, 3);
INSERT INTO USUARIO_SUBCANAL (FK_USUARIO, FK_SUBCANAL) VALUES (126, 4);
INSERT INTO USUARIO_SUBCANAL (FK_USUARIO, FK_SUBCANAL) VALUES (127, 1);
INSERT INTO USUARIO_SUBCANAL (FK_USUARIO, FK_SUBCANAL) VALUES (127, 2);
INSERT INTO USUARIO_SUBCANAL (FK_USUARIO, FK_SUBCANAL) VALUES (127, 3);
INSERT INTO USUARIO_SUBCANAL (FK_USUARIO, FK_SUBCANAL) VALUES (127, 4);
INSERT INTO USUARIO_SUBCANAL (FK_USUARIO, FK_SUBCANAL) VALUES (128, 1);
INSERT INTO USUARIO_SUBCANAL (FK_USUARIO, FK_SUBCANAL) VALUES (128, 2);
INSERT INTO USUARIO_SUBCANAL (FK_USUARIO, FK_SUBCANAL) VALUES (128, 3);
INSERT INTO USUARIO_SUBCANAL (FK_USUARIO, FK_SUBCANAL) VALUES (128, 4);
INSERT INTO USUARIO_SUBCANAL (FK_USUARIO, FK_SUBCANAL) VALUES (129, 3);
INSERT INTO USUARIO_SUBCANAL (FK_USUARIO, FK_SUBCANAL) VALUES (130, 1);
INSERT INTO USUARIO_SUBCANAL (FK_USUARIO, FK_SUBCANAL) VALUES (131, 2);
INSERT INTO USUARIO_SUBCANAL (FK_USUARIO, FK_SUBCANAL) VALUES (132, 3);
INSERT INTO USUARIO_SUBCANAL (FK_USUARIO, FK_SUBCANAL) VALUES (133, 4);
INSERT INTO USUARIO_SUBCANAL (FK_USUARIO, FK_SUBCANAL) VALUES (134, 1);
INSERT INTO USUARIO_SUBCANAL (FK_USUARIO, FK_SUBCANAL) VALUES (135, 2);
INSERT INTO USUARIO_SUBCANAL (FK_USUARIO, FK_SUBCANAL) VALUES (136, 3);
INSERT INTO USUARIO_SUBCANAL (FK_USUARIO, FK_SUBCANAL) VALUES (137, 4);
INSERT INTO USUARIO_SUBCANAL (FK_USUARIO, FK_SUBCANAL) VALUES (138, 1);
INSERT INTO USUARIO_SUBCANAL (FK_USUARIO, FK_SUBCANAL) VALUES (139, 2);
INSERT INTO USUARIO_SUBCANAL (FK_USUARIO, FK_SUBCANAL) VALUES (140, 3);
INSERT INTO USUARIO_SUBCANAL (FK_USUARIO, FK_SUBCANAL) VALUES (141, 4);

INSERT INTO USUARIO_HIERARQUIA (FK_USUARIO, FK_USUARIO_SUPERIOR, FK_USUARIO_CADASTRO, DATA_CADASTRO) VALUES (127, 126, 10, SYSDATE);
INSERT INTO USUARIO_HIERARQUIA (FK_USUARIO, FK_USUARIO_SUPERIOR, FK_USUARIO_CADASTRO, DATA_CADASTRO) VALUES (128, 127, 10, SYSDATE);
INSERT INTO USUARIO_HIERARQUIA (FK_USUARIO, FK_USUARIO_SUPERIOR, FK_USUARIO_CADASTRO, DATA_CADASTRO) VALUES (129, 127, 10, SYSDATE);
INSERT INTO USUARIO_HIERARQUIA (FK_USUARIO, FK_USUARIO_SUPERIOR, FK_USUARIO_CADASTRO, DATA_CADASTRO) VALUES (130, 128, 10, SYSDATE);
INSERT INTO USUARIO_HIERARQUIA (FK_USUARIO, FK_USUARIO_SUPERIOR, FK_USUARIO_CADASTRO, DATA_CADASTRO) VALUES (131, 128, 10, SYSDATE);
INSERT INTO USUARIO_HIERARQUIA (FK_USUARIO, FK_USUARIO_SUPERIOR, FK_USUARIO_CADASTRO, DATA_CADASTRO) VALUES (132, 129, 10, SYSDATE);
INSERT INTO USUARIO_HIERARQUIA (FK_USUARIO, FK_USUARIO_SUPERIOR, FK_USUARIO_CADASTRO, DATA_CADASTRO) VALUES (133, 128, 10, SYSDATE);
INSERT INTO USUARIO_HIERARQUIA (FK_USUARIO, FK_USUARIO_SUPERIOR, FK_USUARIO_CADASTRO, DATA_CADASTRO) VALUES (134, 128, 10, SYSDATE);
INSERT INTO USUARIO_HIERARQUIA (FK_USUARIO, FK_USUARIO_SUPERIOR, FK_USUARIO_CADASTRO, DATA_CADASTRO) VALUES (135, 128, 10, SYSDATE);
INSERT INTO USUARIO_HIERARQUIA (FK_USUARIO, FK_USUARIO_SUPERIOR, FK_USUARIO_CADASTRO, DATA_CADASTRO) VALUES (136, 129, 10, SYSDATE);
INSERT INTO USUARIO_HIERARQUIA (FK_USUARIO, FK_USUARIO_SUPERIOR, FK_USUARIO_CADASTRO, DATA_CADASTRO) VALUES (137, 128, 10, SYSDATE);
INSERT INTO USUARIO_HIERARQUIA (FK_USUARIO, FK_USUARIO_SUPERIOR, FK_USUARIO_CADASTRO, DATA_CADASTRO) VALUES (138, 128, 10, SYSDATE);
INSERT INTO USUARIO_HIERARQUIA (FK_USUARIO, FK_USUARIO_SUPERIOR, FK_USUARIO_CADASTRO, DATA_CADASTRO) VALUES (139, 128, 10, SYSDATE);
INSERT INTO USUARIO_HIERARQUIA (FK_USUARIO, FK_USUARIO_SUPERIOR, FK_USUARIO_CADASTRO, DATA_CADASTRO) VALUES (140, 129, 10, SYSDATE);
INSERT INTO USUARIO_HIERARQUIA (FK_USUARIO, FK_USUARIO_SUPERIOR, FK_USUARIO_CADASTRO, DATA_CADASTRO) VALUES (141, 128, 10, SYSDATE);