-- SUPERVISORES --
INSERT INTO USUARIO (ID, NOME, EMAIL_01, FK_CARGO, FK_DEPARTAMENTO, SENHA, ALTERAR_SENHA, SITUACAO, DATA_CADASTRO) VALUES (1, 'SUPERVISOR LONDRINA', '1@XBRAIN.COM.BR', 10, 1, '123', 'F', 'A', CURRENT_DATE);
INSERT INTO USUARIO (ID, NOME, EMAIL_01, FK_CARGO, FK_DEPARTAMENTO, SENHA, ALTERAR_SENHA, SITUACAO, DATA_CADASTRO) VALUES (2, 'SUPERVISOR ARAPONGAS', '2@XBRAIN.COM.BR', 10, 1, '123', 'F', 'A', CURRENT_DATE);
INSERT INTO USUARIO (ID, NOME, EMAIL_01, FK_CARGO, FK_DEPARTAMENTO, SENHA, ALTERAR_SENHA, SITUACAO, DATA_CADASTRO) VALUES (3, 'SUPERVISOR LINS', '3@XBRAIN.COM.BR', 10, 1, '123', 'F', 'A', CURRENT_DATE);
INSERT INTO USUARIO (ID, NOME, EMAIL_01, FK_CARGO, FK_DEPARTAMENTO, SENHA, ALTERAR_SENHA, SITUACAO, DATA_CADASTRO) VALUES (4, 'SUPERVISOR SEM CIDADE', '4@XBRAIN.COM.BR', 10, 1, '123', 'F', 'A', CURRENT_DATE);

-- VENDEDORES --
INSERT INTO USUARIO (ID, NOME, EMAIL_01, FK_CARGO, FK_DEPARTAMENTO, SENHA, ALTERAR_SENHA, SITUACAO, DATA_CADASTRO) VALUES (5, 'VENDEDOR LONDRINA', '5@XBRAIN.COM.BR', 8, 1, '123', 'F', 'A', CURRENT_DATE);
INSERT INTO USUARIO (ID, NOME, EMAIL_01, FK_CARGO, FK_DEPARTAMENTO, SENHA, ALTERAR_SENHA, SITUACAO, DATA_CADASTRO) VALUES (6, 'VENDEDOR ARAPONGAS', '6@XBRAIN.COM.BR', 8, 1, '123', 'F', 'A', CURRENT_DATE);
INSERT INTO USUARIO (ID, NOME, EMAIL_01, FK_CARGO, FK_DEPARTAMENTO, SENHA, ALTERAR_SENHA, SITUACAO, DATA_CADASTRO) VALUES (7, 'VENDEDOR LINS', '7@XBRAIN.COM.BR', 8, 1, '123', 'F', 'A', CURRENT_DATE);

-- ASSISTENTES --
INSERT INTO USUARIO (ID, NOME, EMAIL_01, FK_CARGO, FK_DEPARTAMENTO, SENHA, ALTERAR_SENHA, SITUACAO, DATA_CADASTRO) VALUES (8, 'ASSISTENTE LONDRINA', '8@XBRAIN.COM.BR', 2, 1, '123', 'F', 'A', CURRENT_DATE);
INSERT INTO USUARIO (ID, NOME, EMAIL_01, FK_CARGO, FK_DEPARTAMENTO, SENHA, ALTERAR_SENHA, SITUACAO, DATA_CADASTRO) VALUES (9, 'ASSISTENTE ARAPONGAS', '9@XBRAIN.COM.BR', 2, 1, '123', 'F', 'A', CURRENT_DATE);
INSERT INTO USUARIO (ID, NOME, EMAIL_01, FK_CARGO, FK_DEPARTAMENTO, SENHA, ALTERAR_SENHA, SITUACAO, DATA_CADASTRO) VALUES (10, 'ASSISTENTE LINS', '10@XBRAIN.COM.BR', 2, 1, '123', 'F', 'A', CURRENT_DATE);
INSERT INTO USUARIO (ID, NOME, EMAIL_01, FK_CARGO, FK_DEPARTAMENTO, SENHA, ALTERAR_SENHA, SITUACAO, DATA_CADASTRO) VALUES (11, 'ASSISTENTE LINS INATIVO', '11@XBRAIN.COM.BR', 2, 1, '123', 'F', 'I', CURRENT_DATE);


-- USUARIO CANAL --
INSERT INTO USUARIO_CANAL (FK_USUARIO, CANAL) VALUES (1, 'D2D_PROPRIO');
INSERT INTO USUARIO_CANAL (FK_USUARIO, CANAL) VALUES (2, 'D2D_PROPRIO');
INSERT INTO USUARIO_CANAL (FK_USUARIO, CANAL) VALUES (3, 'D2D_PROPRIO');
INSERT INTO USUARIO_CANAL (FK_USUARIO, CANAL) VALUES (4, 'D2D_PROPRIO');
INSERT INTO USUARIO_CANAL (FK_USUARIO, CANAL) VALUES (5, 'D2D_PROPRIO');
INSERT INTO USUARIO_CANAL (FK_USUARIO, CANAL) VALUES (6, 'D2D_PROPRIO');
INSERT INTO USUARIO_CANAL (FK_USUARIO, CANAL) VALUES (7, 'AGENTE_AUTORIZADO');
INSERT INTO USUARIO_CANAL (FK_USUARIO, CANAL) VALUES (8, 'D2D_PROPRIO');
INSERT INTO USUARIO_CANAL (FK_USUARIO, CANAL) VALUES (9, 'D2D_PROPRIO');
INSERT INTO USUARIO_CANAL (FK_USUARIO, CANAL) VALUES (10, 'AGENTE_AUTORIZADO');
INSERT INTO USUARIO_CANAL (FK_USUARIO, CANAL) VALUES (11, 'D2D_PROPRIO');

-- SUPERVISORES CIDADE LONDRINA
INSERT INTO USUARIO_CIDADE (FK_USUARIO, FK_CIDADE, DATA_CADASTRO) VALUES (1, 5578, CURRENT_DATE);
INSERT INTO USUARIO_CIDADE (FK_USUARIO, FK_CIDADE, DATA_CADASTRO) VALUES (2, 3237, CURRENT_DATE);
INSERT INTO USUARIO_CIDADE (FK_USUARIO, FK_CIDADE, DATA_CADASTRO) VALUES (3, 5107, CURRENT_DATE);

-- VENDEDORES LONDRINA
INSERT INTO USUARIO_CIDADE (FK_USUARIO, FK_CIDADE, DATA_CADASTRO) VALUES (5, 5578, CURRENT_DATE);
INSERT INTO USUARIO_CIDADE (FK_USUARIO, FK_CIDADE, DATA_CADASTRO) VALUES (6, 3237, CURRENT_DATE);
INSERT INTO USUARIO_CIDADE (FK_USUARIO, FK_CIDADE, DATA_CADASTRO) VALUES (7, 5107, CURRENT_DATE);

-- ASSISTENTES LONDRINA
INSERT INTO USUARIO_CIDADE (FK_USUARIO, FK_CIDADE, DATA_CADASTRO) VALUES (8, 5578, CURRENT_DATE);
INSERT INTO USUARIO_CIDADE (FK_USUARIO, FK_CIDADE, DATA_CADASTRO) VALUES (9, 3237, CURRENT_DATE);
INSERT INTO USUARIO_CIDADE (FK_USUARIO, FK_CIDADE, DATA_CADASTRO) VALUES (10, 5107, CURRENT_DATE);

-- ASSISTENTES LINS
INSERT INTO USUARIO_CIDADE (FK_USUARIO, FK_CIDADE, DATA_CADASTRO) VALUES (11, 5107, CURRENT_DATE);