ALTER TABLE OAUTH_ACCESS_TOKEN ALTER COLUMN AUTHENTICATION LONG RAW;
ALTER TABLE OAUTH_ACCESS_TOKEN ALTER COLUMN REFRESH_TOKEN LONG RAW;
ALTER TABLE OAUTH_ACCESS_TOKEN ALTER COLUMN TOKEN LONG RAW;

-- USUÁRIOS --
INSERT INTO USUARIO (ID, SITUACAO, ALTERAR_SENHA, CPF, DATA_CADASTRO, EMAIL_01, NOME, SENHA, TELEFONE_01, FK_CARGO, FK_DEPARTAMENTO) VALUES(100, 'A', 'F', '38957979875', SYSDATE, 'ADMIN@XBRAIN.COM.BR', 'ADMIN', '$2a$10$5Km7U7CyDD5VIrkJPXPK8.px0hJE9n.NgGx2tGRa/Gu3e3xEumipm', '99999', 50, 50);
INSERT INTO USUARIO (ID, SITUACAO, ALTERAR_SENHA, CPF, DATA_CADASTRO, EMAIL_01, NOME, SENHA, TELEFONE_01, FK_CARGO, FK_DEPARTAMENTO) VALUES(101, 'A', 'F', '65710871036', SYSDATE, 'HELPDESK@XBRAIN.COM.BR', 'HELPDESK', '$2a$10$5Km7U7CyDD5VIrkJPXPK8.px0hJE9n.NgGx2tGRa/Gu3e3xEumipm', '99999', 51, 51);
INSERT INTO USUARIO (ID, SITUACAO, ALTERAR_SENHA, FK_CARGO, FK_DEPARTAMENTO, NOME, EMAIL_01, CPF, RG, TELEFONE_01, SENHA,  DATA_CADASTRO) VALUES (104, 'A', 'F', 7, 3, 'operacao_gerente_comercial', 'operacao_gerente_comercial@net.com.br', '672.678.130-03', '88888888', '9999', '$2a$10$5Km7U7CyDD5VIrkJPXPK8.px0hJE9n.NgGx2tGRa/Gu3e3xEumipm', SYSDATE);
INSERT INTO USUARIO (ID, SITUACAO, ALTERAR_SENHA, CPF, DATA_CADASTRO, EMAIL_01, NOME, SENHA, TELEFONE_01, FK_CARGO, FK_DEPARTAMENTO) VALUES(105, 'I', 'F', '41842888803', SYSDATE, 'INATIVO@XBRAIN.COM.BR', 'INATIVO', '$2a$10$5Km7U7CyDD5VIrkJPXPK8.px0hJE9n.NgGx2tGRa/Gu3e3xEumipm', '99999', 50, 50);
INSERT INTO USUARIO (ID, ALTERAR_SENHA, CPF, DATA_CADASTRO, EMAIL_01, NOME, SENHA, SITUACAO, TELEFONE_01, FK_CARGO, FK_DEPARTAMENTO) VALUES (230, 'F', '31752423674', CURRENT_DATE, 'AGENTE_AUTORIZADO_APROVACAO_MSO_NOVO_CADASTRO@XBRAIN.COM.BR', 'Agente Autorizado Aprovação MSO Novos Cadastros', '$2a$10$5Km7U7CyDD5VIrkJPXPK8.px0hJE9n.NgGx2tGRa/Gu3e3xEumipm', 'A', '43 3333-5555', 7, 3);

-- USUÁRIO EMPRESA --
INSERT INTO USUARIO_EMPRESA (FK_USUARIO, FK_EMPRESA) VALUES (100, 4);
INSERT INTO USUARIO_EMPRESA (FK_USUARIO, FK_EMPRESA) VALUES (101, 1);
INSERT INTO USUARIO_EMPRESA (FK_USUARIO, FK_EMPRESA) VALUES (104, 1);
INSERT INTO USUARIO_EMPRESA (FK_USUARIO, FK_EMPRESA) VALUES (230, 1);

-- USUÁRIO UNIDADE NEGÓCIO
INSERT INTO USUARIO_UNIDADE_NEGOCIO (FK_USUARIO, FK_UNIDADE_NEGOCIO) VALUES(100, 3);
INSERT INTO USUARIO_UNIDADE_NEGOCIO (FK_USUARIO, FK_UNIDADE_NEGOCIO) VALUES(101, 1);
INSERT INTO USUARIO_UNIDADE_NEGOCIO (FK_USUARIO, FK_UNIDADE_NEGOCIO) VALUES(104, 1);

-- USUÁRIO CIDADE --
INSERT INTO USUARIO_CIDADE (FK_USUARIO, FK_CIDADE, FK_USUARIO_CADASTRO, DATA_CADASTRO) VALUES (100, 5578, 100, to_date('01/01/2000 00:00:00', 'dd/mm/yyyy hh24:mi:ss'));
INSERT INTO USUARIO_CIDADE (FK_USUARIO, FK_CIDADE, FK_USUARIO_CADASTRO, DATA_CADASTRO) VALUES (104, 5578, 100, to_date('01/01/2000 00:00:00', 'dd/mm/yyyy hh24:mi:ss'));

-- USUÁRIO HIERARQUIA --
INSERT INTO USUARIO_HIERARQUIA (FK_USUARIO, FK_USUARIO_SUPERIOR, DATA_CADASTRO, FK_USUARIO_CADASTRO) VALUES (101, 104, to_date('01/01/2000 00:00:00', 'dd/mm/yyyy hh24:mi:ss'), 100);
INSERT INTO USUARIO_HIERARQUIA (FK_USUARIO, FK_USUARIO_SUPERIOR, DATA_CADASTRO, FK_USUARIO_CADASTRO) VALUES (104, 105, to_date('01/01/2000 00:00:00', 'dd/mm/yyyy hh24:mi:ss'), 100);

-- FUNCIONALIDADE --
INSERT INTO FUNCIONALIDADE (ID, NOME, ROLE, FK_APLICACAO) VALUES (226, 'Gerenciar Usuários Executivos', 'GERENCIAR_USUARIOS_EXECUTIVO', 2);

-- CARGO DEPARTAMENTO FUNCIONALIDADE --
INSERT INTO CARGO_DEPART_FUNC (ID, FK_CARGO, FK_DEPARTAMENTO, FK_FUNCIONALIDADE) VALUES (SEQ_CARGO_DEPART_FUNC.nextval, 7, 3, 226);

-- PERMISSÃO ESPECIAL --
INSERT INTO PERMISSAO_ESPECIAL (ID, DATA_CADASTRO, FK_FUNCIONALIDADE, FK_USUARIO, FK_USUARIO_CADASTRO) VALUES (2, CURRENT_DATE, 26, 101, 101);

-- CONFIGURAÇÃO --
INSERT INTO CONFIGURACAO (ID, DATA_CADASTRO, RAMAL, FK_USUARIO, FK_USUARIO_CADASTRO) VALUES(1,  TO_DATE('17/02/2018 10:50:00', 'dd/mm/yyyy hh24:mi:ss'), 7006, 100, 100);