INSERT INTO FUNCIONALIDADE (ID, NOME, ROLE, FK_APLICACAO)
VALUES (111111, 'Teste 1', 'TESTE_1', 24);
INSERT INTO FUNCIONALIDADE (ID, NOME, ROLE, FK_APLICACAO)
VALUES (222222, 'Teste 2', 'TESTE_2', 24);
INSERT INTO FUNCIONALIDADE (ID, NOME, ROLE, FK_APLICACAO)
VALUES (333333, 'Teste 3', 'TESTE_3', 24);
INSERT INTO FUNCIONALIDADE (ID, NOME, ROLE, FK_APLICACAO)
VALUES (444444, 'Teste 4', 'TESTE_4', 24);
INSERT INTO FUNCIONALIDADE (ID, NOME, ROLE, FK_APLICACAO)
VALUES (555555, 'Teste 4', 'TESTE_4', 24);

INSERT INTO NIVEL(ID, CODIGO, EXIBIR_CAD_USUARIO, NOME, SITUACAO)
VALUES (111111, 'NIVEL_TESTE_1', 'F', 'Nivel Teste 1', 'A');
INSERT INTO NIVEL(ID, CODIGO, EXIBIR_CAD_USUARIO, NOME, SITUACAO)
VALUES (222222, 'NIVEL_TESTE_2', 'F', 'Nivel Teste 2', 'A');

INSERT INTO CARGO(ID, CODIGO, NOME, SITUACAO, FK_NIVEL)
VALUES (111111, 'CARGO_TESTE_1', 'Cargo Teste 1', 'A', 111111);
INSERT INTO CARGO(ID, CODIGO, NOME, SITUACAO, FK_NIVEL)
VALUES (222222, 'CARGO_TESTE_2', 'Cargo Teste 2', 'A', 222222);

INSERT INTO SUB_NIVEL (ID, NOME, CODIGO, SITUACAO, FK_NIVEL)
VALUES (1, 'BACKOFFICE', 'BACKOFFICE', 'A', 111111);
INSERT INTO SUB_NIVEL (ID, NOME, CODIGO, SITUACAO, FK_NIVEL)
VALUES (2, 'BACKOFFICE CENTRALIZADO', 'BACKOFFICE_CENTRALIZADO', 'A', 111111);
INSERT INTO SUB_NIVEL (ID, NOME, CODIGO, SITUACAO, FK_NIVEL)
VALUES (3, 'BACKOFFICE DE QUALIDADE', 'BACKOFFICE_QUALIDADE', 'A', 111111);
INSERT INTO SUB_NIVEL (ID, NOME, CODIGO, SITUACAO, FK_NIVEL)
VALUES (4, 'BACKOFFICE SUPORTE DE VENDAS', 'BACKOFFICE_SUPORTE_VENDAS', 'A', 222222);

INSERT INTO CARGO_FUNC_SUBNIVEL (ID, FK_CARGO, FK_FUNCIONALIDADE, FK_SUBNIVEL)
VALUES (1, 111111, 111111, 1);
INSERT INTO CARGO_FUNC_SUBNIVEL (ID, FK_CARGO, FK_FUNCIONALIDADE, FK_SUBNIVEL)
VALUES (2, 222222, 222222, 2);
INSERT INTO CARGO_FUNC_SUBNIVEL (ID, FK_CARGO, FK_FUNCIONALIDADE, FK_SUBNIVEL)
VALUES (3, NULL, 333333, 3);
INSERT INTO CARGO_FUNC_SUBNIVEL (ID, FK_CARGO, FK_FUNCIONALIDADE, FK_SUBNIVEL)
VALUES (4, NULL, 444444, 4);
INSERT INTO CARGO_FUNC_SUBNIVEL (ID, FK_CARGO, FK_FUNCIONALIDADE, FK_SUBNIVEL)
VALUES (5, 111111, 555555, 1);

