
----USUARIOS
INSERT INTO USUARIO (ID, SITUACAO, ALTERAR_SENHA, CPF, DATA_CADASTRO, EMAIL_01, NOME, SENHA, TELEFONE_01, FK_CARGO, FK_DEPARTAMENTO) VALUES (10219, 'A', 'F', '54564564', SYSDATE, 'GERENTE2_OPERACAO@NET.COM.BR', 'Gerente operacao ativo local', '$2a$10$5Km7U7CyDD5VIrkJPXPK8.px0hJE9n.NgGx2tGRa/Gu3e3xEumipm', '99999', 7, 3);
INSERT INTO USUARIO (ID, SITUACAO, ALTERAR_SENHA, CPF, DATA_CADASTRO, EMAIL_01, NOME, SENHA, TELEFONE_01, FK_CARGO, FK_DEPARTAMENTO) VALUES (10220, 'A', 'F', '54564564654', SYSDATE, 'GERENTE_OPERACAO@NET.COM.BR', 'Gerente operacao ativo local', '$2a$10$5Km7U7CyDD5VIrkJPXPK8.px0hJE9n.NgGx2tGRa/Gu3e3xEumipm', '99999', 7, 3);
INSERT INTO USUARIO (ID, SITUACAO, ALTERAR_SENHA, CPF, DATA_CADASTRO, EMAIL_01, NOME, SENHA, TELEFONE_01, FK_CARGO, FK_DEPARTAMENTO) VALUES (11122, 'A', 'F', '54564564654', SYSDATE, 'COORDENADOR_OPERACAO@NET.COM.BR', 'Coordenador operacao ativo local', '$2a$10$5Km7U7CyDD5VIrkJPXPK8.px0hJE9n.NgGx2tGRa/Gu3e3xEumipm', '99999', 4, 3);
INSERT INTO USUARIO (ID, SITUACAO, ALTERAR_SENHA, CPF, DATA_CADASTRO, EMAIL_01, NOME, SENHA, TELEFONE_01, FK_CARGO, FK_DEPARTAMENTO) VALUES (11123, 'A', 'F', '54564564654', SYSDATE, 'SUPERVISOR_OPERACAO@NET.COM.BR', 'Supervisor operacao ativo local', '$2a$10$5Km7U7CyDD5VIrkJPXPK8.px0hJE9n.NgGx2tGRa/Gu3e3xEumipm', '99999', 10, 3);
INSERT INTO USUARIO (ID, SITUACAO, ALTERAR_SENHA, CPF, DATA_CADASTRO, EMAIL_01, NOME, SENHA, TELEFONE_01, FK_CARGO, FK_DEPARTAMENTO) VALUES (11124, 'A', 'F', '54564564654', SYSDATE, 'SUPERVISOR2_OPERACAO@NET.COM.BR', 'Supervisor2 operacao ativo local', '$2a$10$5Km7U7CyDD5VIrkJPXPK8.px0hJE9n.NgGx2tGRa/Gu3e3xEumipm', '99999', 10, 3);
INSERT INTO USUARIO (ID, SITUACAO, ALTERAR_SENHA, CPF, DATA_CADASTRO, EMAIL_01, NOME, SENHA, TELEFONE_01, FK_CARGO, FK_DEPARTAMENTO) VALUES (11125, 'A', 'F', '54564564654', SYSDATE, 'COORDENADOR2_OPERACAO@NET.COM.BR', 'Coordenador2 operacao ativo local', '$2a$10$5Km7U7CyDD5VIrkJPXPK8.px0hJE9n.NgGx2tGRa/Gu3e3xEumipm', '99999', 4, 3);
INSERT INTO USUARIO (ID, SITUACAO, ALTERAR_SENHA, CPF, DATA_CADASTRO, EMAIL_01, NOME, SENHA, TELEFONE_01, FK_CARGO, FK_DEPARTAMENTO) VALUES (11126, 'A', 'F', '54564564654', SYSDATE, 'COORDENADOR3_OPERACAO@NET.COM.BR', 'Coordenador sem site operacao ativo local', '$2a$10$5Km7U7CyDD5VIrkJPXPK8.px0hJE9n.NgGx2tGRa/Gu3e3xEumipm', '99999', 4, 3);
INSERT INTO USUARIO (ID, SITUACAO, ALTERAR_SENHA, CPF, DATA_CADASTRO, EMAIL_01, NOME, SENHA, TELEFONE_01, FK_CARGO, FK_DEPARTAMENTO) VALUES (11127, 'A', 'F', '54564564654', SYSDATE, 'SUPERVISOR3_OPERACAO@NET.COM.BR', 'Supervisor2 operacao ativo local', '$2a$10$5Km7U7CyDD5VIrkJPXPK8.px0hJE9n.NgGx2tGRa/Gu3e3xEumipm', '99999', 10, 3);


---- DEFINIR CANAL USUARIOS
INSERT INTO USUARIO_CANAL(FK_USUARIO, CANAL) VALUES (10220, 'ATIVO_PROPRIO');
INSERT INTO USUARIO_CANAL(FK_USUARIO, CANAL) VALUES (11122, 'ATIVO_PROPRIO');
INSERT INTO USUARIO_CANAL(FK_USUARIO, CANAL) VALUES (11123, 'ATIVO_PROPRIO');
INSERT INTO USUARIO_CANAL(FK_USUARIO, CANAL) VALUES (11124, 'ATIVO_PROPRIO');
INSERT INTO USUARIO_CANAL(FK_USUARIO, CANAL) VALUES (11125, 'ATIVO_PROPRIO');
INSERT INTO USUARIO_CANAL(FK_USUARIO, CANAL) VALUES (11126, 'ATIVO_PROPRIO');

---- DEFINIR HIERARQUIA DOS USUARIOS
INSERT INTO USUARIO_HIERARQUIA (FK_USUARIO, FK_USUARIO_SUPERIOR, DATA_CADASTRO, FK_USUARIO_CADASTRO) VALUES (11122, 10220, SYSDATE, 10219);
INSERT INTO USUARIO_HIERARQUIA (FK_USUARIO, FK_USUARIO_SUPERIOR, DATA_CADASTRO, FK_USUARIO_CADASTRO) VALUES (11123, 11122, SYSDATE, 10219);
INSERT INTO USUARIO_HIERARQUIA (FK_USUARIO, FK_USUARIO_SUPERIOR, DATA_CADASTRO, FK_USUARIO_CADASTRO) VALUES (11124, 11122, SYSDATE, 10219);
INSERT INTO USUARIO_HIERARQUIA (FK_USUARIO, FK_USUARIO_SUPERIOR, DATA_CADASTRO, FK_USUARIO_CADASTRO) VALUES (11125, 10220, SYSDATE, 10219);

---- SITE --
INSERT INTO SITE(ID, NOME, TIME_ZONE, SITUACAO, SITE_NACIONAL) VALUES (1, 'Manaus', 'AMT', 'A', 'F');
INSERT INTO SITE(ID, NOME, TIME_ZONE, SITUACAO, SITE_NACIONAL) VALUES (2, 'Site Inativo', 'FNT', 'I', 'F');

---- VINCULAR SITES A SUPERVIDORES E COORDENADORES
INSERT INTO SITE_COORDENADOR(FK_SITE, FK_USUARIO) VALUES(1, 11122);
INSERT INTO SITE_SUPERVISOR(FK_SITE, FK_USUARIO) VALUES(1, 11123);
INSERT INTO SITE_SUPERVISOR(FK_SITE, FK_USUARIO) VALUES(1, 11127);

---- VINCULAR SITE INATIVO A SUPERVIDORES E COORDENADORES
INSERT INTO SITE_COORDENADOR(FK_SITE, FK_USUARIO) VALUES(2, 11126);
INSERT INTO SITE_SUPERVISOR(FK_SITE, FK_USUARIO) VALUES(2, 11124);

---- CRIAR ESTADOS -----
INSERT INTO UF(ID, NOME, UF) VALUES(100, 'PARANA', 'PR');
INSERT INTO UF(ID, NOME, UF) VALUES(200, 'SAO PAULO', 'SP');

---- CRIAR CIDADES -----
--PARANA
INSERT INTO CIDADE(ID, NOME, FK_SUB_CLUSTER, FK_UF, FK_USUARIO_APROVADOR_MSO, CODIGO_IBGE, NET_UNO) VALUES(1100, 'ARAPONGAS', NULL, 100, NULL,'4101507', 'F');
INSERT INTO CIDADE(ID, NOME, FK_SUB_CLUSTER, FK_UF, FK_USUARIO_APROVADOR_MSO, CODIGO_IBGE, NET_UNO) VALUES(1200, 'MARINGA', NULL, 100, NULL,'4115200', 'F');
INSERT INTO CIDADE(ID, NOME, FK_SUB_CLUSTER, FK_UF, FK_USUARIO_APROVADOR_MSO, CODIGO_IBGE, NET_UNO) VALUES(1300, 'LOANDA', NULL, 100, NULL,'4113502', 'F');
INSERT INTO CIDADE(ID, NOME, FK_SUB_CLUSTER, FK_UF, FK_USUARIO_APROVADOR_MSO, CODIGO_IBGE, NET_UNO) VALUES(1400, 'LOBATO', NULL, 100, NULL,'4113601', 'F');
--SAO PAULO
INSERT INTO CIDADE(ID, NOME, FK_SUB_CLUSTER, FK_UF, FK_USUARIO_APROVADOR_MSO, CODIGO_IBGE, NET_UNO) VALUES(1500, 'MARILIA', NULL, 200, NULL,'3529005', 'F');
INSERT INTO CIDADE(ID, NOME, FK_SUB_CLUSTER, FK_UF, FK_USUARIO_APROVADOR_MSO, CODIGO_IBGE, NET_UNO) VALUES(1600, 'COSMOPOLIS', NULL, 200, NULL,'3150003', 'F');
INSERT INTO CIDADE(ID, NOME, FK_SUB_CLUSTER, FK_UF, FK_USUARIO_APROVADOR_MSO, CODIGO_IBGE, NET_UNO) VALUES(1700, 'COSMORAMA', NULL, 200, NULL,'3512902', 'F');

----VINCULAR CIDADES AO USUARIO----
INSERT INTO USUARIO_CIDADE (FK_USUARIO, FK_CIDADE, FK_USUARIO_CADASTRO, DATA_CADASTRO, DATA_BAIXA)
    VALUES (11122, 1100, NULL, CURRENT_DATE, NULL),
           (11122, 1200, NULL, CURRENT_DATE, NULL),
           (11122, 1300, NULL, CURRENT_DATE, NULL),
           (11125, 1400, NULL, CURRENT_DATE, NULL),
           (11125, 1500, NULL, CURRENT_DATE, NULL),
           (11125, 1600, NULL, CURRENT_DATE, NULL),
           (11125, 1700, NULL, CURRENT_DATE, NULL),
           (11126, 1700, NULL, CURRENT_DATE, NULL);

