-- USUARIO SITE --
INSERT INTO SITE (ID, NOME, TIME_ZONE, SITUACAO, SITE_NACIONAL) VALUES (110, 'Rio Branco', 'ACT', 'A', 'F');
INSERT INTO SITE (ID, NOME, TIME_ZONE, SITUACAO, SITE_NACIONAL) VALUES (111, 'Manaus', 'AMT', 'A', 'F');
INSERT INTO SITE_CIDADE (FK_SITE, FK_CIDADE) VALUES (110, 3426);

-- USUARIO ADM --

INSERT INTO USUARIO (ID, SITUACAO, ALTERAR_SENHA, CPF, DATA_CADASTRO, EMAIL_01, NOME, SENHA, TELEFONE_01, FK_CARGO, FK_DEPARTAMENTO, URL_LOJA_BASE, URL_LOJA_PROSPECT, URL_LOJA_PROSPECT_NEXTEL, LOGIN_NET_SALES, NOME_EQUIPE_VENDA_NET_SALES, CODIGO_EQUIPE_VENDA_NET_SALES) VALUES (100, 'A', 'F', '38957979875', SYSDATE, 'ADMIN@XBRAIN.COM.BR', 'ADMIN', '$2a$10$5Km7U7CyDD5VIrkJPXPK8.px0hJE9n.NgGx2tGRa/Gu3e3xEumipm', '99999', 50, 50, 'http://loja.com.br/1', 'http://loja.com.br/2', 'http://loja.com.br/3', '123456', 'VENDAS NET', '654321');


-- NIVEL
INSERT INTO NIVEL (ID, CODIGO, EXIBIR_CAD_USUARIO, NOME, SITUACAO) VALUES (1220, 'BACKOFFICE_SUPORTE_VENDAS', 'V', 'Backoffice Suporte de Vendas', 'A');

-- USUARIO ORGANIZACAO EMPRESA --
INSERT INTO ORGANIZACAO_EMPRESA (ID, CODIGO, NOME, DATA_CADASTRO, FK_USUARIO_CADASTRO, SITUACAO, FK_NIVEL) VALUES (1, 'BCC', 'Brasil Center', TO_DATE('17/02/2018 10:50:00', 'dd/mm/yyyy hh24:mi:ss'), 100, 'A', 1);
INSERT INTO ORGANIZACAO_EMPRESA (ID, CODIGO, NOME, DATA_CADASTRO, FK_USUARIO_CADASTRO, SITUACAO, FK_NIVEL) VALUES (2, 'CALLINK', 'Callink', TO_DATE('17/02/2018 10:50:00', 'dd/mm/yyyy hh24:mi:ss'), 100, 'A', 2);
INSERT INTO ORGANIZACAO_EMPRESA (ID, CODIGO, NOME, DATA_CADASTRO, FK_USUARIO_CADASTRO, SITUACAO, FK_NIVEL) VALUES (3, 'PROPRIO', 'Próprio', TO_DATE('17/02/2018 10:50:00', 'dd/mm/yyyy hh24:mi:ss'), 100, 'A', 3);
INSERT INTO ORGANIZACAO_EMPRESA (ID, CODIGO, NOME, DATA_CADASTRO, FK_USUARIO_CADASTRO, SITUACAO, FK_NIVEL) VALUES (4, 'ATENTO', 'Atento', TO_DATE('17/02/2018 10:50:00', 'dd/mm/yyyy hh24:mi:ss'), 100, 'A', 4);
INSERT INTO ORGANIZACAO_EMPRESA (ID, CODIGO, NOME, DATA_CADASTRO, FK_USUARIO_CADASTRO, SITUACAO, FK_NIVEL) VALUES (5, 'VGX', 'VGX', TO_DATE('17/02/2018 10:50:00', 'dd/mm/yyyy hh24:mi:ss'), 100, 'A', 5);
INSERT INTO ORGANIZACAO_EMPRESA (ID, CODIGO, NOME, DATA_CADASTRO, FK_USUARIO_CADASTRO, SITUACAO, FK_NIVEL) VALUES (43, 'INTERNET', 'INTERNET', TO_DATE('17/02/2018 10:50:00', 'dd/mm/yyyy hh24:mi:ss'), 100, 'A', 6);
INSERT INTO ORGANIZACAO_EMPRESA (ID, CODIGO, NOME, DATA_CADASTRO, FK_USUARIO_CADASTRO, SITUACAO, FK_NIVEL) VALUES (44, 'BSV', 'SUPORTE DE VENDAS', TO_DATE('08/11/2023 10:50:00', 'dd/mm/yyyy hh24:mi:ss'), 100, 'A', 1220);


-- USUÁRIOS --
INSERT INTO USUARIO (ID, SITUACAO, ALTERAR_SENHA, CPF, DATA_CADASTRO, EMAIL_01, NOME, SENHA, TELEFONE_01, FK_CARGO, FK_DEPARTAMENTO, FK_ORGANIZACAO_EMPRESA) VALUES (101, 'A', 'F', '65710871036', SYSDATE, 'HELPDESK@XBRAIN.COM.BR', 'HELPDESK', '$2a$10$5Km7U7CyDD5VIrkJPXPK8.px0hJE9n.NgGx2tGRa/Gu3e3xEumipm', '99999', 51, 51, 2);
INSERT INTO USUARIO (ID, SITUACAO, ALTERAR_SENHA, NOME, EMAIL_01, CPF, RG, TELEFONE_01, SENHA,  DATA_CADASTRO, FK_CARGO, FK_DEPARTAMENTO, FK_ORGANIZACAO_EMPRESA) VALUES (104, 'A', 'F',   'operacao_gerente_comercial', 'operacao_gerente_comercial@net.com.br', '672.678.130-03', '88888888', '9999', '$2a$10$5Km7U7CyDD5VIrkJPXPK8.px0hJE9n.NgGx2tGRa/Gu3e3xEumipm', SYSDATE, 7, 3, 2);
INSERT INTO USUARIO (ID, SITUACAO, ALTERAR_SENHA, CPF, DATA_CADASTRO, EMAIL_01, NOME, SENHA, TELEFONE_01, FK_CARGO, FK_DEPARTAMENTO, FK_ORGANIZACAO_EMPRESA) VALUES (105, 'I', 'F', '41842888803', SYSDATE, 'INATIVO@XBRAIN.COM.BR', 'INATIVO', '$2a$10$5Km7U7CyDD5VIrkJPXPK8.px0hJE9n.NgGx2tGRa/Gu3e3xEumipm', '99999', 50, 50, 3);
INSERT INTO USUARIO (ID, SITUACAO, ALTERAR_SENHA, CPF, DATA_CADASTRO, EMAIL_01, NOME, SENHA, TELEFONE_01, FK_CARGO, FK_DEPARTAMENTO, FK_ORGANIZACAO_EMPRESA) VALUES (106, 'P', 'F', '51842888803', SYSDATE, 'PENDENTE@XBRAIN.COM.BR', 'INATIVO', '$2a$10$5Km7U7CyDD5VIrkJPXPK8.px0hJE9n.NgGx2tGRa/Gu3e3xEumipm', '99999', 50, 50, 4);
INSERT INTO USUARIO (ID, ALTERAR_SENHA, CPF, DATA_CADASTRO, EMAIL_01, NOME, SENHA, SITUACAO, TELEFONE_01, FK_CARGO, FK_DEPARTAMENTO, FK_ORGANIZACAO_EMPRESA) VALUES (230, 'F', '31752423674', CURRENT_DATE, 'AGENTE_AUTORIZADO_APROVACAO_MSO_NOVO_CADASTRO@XBRAIN.COM.BR', 'Agente Autorizado Aprovação MSO Novos Cadastros', '$2a$10$5Km7U7CyDD5VIrkJPXPK8.px0hJE9n.NgGx2tGRa/Gu3e3xEumipm', 'A', '43 3333-5555', 7, 3, 4);
INSERT INTO USUARIO (ID, SITUACAO, ALTERAR_SENHA, CPF, DATA_CADASTRO, EMAIL_01, NOME, SENHA, TELEFONE_01, FK_CARGO, FK_DEPARTAMENTO, FK_ORGANIZACAO_EMPRESA) VALUES (130, 'A', 'F', '28667582506', SYSDATE, 'MSO_ANALISTAADM_CLAROMOVEL_PESSOAL@NET.COM.BR', 'Mso Analista Adm Claro Pessoal', '$2a$10$5Km7U7CyDD5VIrkJPXPK8.px0hJE9n.NgGx2tGRa/Gu3e3xEumipm', '99999', 20, 20, 2);
INSERT INTO USUARIO (ID, NOME, EMAIL_01, SITUACAO, TELEFONE_01, CPF, FK_CARGO, FK_DEPARTAMENTO, ALTERAR_SENHA, SENHA, DATA_CADASTRO, FK_ORGANIZACAO_EMPRESA) VALUES (226, 'SOCIO AA', 'SOCIOAA@GMAIL.COM', 'A', '43 3333-5555', '35723327704', 41, 40, 'F', '$2a$10$5Km7U7CyDD5VIrkJPXPK8.px0hJE9n.NgGx2tGRa/Gu3e3xEumipm', CURRENT_DATE, 4);
INSERT INTO USUARIO (ID, NOME, EMAIL_01, SITUACAO, TELEFONE_01, CPF, FK_CARGO, FK_DEPARTAMENTO, ALTERAR_SENHA, SENHA, DATA_CADASTRO, FK_ORGANIZACAO_EMPRESA, LOGIN_NET_SALES) VALUES (227, 'VENDEDOR AA', 'VENDEDORAA@GMAIL.COM', 'A', '43 3333-5555', '45723327704', 49, 40, 'F', '$2a$10$5Km7U7CyDD5VIrkJPXPK8.px0hJE9n.NgGx2tGRa/Gu3e3xEumipm', CURRENT_DATE, 5, 'um login netsales');
INSERT INTO USUARIO (ID, SITUACAO, ALTERAR_SENHA, CPF, DATA_CADASTRO, EMAIL_01, NOME, SENHA, TELEFONE_01, FK_CARGO, FK_DEPARTAMENTO, FK_ORGANIZACAO_EMPRESA) VALUES (107, 'R', 'F', '51842888803', SYSDATE, 'PENDENTE@XBRAIN.COM.BR', 'REALOCADO', '$2a$10$5Km7U7CyDD5VIrkJPXPK8.px0hJE9n.NgGx2tGRa/Gu3e3xEumipm', '99999', 50, 50, 5);
INSERT INTO USUARIO (ID, SITUACAO, ALTERAR_SENHA, CPF, DATA_CADASTRO, EMAIL_01, NOME, SENHA, TELEFONE_01, FK_CARGO, FK_DEPARTAMENTO, FK_ORGANIZACAO_EMPRESA) VALUES (108, 'A', 'F', '99898798789', SYSDATE, 'ASSISTENTE@NET.COM.BR', 'Assistente Operação', '$2a$10$5Km7U7CyDD5VIrkJPXPK8.px0hJE9n.NgGx2tGRa/Gu3e3xEumipm', '99999', 2, 3, 1);
INSERT INTO USUARIO (ID, SITUACAO, ALTERAR_SENHA, CPF, DATA_CADASTRO, EMAIL_01, NOME, SENHA, TELEFONE_01, FK_CARGO, FK_DEPARTAMENTO, FK_ORGANIZACAO_EMPRESA) VALUES (109, 'A', 'F', '99898798781', SYSDATE, 'VENDEDOR@NET.COM.BR', 'Vendedor Operação', '$2a$10$5Km7U7CyDD5VIrkJPXPK8.px0hJE9n.NgGx2tGRa/Gu3e3xEumipm', '99999', 8, 3, 1);
INSERT INTO USUARIO (ID, SITUACAO, ALTERAR_SENHA, CPF, DATA_CADASTRO, EMAIL_01, NOME, SENHA, TELEFONE_01, FK_CARGO, FK_DEPARTAMENTO, FK_ORGANIZACAO_EMPRESA) VALUES (102, 'A', 'F', '99898798782', SYSDATE, 'SUPERVISOR@NET.COM.BR', 'Supervisor Operação', '$2a$10$5Km7U7CyDD5VIrkJPXPK8.px0hJE9n.NgGx2tGRa/Gu3e3xEumipm', '99999', 10, 3, 4);
INSERT INTO USUARIO (ID, SITUACAO, ALTERAR_SENHA, CPF, DATA_CADASTRO, EMAIL_01, NOME, SENHA, TELEFONE_01, FK_CARGO, FK_DEPARTAMENTO, FK_ORGANIZACAO_EMPRESA) VALUES (300, 'A', 'F', '85510448857', SYSDATE, 'OPERACAO@NET.COM.BR', 'Operacao Supervisor NET', '$2a$10$5Km7U7CyDD5VIrkJPXPK8.px0hJE9n.NgGx2tGRa/Gu3e3xEumipm', '99999', 10, 3, 3);
INSERT INTO USUARIO (ID, SITUACAO, ALTERAR_SENHA, CPF, DATA_CADASTRO, EMAIL_01, NOME, SENHA, TELEFONE_01, FK_CARGO, FK_DEPARTAMENTO) VALUES (400, 'A', 'F', '56342748772', SYSDATE, 'OPERACAO@NET1.COM.BR', 'Operacao Supervisor', '$2a$10$5Km7U7CyDD5VIrkJPXPK8.px0hJE9n.NgGx2tGRa/Gu3e3xEumipm', '99999', 10, 3);
INSERT INTO USUARIO (ID, SITUACAO, ALTERAR_SENHA, CPF, DATA_CADASTRO, EMAIL_01, NOME, SENHA, TELEFONE_01, FK_CARGO, FK_DEPARTAMENTO) VALUES (401, 'A', 'F', '16427860712', SYSDATE, 'OPERACAO@NET2.COM.BR', 'Operacao Gerente', '$2a$10$5Km7U7CyDD5VIrkJPXPK8.px0hJE9n.NgGx2tGRa/Gu3e3xEumipm', '99999', 7, 3);
INSERT INTO USUARIO (ID, SITUACAO, ALTERAR_SENHA, CPF, DATA_CADASTRO, EMAIL_01, NOME, SENHA, TELEFONE_01, FK_CARGO, FK_DEPARTAMENTO) VALUES (402, 'A', 'F', '85480863355', SYSDATE, 'OPERACAO@NET3.COM.BR', 'Operacao Vendedor', '$2a$10$5Km7U7CyDD5VIrkJPXPK8.px0hJE9n.NgGx2tGRa/Gu3e3xEumipm', '99999', 120, 3);
INSERT INTO USUARIO (ID, SITUACAO, ALTERAR_SENHA, CPF, DATA_CADASTRO, EMAIL_01, NOME, SENHA, TELEFONE_01, FK_CARGO, FK_DEPARTAMENTO) VALUES (403, 'A', 'F', '64457411426', SYSDATE, 'OPERACAO@NET4.COM.BR', 'Operacao Vendedor televendas', '$2a$10$5Km7U7CyDD5VIrkJPXPK8.px0hJE9n.NgGx2tGRa/Gu3e3xEumipm', '99999', 120, 3);
INSERT INTO USUARIO (ID, SITUACAO, ALTERAR_SENHA, CPF, DATA_CADASTRO, EMAIL_01, NOME, SENHA, TELEFONE_01, FK_CARGO, FK_DEPARTAMENTO) VALUES (404, 'A', 'F', '94145658256', SYSDATE, 'OPERACAO@NET5.COM.BR', 'Operacao Vendedor televendas DE OUTRO SITE', '$2a$10$5Km7U7CyDD5VIrkJPXPK8.px0hJE9n.NgGx2tGRa/Gu3e3xEumipm', '99999', 120, 3);
INSERT INTO USUARIO (ID, SITUACAO, ALTERAR_SENHA, CPF, DATA_CADASTRO, EMAIL_01, NOME, SENHA, FK_CARGO, FK_DEPARTAMENTO, FK_ORGANIZACAO_EMPRESA) VALUES (420, 'A', 'F', '0', SYSDATE, 'VENDEDORRECP1@TESTE.COM', 'VR 1', '$', 63, 57, 1);
INSERT INTO USUARIO (ID, SITUACAO, ALTERAR_SENHA, CPF, DATA_CADASTRO, EMAIL_01, NOME, SENHA, FK_CARGO, FK_DEPARTAMENTO, FK_ORGANIZACAO_EMPRESA) VALUES (421, 'R', 'F', '0', SYSDATE, 'VENDEDORRECP2@TESTE.COM', 'VR 2', '$', 63, 57, 1);
INSERT INTO USUARIO (ID, SITUACAO, ALTERAR_SENHA, CPF, DATA_CADASTRO, EMAIL_01, NOME, SENHA, FK_CARGO, FK_DEPARTAMENTO, FK_ORGANIZACAO_EMPRESA) VALUES (422, 'A', 'F', '0', SYSDATE, 'VENDEDORRECP3@TESTE.COM', 'VR 3', '$', 63, 57, 1);
INSERT INTO USUARIO (ID, SITUACAO, ALTERAR_SENHA, CPF, DATA_CADASTRO, EMAIL_01, NOME, SENHA, TELEFONE_01, FK_CARGO, FK_DEPARTAMENTO, FK_ORGANIZACAO_EMPRESA) VALUES (430, 'A', 'F', '73140722052', SYSDATE, 'VENDEDORTESTE@XBRAIN.COM', 'Operacao Vendedor', '$2a$10$5Km7U7CyDD5VIrkJPXPK8.px0hJE9n.NgGx2tGRa/Gu3e3xEumipm', '99999', 8, 3, 3);
INSERT INTO USUARIO (ID, SITUACAO, ALTERAR_SENHA, CPF, DATA_CADASTRO, EMAIL_01, NOME, SENHA, TELEFONE_01, FK_CARGO, FK_DEPARTAMENTO, FK_ORGANIZACAO_EMPRESA) VALUES (431, 'A', 'F', '12286135088', SYSDATE, 'VENDEDORSEMEQUIPETESTE@XBRAIN.COM', 'Operacao Vendedor', '$2a$10$5Km7U7CyDD5VIrkJPXPK8.px0hJE9n.NgGx2tGRa/Gu3e3xEumipm', '99999', 8, 3, 3);
INSERT INTO USUARIO (ID, SITUACAO, ALTERAR_SENHA, CPF, DATA_CADASTRO, EMAIL_01, NOME, SENHA, TELEFONE_01, FK_CARGO, FK_DEPARTAMENTO, FK_ORGANIZACAO_EMPRESA) VALUES (432, 'A', 'F', '13235593020', SYSDATE, 'VENDEDORSEMEQUIPETESTE@XBRAIN.COM', 'Operacao Vendedor', '$2a$10$5Km7U7CyDD5VIrkJPXPK8.px0hJE9n.NgGx2tGRa/Gu3e3xEumipm', '99999', 8, 5, 3);
INSERT INTO USUARIO (ID, SITUACAO, ALTERAR_SENHA, CPF, DATA_CADASTRO, EMAIL_01, NOME, SENHA, TELEFONE_01, FK_CARGO, FK_DEPARTAMENTO, FK_ORGANIZACAO_EMPRESA) VALUES (433, 'A', 'F', '79771576836', SYSDATE, 'ANALISTA.D2D.PAP@GMAIL.COM', 'Operacao Vendedor', '$2a$10$5Km7U7CyDD5VIrkJPXPK8.px0hJE9n.NgGx2tGRa/Gu3e3xEumipm', '99999', 1, 3, 3);
INSERT INTO USUARIO (ID, SITUACAO, ALTERAR_SENHA, CPF, DATA_CADASTRO, EMAIL_01, NOME, SENHA, TELEFONE_01, FK_CARGO, FK_DEPARTAMENTO, FK_ORGANIZACAO_EMPRESA) VALUES (434, 'A', 'F', '79771576836', SYSDATE, 'GERENTE.D2D.PAP@GMAIL.COM', 'Operacao Vendedor', '$2a$10$5Km7U7CyDD5VIrkJPXPK8.px0hJE9n.NgGx2tGRa/Gu3e3xEumipm', '99999', 4, 3, 3);
INSERT INTO USUARIO (ID, SITUACAO, ALTERAR_SENHA, CPF, DATA_CADASTRO, EMAIL_01, NOME, SENHA, TELEFONE_01, FK_CARGO, FK_DEPARTAMENTO) VALUES (440, 'A', 'F', '13235593020', SYSDATE, 'CLIENTELOJAFUTURO@TEST.COM', 'Cliente Loja Futuro', '$2a$10$5Km7U7CyDD5VIrkJPXPK8.px0hJE9n.NgGx2tGRa/Gu3e3xEumipm', '99999', 201, 3);
INSERT INTO USUARIO (ID, ALTERAR_SENHA, CPF, DATA_CADASTRO, EMAIL_01, NOME, SENHA, SITUACAO, TELEFONE_01, FK_CARGO, FK_DEPARTAMENTO, FK_ORGANIZACAO_EMPRESA) VALUES (441, 'F', '31752423111', CURRENT_DATE, 'GERENTEINTERNET@TEST.COM.BR', 'INTERNET GERENTE', '$2a$10$5Km7U7CyDD5VIrkJPXPK8.px0hJE9n.NgGx2tGRa/Gu3e3xEumipm', 'A', '43 3333-1111', 500, 3, 43);

-- USUARIO CANAIS --
INSERT INTO USUARIO_CANAL(FK_USUARIO, CANAL) VALUES (100, 'D2D_PROPRIO');
INSERT INTO USUARIO_CANAL(FK_USUARIO, CANAL) VALUES (100, 'AGENTE_AUTORIZADO');
INSERT INTO USUARIO_CANAL(FK_USUARIO, CANAL) VALUES (100, 'ATIVO_PROPRIO');
INSERT INTO USUARIO_CANAL(FK_USUARIO, CANAL) VALUES (101, 'AGENTE_AUTORIZADO');
INSERT INTO USUARIO_CANAL(FK_USUARIO, CANAL) VALUES (102, 'AGENTE_AUTORIZADO');
INSERT INTO USUARIO_CANAL(FK_USUARIO, CANAL) VALUES (104, 'D2D_PROPRIO');
INSERT INTO USUARIO_CANAL(FK_USUARIO, CANAL) VALUES (105, 'D2D_PROPRIO');
INSERT INTO USUARIO_CANAL(FK_USUARIO, CANAL) VALUES (300, 'AGENTE_AUTORIZADO');

INSERT INTO USUARIO_CANAL(FK_USUARIO, CANAL) VALUES (400, 'ATIVO_PROPRIO');
INSERT INTO USUARIO_CANAL(FK_USUARIO, CANAL) VALUES (401, 'ATIVO_PROPRIO');
INSERT INTO USUARIO_CANAL(FK_USUARIO, CANAL) VALUES (402, 'ATIVO_PROPRIO');
INSERT INTO USUARIO_CANAL(FK_USUARIO, CANAL) VALUES (403, 'ATIVO_PROPRIO');
INSERT INTO USUARIO_CANAL(FK_USUARIO, CANAL) VALUES (404, 'ATIVO_PROPRIO');
INSERT INTO USUARIO_CANAL(FK_USUARIO, CANAL) VALUES (441, 'INTERNET');

-- USUARIO SUBCANAIS --
INSERT INTO USUARIO_SUBCANAL(FK_USUARIO, FK_SUBCANAL) VALUES (100, 1);
INSERT INTO USUARIO_SUBCANAL(FK_USUARIO, FK_SUBCANAL) VALUES (101, 1);
INSERT INTO USUARIO_SUBCANAL(FK_USUARIO, FK_SUBCANAL) VALUES (104, 1);
INSERT INTO USUARIO_SUBCANAL(FK_USUARIO, FK_SUBCANAL) VALUES (105, 1);

-- USUÁRIO EMPRESA --
INSERT INTO USUARIO_EMPRESA (FK_USUARIO, FK_EMPRESA) VALUES (100, 4);
INSERT INTO USUARIO_EMPRESA (FK_USUARIO, FK_EMPRESA) VALUES (101, 1);
INSERT INTO USUARIO_EMPRESA (FK_USUARIO, FK_EMPRESA) VALUES (104, 1);
INSERT INTO USUARIO_EMPRESA (FK_USUARIO, FK_EMPRESA) VALUES (105, 1);
INSERT INTO USUARIO_EMPRESA (FK_USUARIO, FK_EMPRESA) VALUES (106, 1);
INSERT INTO USUARIO_EMPRESA (FK_USUARIO, FK_EMPRESA) VALUES (230, 1);
INSERT INTO USUARIO_EMPRESA (FK_USUARIO, FK_EMPRESA) VALUES (226, 3);
INSERT INTO USUARIO_EMPRESA (FK_USUARIO, FK_EMPRESA) VALUES (227, 3);
INSERT INTO USUARIO_EMPRESA (FK_USUARIO, FK_EMPRESA) VALUES (130, 1);
INSERT INTO USUARIO_EMPRESA (FK_USUARIO, FK_EMPRESA) VALUES (108, 1);
INSERT INTO USUARIO_EMPRESA (FK_USUARIO, FK_EMPRESA) VALUES (109, 1);
INSERT INTO USUARIO_EMPRESA (FK_USUARIO, FK_EMPRESA) VALUES (102, 1);
INSERT INTO USUARIO_EMPRESA (FK_USUARIO, FK_EMPRESA) VALUES (300, 1);
INSERT INTO USUARIO_EMPRESA (FK_USUARIO, FK_EMPRESA) VALUES (433, 3);
INSERT INTO USUARIO_EMPRESA (FK_USUARIO, FK_EMPRESA) VALUES (434, 3);

-- USUÁRIO UNIDADE NEGÓCIO
INSERT INTO USUARIO_UNIDADE_NEGOCIO (FK_USUARIO, FK_UNIDADE_NEGOCIO) VALUES (100, 3);
INSERT INTO USUARIO_UNIDADE_NEGOCIO (FK_USUARIO, FK_UNIDADE_NEGOCIO) VALUES (101, 1);
INSERT INTO USUARIO_UNIDADE_NEGOCIO (FK_USUARIO, FK_UNIDADE_NEGOCIO) VALUES (104, 1);
INSERT INTO USUARIO_UNIDADE_NEGOCIO (FK_USUARIO, FK_UNIDADE_NEGOCIO) VALUES (105, 3);
INSERT INTO USUARIO_UNIDADE_NEGOCIO (FK_USUARIO, FK_UNIDADE_NEGOCIO) VALUES (106, 3);
INSERT INTO USUARIO_UNIDADE_NEGOCIO (FK_USUARIO, FK_UNIDADE_NEGOCIO) VALUES (230, 1);
INSERT INTO USUARIO_UNIDADE_NEGOCIO (FK_USUARIO, FK_UNIDADE_NEGOCIO) VALUES (130, 1);
INSERT INTO USUARIO_UNIDADE_NEGOCIO (FK_USUARIO, FK_UNIDADE_NEGOCIO) VALUES (226, 1);
INSERT INTO USUARIO_UNIDADE_NEGOCIO (FK_USUARIO, FK_UNIDADE_NEGOCIO) VALUES (227, 1);
INSERT INTO USUARIO_UNIDADE_NEGOCIO (FK_USUARIO, FK_UNIDADE_NEGOCIO) VALUES (108, 1);
INSERT INTO USUARIO_UNIDADE_NEGOCIO (FK_USUARIO, FK_UNIDADE_NEGOCIO) VALUES (109, 1);
INSERT INTO USUARIO_UNIDADE_NEGOCIO (FK_USUARIO, FK_UNIDADE_NEGOCIO) VALUES (102, 1);
INSERT INTO USUARIO_UNIDADE_NEGOCIO (FK_USUARIO, FK_UNIDADE_NEGOCIO) VALUES (300, 1);
INSERT INTO USUARIO_UNIDADE_NEGOCIO (FK_USUARIO, FK_UNIDADE_NEGOCIO) VALUES(433, 1);
INSERT INTO USUARIO_UNIDADE_NEGOCIO (FK_USUARIO, FK_UNIDADE_NEGOCIO) VALUES(434, 1);

-- USUÁRIO CIDADE --
INSERT INTO USUARIO_CIDADE (FK_USUARIO, FK_CIDADE, FK_USUARIO_CADASTRO, DATA_CADASTRO) VALUES (100, 5578, 100, to_date('01/01/2000 00:00:00', 'dd/mm/yyyy hh24:mi:ss'));
INSERT INTO USUARIO_CIDADE (FK_USUARIO, FK_CIDADE, FK_USUARIO_CADASTRO, DATA_CADASTRO) VALUES (102, 3237, 100, to_date('01/01/2000 00:00:00', 'dd/mm/yyyy hh24:mi:ss'));
INSERT INTO USUARIO_CIDADE (FK_USUARIO, FK_CIDADE, FK_USUARIO_CADASTRO, DATA_CADASTRO) VALUES (104, 5578, 100, to_date('01/01/2000 00:00:00', 'dd/mm/yyyy hh24:mi:ss'));
INSERT INTO USUARIO_CIDADE (FK_USUARIO, FK_CIDADE, FK_USUARIO_CADASTRO, DATA_CADASTRO) VALUES (108, 5578, 100, to_date('01/01/2000 00:00:00', 'dd/mm/yyyy hh24:mi:ss'));
INSERT INTO USUARIO_CIDADE (FK_USUARIO, FK_CIDADE, FK_USUARIO_CADASTRO, DATA_CADASTRO) VALUES (109, 3237, 100, to_date('01/01/2000 00:00:00', 'dd/mm/yyyy hh24:mi:ss'));
INSERT INTO USUARIO_CIDADE (FK_USUARIO, FK_CIDADE, FK_USUARIO_CADASTRO, DATA_CADASTRO) VALUES (109, 3426, 100, to_date('01/01/2000 00:00:00', 'dd/mm/yyyy hh24:mi:ss'));
INSERT INTO USUARIO_CIDADE (FK_USUARIO, FK_CIDADE, FK_USUARIO_CADASTRO, DATA_CADASTRO) VALUES (109, 5578, 100, to_date('01/01/2000 00:00:00', 'dd/mm/yyyy hh24:mi:ss'));
INSERT INTO USUARIO_CIDADE (FK_USUARIO, FK_CIDADE, FK_USUARIO_CADASTRO, DATA_CADASTRO) VALUES (230, 5578, 100, to_date('01/01/2000 00:00:00', 'dd/mm/yyyy hh24:mi:ss'));
INSERT INTO USUARIO_CIDADE (FK_USUARIO, FK_CIDADE, FK_USUARIO_CADASTRO, DATA_CADASTRO) VALUES (300, 1189, 100, to_date('01/01/2000 00:00:00', 'dd/mm/yyyy hh24:mi:ss'));
INSERT INTO USUARIO_CIDADE (FK_USUARIO, FK_CIDADE, FK_USUARIO_CADASTRO, DATA_CADASTRO) VALUES (300, 3049, 100, to_date('01/01/2000 00:00:00', 'dd/mm/yyyy hh24:mi:ss'));
INSERT INTO USUARIO_CIDADE (FK_USUARIO, FK_CIDADE, FK_USUARIO_CADASTRO, DATA_CADASTRO) VALUES (300, 3237, 100, to_date('01/01/2000 00:00:00', 'dd/mm/yyyy hh24:mi:ss'));
INSERT INTO USUARIO_CIDADE (FK_USUARIO, FK_CIDADE, FK_USUARIO_CADASTRO, DATA_CADASTRO) VALUES (300, 3423, 100, to_date('01/01/2000 00:00:00', 'dd/mm/yyyy hh24:mi:ss'));
INSERT INTO USUARIO_CIDADE (FK_USUARIO, FK_CIDADE, FK_USUARIO_CADASTRO, DATA_CADASTRO) VALUES (300, 3426, 100, to_date('01/01/2000 00:00:00', 'dd/mm/yyyy hh24:mi:ss'));
INSERT INTO USUARIO_CIDADE (FK_USUARIO, FK_CIDADE, FK_USUARIO_CADASTRO, DATA_CADASTRO) VALUES (300, 3758, 100, to_date('01/01/2000 00:00:00', 'dd/mm/yyyy hh24:mi:ss'));
INSERT INTO USUARIO_CIDADE (FK_USUARIO, FK_CIDADE, FK_USUARIO_CADASTRO, DATA_CADASTRO) VALUES (300, 4498, 100, to_date('01/01/2000 00:00:00', 'dd/mm/yyyy hh24:mi:ss'));
INSERT INTO USUARIO_CIDADE (FK_USUARIO, FK_CIDADE, FK_USUARIO_CADASTRO, DATA_CADASTRO) VALUES (300, 4903, 100, to_date('01/01/2000 00:00:00', 'dd/mm/yyyy hh24:mi:ss'));
INSERT INTO USUARIO_CIDADE (FK_USUARIO, FK_CIDADE, FK_USUARIO_CADASTRO, DATA_CADASTRO) VALUES (300, 4943, 100, to_date('01/01/2000 00:00:00', 'dd/mm/yyyy hh24:mi:ss'));
INSERT INTO USUARIO_CIDADE (FK_USUARIO, FK_CIDADE, FK_USUARIO_CADASTRO, DATA_CADASTRO) VALUES (300, 5107, 100, to_date('01/01/2000 00:00:00', 'dd/mm/yyyy hh24:mi:ss'));
INSERT INTO USUARIO_CIDADE (FK_USUARIO, FK_CIDADE, FK_USUARIO_CADASTRO, DATA_CADASTRO) VALUES (300, 5568, 100, to_date('01/01/2000 00:00:00', 'dd/mm/yyyy hh24:mi:ss'));
INSERT INTO USUARIO_CIDADE (FK_USUARIO, FK_CIDADE, FK_USUARIO_CADASTRO, DATA_CADASTRO) VALUES (300, 5578, 100, to_date('01/01/2000 00:00:00', 'dd/mm/yyyy hh24:mi:ss'));
INSERT INTO USUARIO_CIDADE (FK_USUARIO, FK_CIDADE, FK_USUARIO_CADASTRO, DATA_CADASTRO) VALUES (300, 30848, 100, to_date('01/01/2000 00:00:00', 'dd/mm/yyyy hh24:mi:ss'));
INSERT INTO USUARIO_CIDADE (FK_USUARIO, FK_CIDADE, FK_USUARIO_CADASTRO, DATA_CADASTRO) VALUES (300, 30910, 100, to_date('01/01/2000 00:00:00', 'dd/mm/yyyy hh24:mi:ss'));
INSERT INTO USUARIO_CIDADE (FK_USUARIO, FK_CIDADE, FK_USUARIO_CADASTRO, DATA_CADASTRO) VALUES (300, 33252, 100, to_date('01/01/2000 00:00:00', 'dd/mm/yyyy hh24:mi:ss'));
INSERT INTO USUARIO_CIDADE (FK_USUARIO, FK_CIDADE, FK_USUARIO_CADASTRO, DATA_CADASTRO) VALUES (300, 33255, 100, to_date('01/01/2000 00:00:00', 'dd/mm/yyyy hh24:mi:ss'));
INSERT INTO USUARIO_CIDADE (FK_USUARIO, FK_CIDADE, FK_USUARIO_CADASTRO, DATA_CADASTRO) VALUES (300, 33269, 100, to_date('01/01/2000 00:00:00', 'dd/mm/yyyy hh24:mi:ss'));
INSERT INTO USUARIO_CIDADE (FK_USUARIO, FK_CIDADE, FK_USUARIO_CADASTRO, DATA_CADASTRO) VALUES (300, 33618, 100, to_date('01/01/2000 00:00:00', 'dd/mm/yyyy hh24:mi:ss'));

-- USUÁRIO HIERARQUIA --
INSERT INTO USUARIO_HIERARQUIA (FK_USUARIO, FK_USUARIO_SUPERIOR, DATA_CADASTRO, FK_USUARIO_CADASTRO) VALUES (101, 104, to_date('01/01/2000 00:00:00', 'dd/mm/yyyy hh24:mi:ss'), 100);
INSERT INTO USUARIO_HIERARQUIA (FK_USUARIO, FK_USUARIO_SUPERIOR, DATA_CADASTRO, FK_USUARIO_CADASTRO) VALUES (104, 105, to_date('01/01/2000 00:00:00', 'dd/mm/yyyy hh24:mi:ss'), 100);
INSERT INTO USUARIO_HIERARQUIA (FK_USUARIO, FK_USUARIO_SUPERIOR, DATA_CADASTRO, FK_USUARIO_CADASTRO) VALUES (402, 400, to_date('01/01/2000 00:00:00', 'dd/mm/yyyy hh24:mi:ss'), 100);
INSERT INTO USUARIO_HIERARQUIA (FK_USUARIO, FK_USUARIO_SUPERIOR, DATA_CADASTRO, FK_USUARIO_CADASTRO) VALUES (403, 400, to_date('01/01/2000 00:00:00', 'dd/mm/yyyy hh24:mi:ss'), 100);

-- SITE_SUPERVISOR --
INSERT INTO SITE_SUPERVISOR(FK_SITE, FK_USUARIO) VALUES (110, 400);

-- PERMISSÃO ESPECIAL --
INSERT INTO PERMISSAO_ESPECIAL (ID, DATA_CADASTRO, FK_FUNCIONALIDADE, FK_USUARIO, FK_USUARIO_CADASTRO) VALUES (2, CURRENT_DATE, 26, 101, 101);
INSERT INTO PERMISSAO_ESPECIAL (ID, DATA_CADASTRO, FK_FUNCIONALIDADE, FK_USUARIO, FK_USUARIO_CADASTRO) VALUES (3, CURRENT_DATE, 2016, 104, 101);
INSERT INTO PERMISSAO_ESPECIAL (ID, DATA_CADASTRO, FK_FUNCIONALIDADE, FK_USUARIO, FK_USUARIO_CADASTRO) VALUES (4, CURRENT_DATE, 2012, 100, 100);
INSERT INTO PERMISSAO_ESPECIAL (ID, DATA_CADASTRO, FK_FUNCIONALIDADE, FK_USUARIO, FK_USUARIO_CADASTRO) VALUES (5, CURRENT_DATE, 3021, 226, 226);
INSERT INTO PERMISSAO_ESPECIAL (ID, DATA_CADASTRO, FK_FUNCIONALIDADE, FK_USUARIO, FK_USUARIO_CADASTRO) VALUES (6, CURRENT_DATE, 3022, 226, 226);
INSERT INTO PERMISSAO_ESPECIAL (ID, DATA_CADASTRO, FK_FUNCIONALIDADE, FK_USUARIO, FK_USUARIO_CADASTRO) VALUES (7, CURRENT_DATE, 3024, 226, 226);
INSERT INTO PERMISSAO_ESPECIAL (ID, DATA_CADASTRO, FK_FUNCIONALIDADE, FK_USUARIO, FK_USUARIO_CADASTRO) VALUES (8, CURRENT_DATE, 3030, 226, 226);
INSERT INTO PERMISSAO_ESPECIAL (ID, DATA_CADASTRO, FK_FUNCIONALIDADE, FK_USUARIO, FK_USUARIO_CADASTRO) VALUES (9, CURRENT_DATE, 20009, 100, 100)
INSERT INTO PERMISSAO_ESPECIAL (ID, DATA_CADASTRO, FK_FUNCIONALIDADE, FK_USUARIO, FK_USUARIO_CADASTRO) VALUES (10, CURRENT_DATE, 16101, 100, 100);

-- CONFIGURAÇÃO --
INSERT INTO CONFIGURACAO (ID, DATA_CADASTRO, RAMAL, FK_USUARIO, FK_USUARIO_CADASTRO) VALUES (1, TO_DATE('17/02/2018 10:50:00', 'dd/mm/yyyy hh24:mi:ss'), 7006, 100, 100);
INSERT INTO CONFIGURACAO (ID, DATA_CADASTRO, RAMAL, FK_USUARIO, FK_USUARIO_CADASTRO) VALUES (2, TO_DATE('17/02/2018 10:50:00', 'dd/mm/yyyy hh24:mi:ss'), 1000, 101, 101);
INSERT INTO CONFIGURACAO (ID, DATA_CADASTRO, RAMAL, FK_USUARIO, FK_USUARIO_CADASTRO) VALUES (3, TO_DATE('17/02/2018 10:50:00', 'dd/mm/yyyy hh24:mi:ss'), 1008, 105, 105);
INSERT INTO CONFIGURACAO (ID, DATA_CADASTRO, RAMAL, FK_USUARIO, FK_USUARIO_CADASTRO) VALUES (4, TO_DATE('17/02/2018 10:50:00', 'dd/mm/yyyy hh24:mi:ss'), 1008, 106, 106);

-- GERENTE - OPERAÇÃO
INSERT INTO CARGO_DEPART_FUNC (ID, FK_CARGO, FK_DEPARTAMENTO, FK_FUNCIONALIDADE) VALUES (SEQ_CARGO_DEPART_FUNC.nextval, 7, 3, 2001);
INSERT INTO CARGO_DEPART_FUNC (ID, DATA_CADASTRO, FK_CARGO, FK_DEPARTAMENTO, FK_FUNCIONALIDADE) VALUES (SEQ_CARGO_DEPART_FUNC.nextval, current_date, 1, 3, 2033);
INSERT INTO CARGO_DEPART_FUNC (ID, DATA_CADASTRO, FK_CARGO, FK_DEPARTAMENTO, FK_FUNCIONALIDADE) VALUES (SEQ_CARGO_DEPART_FUNC.nextval, current_date, 4, 3, 2033);
INSERT INTO CARGO_DEPART_FUNC (ID, DATA_CADASTRO, FK_CARGO, FK_DEPARTAMENTO, FK_FUNCIONALIDADE) VALUES (SEQ_CARGO_DEPART_FUNC.nextval, current_date, 7, 3, 2033);
INSERT INTO CARGO_DEPART_FUNC (ID, DATA_CADASTRO, FK_CARGO, FK_DEPARTAMENTO, FK_FUNCIONALIDADE) VALUES (SEQ_CARGO_DEPART_FUNC.nextval, current_date, 20, 3, 2033);
INSERT INTO CARGO_DEPART_FUNC (ID, DATA_CADASTRO, FK_CARGO, FK_DEPARTAMENTO, FK_FUNCIONALIDADE) VALUES (SEQ_CARGO_DEPART_FUNC.nextval, current_date, 22, 3, 2033);

-- USUÁRIO HISTORICO -
INSERT INTO USUARIO_HISTORICO (ID, DATA_CADASTRO, SITUACAO, FK_MOTIVO_INATIV, FK_USUARIO, FK_USUARIO_ALTERACAO) VALUES (100, TO_DATE('04/01/2019 10:50:00', 'dd/mm/yyyy hh24:mi:ss'), 'I', 1, 100, 101);
INSERT INTO USUARIO_HISTORICO (ID, DATA_CADASTRO, SITUACAO, FK_MOTIVO_INATIV, FK_USUARIO, FK_USUARIO_ALTERACAO) VALUES (101, TO_DATE('03/01/2019 10:50:00', 'dd/mm/yyyy hh24:mi:ss'), 'A', null, 100, 100);
INSERT INTO USUARIO_HISTORICO (ID, DATA_CADASTRO, SITUACAO, FK_MOTIVO_INATIV, FK_USUARIO, FK_USUARIO_ALTERACAO) VALUES (102, TO_DATE('02/01/2019 10:50:00', 'dd/mm/yyyy hh24:mi:ss'), 'I', 6, 100, 100);
INSERT INTO USUARIO_HISTORICO (ID, DATA_CADASTRO, SITUACAO, FK_MOTIVO_INATIV, FK_USUARIO, FK_USUARIO_ALTERACAO) VALUES (103, TO_DATE('01/01/2019 10:50:00', 'dd/mm/yyyy hh24:mi:ss'), 'A', 5, 101, 101);

-- FERIADO --
INSERT INTO FERIADO(ID, NOME, DATA_feriado, DATA_CADASTRO, FERIADO_NACIONAL, FK_CIDADE, SITUACAO, FK_UF, TIPO_FERIADO, FK_USUARIO_CADASTRO, FK_FERIADO_PAI) VALUES (10000, 'Aniversário da cidade', '2018-12-10',  CURRENT_TIMESTAMP, 'F', 5578, 'ATIVO', 1, 'MUNICIPAL', NULL, NULL);

update SUB_CLUSTER set FK_MARCA=1 where id = 189;

-- CIDADE_DBM
INSERT INTO CIDADE_DBM (ID, FK_CIDADE, CODIGO_CIDADE_DBM, DDD) VALUES (1, 5578, 2, 43);
INSERT INTO CIDADE_DBM (ID, FK_CIDADE, CODIGO_CIDADE_DBM, DDD) VALUES (2, 5578, 3, 43);
INSERT INTO CIDADE_DBM (ID, FK_CIDADE, CODIGO_CIDADE_DBM, DDD) VALUES (3, 3426, 91, 44);

-- HORÁRIO DE ACESSO
INSERT INTO HORARIO_ACESSO (ID, FK_SITE, DATA_ALTERACAO, USUARIO_ALTERACAO_ID, USUARIO_ALTERACAO_NOME) VALUES (100, 110, TO_DATE('02/03/2022 11:00:00', 'dd/mm/yyyy hh24:mi:ss'), 100, 'ADMIN');
INSERT INTO HORARIO_HISTORICO (ID, FK_HORARIO_ACESSO, DATA_ALTERACAO, USUARIO_ALTERACAO_ID, USUARIO_ALTERACAO_NOME) VALUES (100, 100, TO_DATE('02/03/2022 11:00:00', 'dd/mm/yyyy hh24:mi:ss'), 100, 'ADMIN');
INSERT INTO HORARIO_ATUACAO (ID, FK_HORARIO_ACESSO, FK_HORARIO_HISTORICO, DIA_SEMANA, HORARIO_INICIO, HORARIO_FIM) VALUES (100, 100, 100, 'SEGUNDA', TO_DATE('08:00', 'hh24:mi'), TO_DATE('12:00', 'hh24:mi'));

-- INSERT CLASSIFICACAO FEEDERS EM USUARIO MSO
INSERT INTO USUARIO_TIPO_FEEDER (FK_USUARIO, TIPO_FEEDER_MSO) VALUES (130, 'EMPRESARIAL');
INSERT INTO USUARIO_TIPO_FEEDER (FK_USUARIO, TIPO_FEEDER_MSO) VALUES (130, 'RESIDENCIAL');

-- CARGO USUARIO
UPDATE CARGO c SET c.codigo = 'AGENTE_AUTORIZADO_SOCIO' WHERE c.ID = 41;

-- INSERT UF_REGIONAL
INSERT INTO UF_REGIONAL (FK_UF, FK_REGIONAL) VALUES (10, 1022);
INSERT INTO UF_REGIONAL (FK_UF, FK_REGIONAL) VALUES (16, 1022);
