---- SITE --
INSERT INTO SITE(ID, NOME, TIME_ZONE, SITUACAO) VALUES (110, 'Rio Branco', 'ACT', 'A');
INSERT INTO SITE(ID, NOME, TIME_ZONE, SITUACAO) VALUES (111, 'Manaus', 'AMT', 'A');
INSERT INTO SITE(ID, NOME, TIME_ZONE, SITUACAO) VALUES (112, 'Site Inativo', 'FNT', 'I');

-- USUARIOS --
INSERT INTO USUARIO (ID, SITUACAO, ALTERAR_SENHA, CPF, DATA_CADASTRO, EMAIL_01, NOME, SENHA, TELEFONE_01, FK_CARGO, FK_DEPARTAMENTO) VALUES (98, 'A', 'F', '66564644666', SYSDATE, 'ADMIN@NET.COM.BR', 'ADMIN operacao ativo local', '$2a$10$5Km7U7CyDD5VIrkJPXPK8.px0hJE9n.NgGx2tGRa/Gu3e3xEumipm', '99999', 50, 3);
INSERT INTO USUARIO (ID, SITUACAO, ALTERAR_SENHA, CPF, DATA_CADASTRO, EMAIL_01, NOME, SENHA, TELEFONE_01, FK_CARGO, FK_DEPARTAMENTO) VALUES (99, 'A', 'F', '66564644666', SYSDATE, 'MSO@NET.COM.BR', 'MSO operacao ativo local', '$2a$10$5Km7U7CyDD5VIrkJPXPK8.px0hJE9n.NgGx2tGRa/Gu3e3xEumipm', '99999', 22, 3);

-- USUARIOS COM SITE VINCULADO A HIERARQUIA --
INSERT INTO USUARIO (ID, SITUACAO, ALTERAR_SENHA, CPF, DATA_CADASTRO, EMAIL_01, NOME, SENHA, TELEFONE_01, FK_CARGO, FK_DEPARTAMENTO) VALUES (100, 'A', 'F', '66564644666', SYSDATE, 'DIRETOR_OPERACAO@NET.COM.BR', 'Diretor operacao ativo local', '$2a$10$5Km7U7CyDD5VIrkJPXPK8.px0hJE9n.NgGx2tGRa/Gu3e3xEumipm', '99999', 6, 3);
INSERT INTO USUARIO (ID, SITUACAO, ALTERAR_SENHA, CPF, DATA_CADASTRO, EMAIL_01, NOME, SENHA, TELEFONE_01, FK_CARGO, FK_DEPARTAMENTO) VALUES (101, 'A', 'F', '54564564654', SYSDATE, 'GERENTE_OPERACAO@NET.COM.BR', 'Gerente operacao ativo local', '$2a$10$5Km7U7CyDD5VIrkJPXPK8.px0hJE9n.NgGx2tGRa/Gu3e3xEumipm', '99999', 7, 3);
INSERT INTO USUARIO (ID, SITUACAO, ALTERAR_SENHA, CPF, DATA_CADASTRO, EMAIL_01, NOME, SENHA, TELEFONE_01, FK_CARGO, FK_DEPARTAMENTO) VALUES (102, 'A', 'F', '54564564654', SYSDATE, 'SUPERVISOR_OPERACAO@NET.COM.BR', 'Supervisor operacao ativo local', '$2a$10$5Km7U7CyDD5VIrkJPXPK8.px0hJE9n.NgGx2tGRa/Gu3e3xEumipm', '99999', 10, 3);
INSERT INTO USUARIO (ID, SITUACAO, ALTERAR_SENHA, CPF, DATA_CADASTRO, EMAIL_01, NOME, SENHA, TELEFONE_01, FK_CARGO, FK_DEPARTAMENTO) VALUES (103, 'A', 'F', '54564564654', SYSDATE, 'COORDENADOR_OPERACAO@NET.COM.BR', 'Supervisor operacao ativo local', '$2a$10$5Km7U7CyDD5VIrkJPXPK8.px0hJE9n.NgGx2tGRa/Gu3e3xEumipm', '99999', 4, 3);
INSERT INTO USUARIO (ID, SITUACAO, ALTERAR_SENHA, CPF, DATA_CADASTRO, EMAIL_01, NOME, SENHA, TELEFONE_01, FK_CARGO, FK_DEPARTAMENTO) VALUES (108, 'A', 'F', '54564564654', SYSDATE, 'ASSISTENTE_OPERACAO@NET.COM.BR', 'Assistente operacao ativo local', '$2a$10$5Km7U7CyDD5VIrkJPXPK8.px0hJE9n.NgGx2tGRa/Gu3e3xEumipm', '99999', 2, 3);
INSERT INTO USUARIO (ID, SITUACAO, ALTERAR_SENHA, CPF, DATA_CADASTRO, EMAIL_01, NOME, SENHA, TELEFONE_01, FK_CARGO, FK_DEPARTAMENTO) VALUES (109, 'A', 'F', '64646464646', SYSDATE, 'VENDEDOR_OPERACAO@NET.COM.BR', 'Vendedor operacao ativo local', '$2a$10$5Km7U7CyDD5VIrkJPXPK8.px0hJE9n.NgGx2tGRa/Gu3e3xEumipm', '99999', 120, 3);

-- USUARIO SEM VINCULO COM HIERARQUIA --
INSERT INTO USUARIO (ID, SITUACAO, ALTERAR_SENHA, CPF, DATA_CADASTRO, EMAIL_01, NOME, SENHA, TELEFONE_01, FK_CARGO, FK_DEPARTAMENTO) VALUES (104, 'A', 'F', '6656464466', SYSDATE, 'DIRETOR_OPERACAO_SEM_SITE@NET.COM.BR', 'Diretor operacao ativo local', '$2a$10$5Km7U7CyDD5VIrkJPXPK8.px0hJE9n.NgGx2tGRa/Gu3e3xEumipm', '99999', 6, 4);
INSERT INTO USUARIO (ID, SITUACAO, ALTERAR_SENHA, CPF, DATA_CADASTRO, EMAIL_01, NOME, SENHA, TELEFONE_01, FK_CARGO, FK_DEPARTAMENTO) VALUES (105, 'A', 'F', '5456456465', SYSDATE, 'GERENTE_OPERACA_SEM_SITEO@NET.COM.BR', 'Gerente operacao ativo local', '$2a$10$5Km7U7CyDD5VIrkJPXPK8.px0hJE9n.NgGx2tGRa/Gu3e3xEumipm', '99999', 7, 3);
INSERT INTO USUARIO (ID, SITUACAO, ALTERAR_SENHA, CPF, DATA_CADASTRO, EMAIL_01, NOME, SENHA, TELEFONE_01, FK_CARGO, FK_DEPARTAMENTO) VALUES (106, 'A', 'F', '5456456465', SYSDATE, 'SUPERVISOR_OPERACAO_SEM_SITE@NET.COM.BR', 'Supervisor operacao ativo local', '$2a$10$5Km7U7CyDD5VIrkJPXPK8.px0hJE9n.NgGx2tGRa/Gu3e3xEumipm', '99999', 10, 3);
INSERT INTO USUARIO (ID, SITUACAO, ALTERAR_SENHA, CPF, DATA_CADASTRO, EMAIL_01, NOME, SENHA, TELEFONE_01, FK_CARGO, FK_DEPARTAMENTO) VALUES (107, 'A', 'F', '5456456465', SYSDATE, 'COORDENADOR_OPERACAO_SEM_SITE@NET.COM.BR', 'Supervisor operacao ativo local', '$2a$10$5Km7U7CyDD5VIrkJPXPK8.px0hJE9n.NgGx2tGRa/Gu3e3xEumipm', '99999', 120, 3);
INSERT INTO USUARIO (ID, SITUACAO, ALTERAR_SENHA, CPF, DATA_CADASTRO, EMAIL_01, NOME, SENHA, TELEFONE_01, FK_CARGO, FK_DEPARTAMENTO) VALUES (110, 'A', 'F', '66564644666', SYSDATE, 'MSO_OPERACAO_SEM_COMERCIAL@NET.COM.BR', 'MSO operacao ativo local', '$2a$10$5Km7U7CyDD5VIrkJPXPK8.px0hJE9n.NgGx2tGRa/Gu3e3xEumipm', '99999', 22, 4);

-- CANAL --
INSERT INTO USUARIO_CANAL(FK_USUARIO, CANAL) VALUES (99, 'ATIVO_PROPRIO');
INSERT INTO USUARIO_CANAL(FK_USUARIO, CANAL) VALUES (100, 'ATIVO_PROPRIO');
INSERT INTO USUARIO_CANAL(FK_USUARIO, CANAL) VALUES (101, 'ATIVO_PROPRIO');
INSERT INTO USUARIO_CANAL(FK_USUARIO, CANAL) VALUES (102, 'ATIVO_PROPRIO');
INSERT INTO USUARIO_CANAL(FK_USUARIO, CANAL) VALUES (103, 'ATIVO_PROPRIO');
INSERT INTO USUARIO_CANAL(FK_USUARIO, CANAL) VALUES (108, 'ATIVO_PROPRIO');
INSERT INTO USUARIO_CANAL(FK_USUARIO, CANAL) VALUES (109, 'ATIVO_PROPRIO');
INSERT INTO USUARIO_CANAL(FK_USUARIO, CANAL) VALUES (110, 'ATIVO_PROPRIO');

-- USUÁRIO HIERARQUIA --
INSERT INTO USUARIO_HIERARQUIA (FK_USUARIO, FK_USUARIO_SUPERIOR, DATA_CADASTRO, FK_USUARIO_CADASTRO) VALUES (101, 100, SYSDATE, 100);
INSERT INTO USUARIO_HIERARQUIA (FK_USUARIO, FK_USUARIO_SUPERIOR, DATA_CADASTRO, FK_USUARIO_CADASTRO) VALUES (102, 103, SYSDATE, 100);
INSERT INTO USUARIO_HIERARQUIA (FK_USUARIO, FK_USUARIO_SUPERIOR, DATA_CADASTRO, FK_USUARIO_CADASTRO) VALUES (103, 101, SYSDATE, 100);
INSERT INTO USUARIO_HIERARQUIA (FK_USUARIO, FK_USUARIO_SUPERIOR, DATA_CADASTRO, FK_USUARIO_CADASTRO) VALUES (108, 103, SYSDATE, 100);

INSERT INTO USUARIO_HIERARQUIA (FK_USUARIO, FK_USUARIO_SUPERIOR, DATA_CADASTRO, FK_USUARIO_CADASTRO) VALUES (105, 104, SYSDATE, 100);
INSERT INTO USUARIO_HIERARQUIA (FK_USUARIO, FK_USUARIO_SUPERIOR, DATA_CADASTRO, FK_USUARIO_CADASTRO) VALUES (106, 107, SYSDATE, 100);
INSERT INTO USUARIO_HIERARQUIA (FK_USUARIO, FK_USUARIO_SUPERIOR, DATA_CADASTRO, FK_USUARIO_CADASTRO) VALUES (107, 105, SYSDATE, 100);
INSERT INTO USUARIO_HIERARQUIA (FK_USUARIO, FK_USUARIO_SUPERIOR, DATA_CADASTRO, FK_USUARIO_CADASTRO) VALUES (109, 102, SYSDATE, 100);


INSERT INTO SITE_COORDENADOR(FK_SITE, FK_USUARIO) VALUES(110, 103);
INSERT INTO SITE_SUPERVISOR(FK_SITE, FK_USUARIO) VALUES(110, 102);