-- USUÁRIOS --
INSERT INTO USUARIO (ID, SITUACAO, ALTERAR_SENHA, CPF, DATA_CADASTRO, EMAIL_01, NOME, SENHA, TELEFONE_01, FK_CARGO, FK_DEPARTAMENTO) values(110, 'A', 'F', '50543394000', SYSDATE, 'ADMIN1@XBRAIN.COM.BR', 'ADMIN', '$2a$10$5Km7U7CyDD5VIrkJPXPK8.px0hJE9n.NgGx2tGRa/Gu3e3xEumipm', '99999', 50, 50);
INSERT INTO USUARIO (ID, SITUACAO, ALTERAR_SENHA, CPF, DATA_CADASTRO, EMAIL_01, NOME, SENHA, TELEFONE_01, FK_CARGO, FK_DEPARTAMENTO) values(111, 'A', 'F', '65631351021', SYSDATE, 'HELPDESK1@XBRAIN.COM.BR', 'HELPDESK', '$2a$10$5Km7U7CyDD5VIrkJPXPK8.px0hJE9n.NgGx2tGRa/Gu3e3xEumipm', '99999', 51, 51);
INSERT INTO USUARIO (ID, SITUACAO, ALTERAR_SENHA, CPF, DATA_CADASTRO, EMAIL_01, NOME, SENHA, TELEFONE_01, FK_CARGO, FK_DEPARTAMENTO) values(112, 'I', 'F', '10348252080', SYSDATE, 'INATIVO1@XBRAIN.COM.BR', 'INATIVO', '$2a$10$5Km7U7CyDD5VIrkJPXPK8.px0hJE9n.NgGx2tGRa/Gu3e3xEumipm', '99999', 50, 50);
INSERT INTO USUARIO (ID, SITUACAO, ALTERAR_SENHA, CPF, DATA_CADASTRO, EMAIL_01, NOME, SENHA, TELEFONE_01, FK_CARGO, FK_DEPARTAMENTO) values(113, 'I', 'F', '22267925036', SYSDATE, 'INATIVO2@XBRAIN.COM.BR', 'INATIVO', '$2a$10$5Km7U7CyDD5VIrkJPXPK8.px0hJE9n.NgGx2tGRa/Gu3e3xEumipm', '99999', 50, 50);
INSERT INTO USUARIO (ID, SITUACAO, ALTERAR_SENHA, CPF, DATA_CADASTRO, EMAIL_01, NOME, SENHA, TELEFONE_01, FK_CARGO, FK_DEPARTAMENTO) VALUES(114, 'A', 'F', '41721441018', SYSDATE, 'mso_analistaadm_claromovel@net.com.br', 'mso_analistaadm_claromovel_pessoal', '$2a$10$5Km7U7CyDD5VIrkJPXPK8.px0hJE9n.NgGx2tGRa/Gu3e3xEumipm', '99999', 20, 20);
INSERT INTO USUARIO (ID, SITUACAO, ALTERAR_SENHA, CPF, DATA_CADASTRO, EMAIL_01, NOME, SENHA, TELEFONE_01, FK_CARGO, FK_DEPARTAMENTO) VALUES(115, 'A', 'F', '33322255586', SYSDATE, 'joao@net.com', 'joao silveira', '$2a$10$5Km7U7CyDD5VIrkJPXPK8.px0hJE9n.NgGx2tGRa/Gu3e3xEumipm', '33224477', 24, 3);
INSERT INTO USUARIO (ID, SITUACAO, ALTERAR_SENHA, CPF, DATA_CADASTRO, EMAIL_01, NOME, SENHA, TELEFONE_01, FK_CARGO, FK_DEPARTAMENTO) VALUES(116, 'A', 'F', '88855511147', SYSDATE, 'ALBERTO@NET.COM', 'ALBERTO PEREIRA', '$2a$10$5Km7U7CyDD5VIrkJPXPK8.px0hJE9n.NgGx2tGRa/Gu3e3xEumipm', '33224488', 5, 3);
INSERT INTO USUARIO (ID, SITUACAO, ALTERAR_SENHA, CPF, DATA_CADASTRO, EMAIL_01, NOME, SENHA, TELEFONE_01, FK_CARGO, FK_DEPARTAMENTO) VALUES(117, 'A', 'F', '88855511199', SYSDATE, 'ROBERTO@NET.COM', 'ROBERTO ALMEIDA', '$2a$10$5Km7U7CyDD5VIrkJPXPK8.px0hJE9n.NgGx2tGRa/Gu3e3xEumipm', '33224499', 5, 3);
INSERT INTO USUARIO (ID, SITUACAO, ALTERAR_SENHA, CPF, DATA_CADASTRO, EMAIL_01, NOME, SENHA, TELEFONE_01, FK_CARGO, FK_DEPARTAMENTO) VALUES(118, 'A', 'F', '88855511177', SYSDATE, 'HENRIQUE@NET.COM', 'HENRIQUE ALVES', '$2a$10$5Km7U7CyDD5VIrkJPXPK8.px0hJE9n.NgGx2tGRa/Gu3e3xEumipm', '33224439', 41, 40);
INSERT INTO USUARIO (ID, SITUACAO, ALTERAR_SENHA, CPF, DATA_CADASTRO, EMAIL_01, NOME, SENHA, TELEFONE_01, FK_CARGO, FK_DEPARTAMENTO) VALUES(119, 'A', 'F', '88855511166', SYSDATE, 'JOANA@NET.COM', 'JOANA OLIVEIRA', '$2a$10$5Km7U7CyDD5VIrkJPXPK8.px0hJE9n.NgGx2tGRa/Gu3e3xEumipm', '33224419', 95, 3);
INSERT INTO USUARIO (ID, SITUACAO, ALTERAR_SENHA, CPF, DATA_CADASTRO, EMAIL_01, NOME, SENHA, TELEFONE_01, FK_CARGO, FK_DEPARTAMENTO) VALUES(120, 'I', 'F', '88855511133', SYSDATE, 'MARIA@NET.COM', 'MARIA AUGUSTA', '$2a$10$5Km7U7CyDD5VIrkJPXPK8.px0hJE9n.NgGx2tGRa/Gu3e3xEumipm', '33224413', 5, 3);
INSERT INTO USUARIO (ID, SITUACAO, ALTERAR_SENHA, CPF, DATA_CADASTRO, EMAIL_01, NOME, SENHA, TELEFONE_01, FK_CARGO, FK_DEPARTAMENTO) VALUES(121, 'A', 'F', '88855511146', SYSDATE, 'LUISFLORIDO@XBRAIN.COM.BR', 'LUIS GUILHERME', '$2a$10$5Km7U7CyDD5VIrkJPXPK8.px0hJE9n.NgGx2tGRa/Gu3e3xEumipm', '999999', 50, 50);
INSERT INTO USUARIO (ID, SITUACAO, ALTERAR_SENHA, CPF, DATA_CADASTRO, EMAIL_01, NOME, SENHA, TELEFONE_01, FK_CARGO, FK_DEPARTAMENTO) VALUES(149, 'A', 'F', '49832171133', SYSDATE, 'MARIA@NET3.COM', 'USUARIO INFERIOR', '$2a$10$165199D5VIrkJPXPK8.1665hJE9n.NgGx2tGRa/G3e3xEumipm', '33224443', 5, 3);
INSERT INTO USUARIO (ID, SITUACAO, ALTERAR_SENHA, CPF, DATA_CADASTRO, EMAIL_01, NOME, SENHA, TELEFONE_01, FK_CARGO, FK_DEPARTAMENTO, DATA_REATIVACAO) VALUES(150, 'A', 'F', '88832171133', SYSDATE, 'MARIA@NET2.COM', 'USUARIO DE COORDENADOR', '$2a$10$165199D5VIrkJPXPK8.px0hJE9n.NgGx2tGRa/Gu3e3xEumipm', '33224413', 4, 3,  TO_DATE('29/03/2022 10:00:00', 'dd/mm/yyyy hh24:mi:ss'));
INSERT INTO USUARIO (ID, SITUACAO, ALTERAR_SENHA, CPF, DATA_CADASTRO, EMAIL_01, NOME, SENHA, TELEFONE_01, FK_CARGO, FK_DEPARTAMENTO) VALUES(151, 'A', 'F', '81191191146', SYSDATE, 'LUISFLORIDO@XBRAIN2.COM.BR', 'USUARIO DE GERENTE', '$2a$10$5Km7U7C44487VIrkJPXPK8.px0hJE9n.NgGx2tGRa/Gu3e3xEumipm', '999999', 7, 3);

INSERT INTO USUARIO_CANAL(FK_USUARIO, CANAL) VALUES (116, 'AGENTE_AUTORIZADO');
INSERT INTO USUARIO_CANAL(FK_USUARIO, CANAL) VALUES (117, 'AGENTE_AUTORIZADO');
INSERT INTO USUARIO_CANAL(FK_USUARIO, CANAL) VALUES (149, 'AGENTE_AUTORIZADO');

-- USUÁRIO HIERARQUIA --
INSERT INTO USUARIO_HIERARQUIA (FK_USUARIO, FK_USUARIO_SUPERIOR, DATA_CADASTRO, FK_USUARIO_CADASTRO) VALUES (110, 113, to_date('03/04/2018 10:00:00', 'dd/mm/yyyy hh24:mi:ss'), 110);
INSERT INTO USUARIO_HIERARQUIA (FK_USUARIO, FK_USUARIO_SUPERIOR, DATA_CADASTRO, FK_USUARIO_CADASTRO) VALUES (110, 112, to_date('03/04/2018 10:00:00', 'dd/mm/yyyy hh24:mi:ss'), 110);
INSERT INTO USUARIO_HIERARQUIA (FK_USUARIO, FK_USUARIO_SUPERIOR, DATA_CADASTRO, FK_USUARIO_CADASTRO) VALUES (111, 113, to_date('03/04/2018 10:00:00', 'dd/mm/yyyy hh24:mi:ss'), 110);
INSERT INTO USUARIO_HIERARQUIA (FK_USUARIO, FK_USUARIO_SUPERIOR, DATA_CADASTRO, FK_USUARIO_CADASTRO) VALUES (112, 114, to_date('03/04/2018 10:00:00', 'dd/mm/yyyy hh24:mi:ss'), 110);
INSERT INTO USUARIO_HIERARQUIA (FK_USUARIO, FK_USUARIO_SUPERIOR, DATA_CADASTRO, FK_USUARIO_CADASTRO) VALUES (113, 114, to_date('03/04/2018 10:00:00', 'dd/mm/yyyy hh24:mi:ss'), 110);
INSERT INTO USUARIO_HIERARQUIA (FK_USUARIO, FK_USUARIO_SUPERIOR, DATA_CADASTRO, FK_USUARIO_CADASTRO) VALUES (113, 105, to_date('03/04/2018 10:00:00', 'dd/mm/yyyy hh24:mi:ss'), 110);
INSERT INTO USUARIO_HIERARQUIA (FK_USUARIO, FK_USUARIO_SUPERIOR, DATA_CADASTRO, FK_USUARIO_CADASTRO) VALUES (116, 115, to_date('03/04/2018 10:00:00', 'dd/mm/yyyy hh24:mi:ss'), 110);
INSERT INTO USUARIO_HIERARQUIA (FK_USUARIO, FK_USUARIO_SUPERIOR, DATA_CADASTRO, FK_USUARIO_CADASTRO) VALUES (117, 115, to_date('03/04/2018 10:00:00', 'dd/mm/yyyy hh24:mi:ss'), 110);
INSERT INTO USUARIO_HIERARQUIA (FK_USUARIO, FK_USUARIO_SUPERIOR, DATA_CADASTRO, FK_USUARIO_CADASTRO) VALUES (118, 115, to_date('03/04/2018 10:00:00', 'dd/mm/yyyy hh24:mi:ss'), 110);
INSERT INTO USUARIO_HIERARQUIA (FK_USUARIO, FK_USUARIO_SUPERIOR, DATA_CADASTRO, FK_USUARIO_CADASTRO) VALUES (119, 115, to_date('03/04/2018 10:00:00', 'dd/mm/yyyy hh24:mi:ss'), 110);
INSERT INTO USUARIO_HIERARQUIA (FK_USUARIO, FK_USUARIO_SUPERIOR, DATA_CADASTRO, FK_USUARIO_CADASTRO) VALUES (120, 115, to_date('03/04/2018 10:00:00', 'dd/mm/yyyy hh24:mi:ss'), 110);
INSERT INTO USUARIO_HIERARQUIA (FK_USUARIO, FK_USUARIO_SUPERIOR, DATA_CADASTRO, FK_USUARIO_CADASTRO) VALUES (149, 150, to_date('03/04/2018 10:00:00', 'dd/mm/yyyy hh24:mi:ss'), 110);
INSERT INTO USUARIO_HIERARQUIA (FK_USUARIO, FK_USUARIO_SUPERIOR, DATA_CADASTRO, FK_USUARIO_CADASTRO) VALUES (149, 151, to_date('03/04/2018 10:00:00', 'dd/mm/yyyy hh24:mi:ss'), 110);
