-- SOLICITACAO RAMAL --
INSERT INTO SOLICITACAO_RAMAL(ID, SITUACAO, AGENTE_AUTORIZADO_ID, AGENTE_AUTORIZADO_NOME, AGENTE_AUTORIZADO_CNPJ, TELEFONE_TI, EMAIL_TI, MELHOR_DATA_IMPLANTACAO, MELHOR_HORARIO_IMPLANTACAO, DATA_CADASTRO, QUANTIDADE_RAMAIS, FK_USUARIO, ENVIOU_EMAIL_EXPIRACAO, TIPO_IMPLANTACAO, DATA_FINALIZACAO ) VALUES (1, 'PENDENTE', 1, 'JoãoAA', '25280843000110', '(43) 3322-44444', 'joaoaa@hotmail.com', CURRENT_DATE, SYSDATE, to_date('2019-01-01 10:30:00', 'yyyy-MM-dd hh24:mi:ss'), 35, 106, 'F', 'HOME_OFFICE', to_date('2019-01-05 10:30:00', 'yyyy-MM-dd hh24:mi:ss'));
INSERT INTO SOLICITACAO_RAMAL(ID, SITUACAO, AGENTE_AUTORIZADO_ID, AGENTE_AUTORIZADO_NOME, AGENTE_AUTORIZADO_CNPJ, TELEFONE_TI, EMAIL_TI, MELHOR_DATA_IMPLANTACAO, MELHOR_HORARIO_IMPLANTACAO, DATA_CADASTRO, QUANTIDADE_RAMAIS, FK_USUARIO, ENVIOU_EMAIL_EXPIRACAO, TIPO_IMPLANTACAO, DATA_FINALIZACAO ) VALUES (2, 'EM_ANDAMENTO', 2, 'ManoelAA', '25280843000119', '(18) 3322-1111', 'ze@hotmail.com', CURRENT_DATE, SYSDATE, to_date('2019-01-01 11:00:00', 'yyyy-MM-dd hh24:mi:ss'), 40, 230, 'F', 'HOME_OFFICE', to_date('2019-01-05 10:30:00', 'yyyy-MM-dd hh24:mi:ss'));
INSERT INTO SOLICITACAO_RAMAL(ID, SITUACAO, AGENTE_AUTORIZADO_ID, AGENTE_AUTORIZADO_NOME, AGENTE_AUTORIZADO_CNPJ, TELEFONE_TI, EMAIL_TI, MELHOR_DATA_IMPLANTACAO, MELHOR_HORARIO_IMPLANTACAO, DATA_CADASTRO, QUANTIDADE_RAMAIS, FK_USUARIO, ENVIOU_EMAIL_EXPIRACAO, TIPO_IMPLANTACAO, DATA_FINALIZACAO ) VALUES (3, 'EM_ANDAMENTO', 2, 'Alberto', '25280843000111', '(18) 3322-1111', 'ze@hotmail.com', CURRENT_DATE, SYSDATE, to_date('2019-01-02 09:45:00', 'yyyy-MM-dd hh24:mi:ss'), 40, 101, 'F', 'HOME_OFFICE', to_date('2019-01-05 10:30:00', 'yyyy-MM-dd hh24:mi:ss'));
INSERT INTO SOLICITACAO_RAMAL(ID, SITUACAO, AGENTE_AUTORIZADO_ID, AGENTE_AUTORIZADO_NOME, AGENTE_AUTORIZADO_CNPJ, TELEFONE_TI, EMAIL_TI, MELHOR_DATA_IMPLANTACAO, MELHOR_HORARIO_IMPLANTACAO, DATA_CADASTRO, QUANTIDADE_RAMAIS, FK_USUARIO, ENVIOU_EMAIL_EXPIRACAO, TIPO_IMPLANTACAO, DATA_FINALIZACAO ) VALUES (4, 'CONCLUIDO', 1, 'Rebeca', '25280843000119', '(18) 3322-1111', 'ze@hotmail.com', CURRENT_DATE, SYSDATE, to_date('2019-01-12 08:30:00', 'yyyy-MM-dd hh24:mi:ss'), 40, 104, 'F', 'HOME_OFFICE', to_date('2019-01-16 10:30:00', 'yyyy-MM-dd hh24:mi:ss'));
INSERT INTO SOLICITACAO_RAMAL(ID, SITUACAO, AGENTE_AUTORIZADO_ID, AGENTE_AUTORIZADO_NOME, AGENTE_AUTORIZADO_CNPJ, TELEFONE_TI, EMAIL_TI, MELHOR_DATA_IMPLANTACAO, MELHOR_HORARIO_IMPLANTACAO, DATA_CADASTRO, QUANTIDADE_RAMAIS, FK_USUARIO, ENVIOU_EMAIL_EXPIRACAO, DATA_ENVIADO_EMAIL_EXPIRACAO, DATA_FINALIZACAO ) VALUES (5, 'PENDENTE', 1, 'Manoela', '25280843000119', '(18) 3322-1111', 'ze@hotmail.com', CURRENT_DATE, SYSDATE, to_date('2019-01-03 07:20:00', 'yyyy-MM-dd hh24:mi:ss'), 40, 226, 'V', to_date('2019-01-05 07:00:00', 'yyyy-MM-dd hh24:mi:ss'), to_date('2019-01-07 10:30:00', 'yyyy-MM-dd hh24:mi:ss'));
INSERT INTO SOLICITACAO_RAMAL(ID, SITUACAO, AGENTE_AUTORIZADO_ID, AGENTE_AUTORIZADO_NOME, AGENTE_AUTORIZADO_CNPJ, TELEFONE_TI, EMAIL_TI, MELHOR_DATA_IMPLANTACAO, MELHOR_HORARIO_IMPLANTACAO, DATA_CADASTRO, QUANTIDADE_RAMAIS, FK_USUARIO, ENVIOU_EMAIL_EXPIRACAO, DATA_ENVIADO_EMAIL_EXPIRACAO, DATA_FINALIZACAO ) VALUES (6, 'EM_ANDAMENTO', 2, 'aa', '25280843000119', '(18) 3322-1111', 'ze@hotmail.com', CURRENT_DATE, SYSDATE, to_date('2019-01-02 10:00:00', 'yyyy-MM-dd hh24:mi:ss'), 400, 226, 'V', to_date('2019-01-04 10:00:00', 'yyyy-MM-dd hh24:mi:ss'), to_date('2019-01-05 10:30:00', 'yyyy-MM-dd hh24:mi:ss'));
INSERT INTO SOLICITACAO_RAMAL(ID, SITUACAO, AGENTE_AUTORIZADO_ID, AGENTE_AUTORIZADO_NOME, AGENTE_AUTORIZADO_CNPJ, TELEFONE_TI, EMAIL_TI, MELHOR_DATA_IMPLANTACAO, MELHOR_HORARIO_IMPLANTACAO, DATA_CADASTRO, QUANTIDADE_RAMAIS, FK_USUARIO, ENVIOU_EMAIL_EXPIRACAO, TIPO_IMPLANTACAO, DATA_FINALIZACAO ) VALUES (7, 'EM_ANDAMENTO', 2, 'bb', '25280843000119', '(18) 3322-1111', 'ze@hotmail.com', CURRENT_DATE, SYSDATE, to_date('2019-01-02 11:12:00', 'yyyy-MM-dd hh24:mi:ss'), 35, 226, 'F', 'HOME_OFFICE', to_date('2019-01-05 10:30:00', 'yyyy-MM-dd hh24:mi:ss'));
INSERT INTO SOLICITACAO_RAMAL(ID, SITUACAO, AGENTE_AUTORIZADO_ID, AGENTE_AUTORIZADO_NOME, AGENTE_AUTORIZADO_CNPJ, TELEFONE_TI, EMAIL_TI, MELHOR_DATA_IMPLANTACAO, MELHOR_HORARIO_IMPLANTACAO, DATA_CADASTRO, QUANTIDADE_RAMAIS, FK_USUARIO, ENVIOU_EMAIL_EXPIRACAO, DATA_ENVIADO_EMAIL_EXPIRACAO, DATA_FINALIZACAO ) VALUES (8, 'EM_ANDAMENTO', 2, 'xx', '25280843000119', '(18) 3322-1111', 'ze@hotmail.com', CURRENT_DATE, SYSDATE, to_date('2019-01-02 00:38:00', 'yyyy-MM-dd hh24:mi:ss'), 13, 226, 'V', to_date('2019-01-04 01:00:00', 'yyyy-MM-dd hh24:mi:ss'), to_date('2019-01-05 10:30:00', 'yyyy-MM-dd hh24:mi:ss'));
INSERT INTO SOLICITACAO_RAMAL(ID, SITUACAO, AGENTE_AUTORIZADO_ID, AGENTE_AUTORIZADO_NOME, AGENTE_AUTORIZADO_CNPJ, TELEFONE_TI, EMAIL_TI, MELHOR_DATA_IMPLANTACAO, MELHOR_HORARIO_IMPLANTACAO, DATA_CADASTRO, QUANTIDADE_RAMAIS, FK_USUARIO, ENVIOU_EMAIL_EXPIRACAO, DATA_FINALIZACAO ) VALUES (9, 'REJEITADO', 2, 'gg', '25280843000119', '(18) 3322-1111', 'ze@hotmail.com', CURRENT_DATE, SYSDATE, to_date('2019-01-01 07:33:00', 'yyyy-MM-dd hh24:mi:ss'), 70, 226, 'F', to_date('2019-01-05 10:30:00', 'yyyy-MM-dd hh24:mi:ss'));
INSERT INTO SOLICITACAO_RAMAL(ID, SITUACAO, AGENTE_AUTORIZADO_ID, AGENTE_AUTORIZADO_NOME, AGENTE_AUTORIZADO_CNPJ, TELEFONE_TI, EMAIL_TI, MELHOR_DATA_IMPLANTACAO, MELHOR_HORARIO_IMPLANTACAO, DATA_CADASTRO, QUANTIDADE_RAMAIS, FK_USUARIO, ENVIOU_EMAIL_EXPIRACAO, DATA_ENVIADO_EMAIL_EXPIRACAO, DATA_FINALIZACAO ) VALUES (10, 'REJEITADO', 2, 'ee', '25280843000119', '(18) 3322-1111', 'ze@hotmail.com', CURRENT_DATE, SYSDATE, to_date('2019-01-20 06:00:00', 'yyyy-MM-dd hh24:mi:ss'), 12, 226, 'V', to_date('2019-01-22 06:00:00', 'yyyy-MM-dd hh24:mi:ss'), to_date('2019-01-24 10:30:00', 'yyyy-MM-dd hh24:mi:ss'));
INSERT INTO SOLICITACAO_RAMAL(ID, SITUACAO, AGENTE_AUTORIZADO_ID, AGENTE_AUTORIZADO_NOME, AGENTE_AUTORIZADO_CNPJ, TELEFONE_TI, EMAIL_TI, MELHOR_DATA_IMPLANTACAO, MELHOR_HORARIO_IMPLANTACAO, DATA_CADASTRO, QUANTIDADE_RAMAIS, FK_USUARIO, ENVIOU_EMAIL_EXPIRACAO, DATA_FINALIZACAO ) VALUES (11, 'CONCLUIDO', 3, 'Miguel', '25280843000119', '(18) 3322-1111', 'miguel@hotmail.com', CURRENT_DATE, SYSDATE, to_date('2019-01-12 08:30:00', 'yyyy-MM-dd hh24:mi:ss'), 40, 106, 'F', to_date('2019-01-16 10:30:00', 'yyyy-MM-dd hh24:mi:ss'));
INSERT INTO SOLICITACAO_RAMAL(ID, SITUACAO, CANAL, FK_SUBCANAL, TELEFONE_TI, EMAIL_TI, MELHOR_DATA_IMPLANTACAO, MELHOR_HORARIO_IMPLANTACAO, DATA_CADASTRO, QUANTIDADE_RAMAIS, FK_USUARIO, ENVIOU_EMAIL_EXPIRACAO, TIPO_IMPLANTACAO, DATA_FINALIZACAO ) VALUES (12, 'PENDENTE', 'D2D_PROPRIO', 1, '(18) 3322-1111', 'miguel@hotmail.com', CURRENT_DATE, SYSDATE, to_date('2019-01-12 08:30:00', 'yyyy-MM-dd hh24:mi:ss'), 40, 106, 'F', 'HOME_OFFICE', to_date('2019-01-16 10:30:00', 'yyyy-MM-dd hh24:mi:ss'));
INSERT INTO SOLICITACAO_RAMAL(ID, SITUACAO, CANAL, FK_SUBCANAL, TELEFONE_TI, EMAIL_TI, MELHOR_DATA_IMPLANTACAO, MELHOR_HORARIO_IMPLANTACAO, DATA_CADASTRO, QUANTIDADE_RAMAIS, FK_USUARIO, ENVIOU_EMAIL_EXPIRACAO, TIPO_IMPLANTACAO, DATA_FINALIZACAO ) VALUES (13, 'PENDENTE', 'D2D_PROPRIO', 1, '(18) 3322-1111', 'miguel@hotmail.com', CURRENT_DATE, SYSDATE, to_date('2019-01-12 08:30:00', 'yyyy-MM-dd hh24:mi:ss'), 40, 106, 'F', 'HOME_OFFICE', to_date('2019-01-16 10:30:00', 'yyyy-MM-dd hh24:mi:ss'));
INSERT INTO SOLICITACAO_RAMAL(ID, EQUIPE_ID, AGENTE_AUTORIZADO_ID, SITUACAO, CANAL, FK_SUBCANAL, TELEFONE_TI, EMAIL_TI, MELHOR_DATA_IMPLANTACAO, MELHOR_HORARIO_IMPLANTACAO, DATA_CADASTRO, QUANTIDADE_RAMAIS, FK_USUARIO, ENVIOU_EMAIL_EXPIRACAO, TIPO_IMPLANTACAO, DATA_FINALIZACAO) VALUES (20, 1, 1, 'PENDENTE', 'D2D_PROPRIO', 2, '(12) 3456-7890', 'joao.lima@xbrain.com.br', CURRENT_DATE, SYSDATE, to_date('2023-01-12 08:30:00', 'yyyy-MM-dd hh24:mi:ss'), 2, 104, 'F', 'HOME_OFFICE', to_date('2023-01-16 10:30:00', 'yyyy-MM-dd hh24:mi:ss'));

-- SOLICITACAO RAMAL HISTORICO --
INSERT INTO SOLICITACAO_RAMAL_HISTORICO (ID, COMENTARIO, DATA_CADASTRO, SITUACAO, FK_SOLICITACAO_RAMAL, FK_USUARIO) VALUES (1, 'SEM COMENTARIO', to_date('2019-01-01 10:30:00', 'yyyy-MM-dd hh24:mi:ss'), 'PENDENTE', 1, 106);
INSERT INTO SOLICITACAO_RAMAL_HISTORICO (ID, COMENTARIO, DATA_CADASTRO, SITUACAO, FK_SOLICITACAO_RAMAL, FK_USUARIO) VALUES (2, 'NOVO COMENTARIO', to_date('2019-01-01 10:30:00', 'yyyy-MM-dd hh24:mi:ss'), 'EM_ANDAMENTO', 1, 106);

-- SOLICITACAO RAMAL USUARIO --
INSERT INTO SOLICITACAO_RAMAL_USUARIO (FK_USUARIO, FK_SOLICITACAO_RAMAL) VALUES (106, 1);
INSERT INTO SOLICITACAO_RAMAL_USUARIO (FK_USUARIO, FK_SOLICITACAO_RAMAL) VALUES (226, 1);
INSERT INTO SOLICITACAO_RAMAL_USUARIO (FK_USUARIO, FK_SOLICITACAO_RAMAL) VALUES (230, 1);
INSERT INTO SOLICITACAO_RAMAL_USUARIO (FK_USUARIO, FK_SOLICITACAO_RAMAL) VALUES (101, 1);
INSERT INTO SOLICITACAO_RAMAL_USUARIO (FK_USUARIO, FK_SOLICITACAO_RAMAL) VALUES (433, 1);
INSERT INTO SOLICITACAO_RAMAL_USUARIO (FK_USUARIO, FK_SOLICITACAO_RAMAL) VALUES (104, 20);