-- USUARIO ORGANIZACAO --
INSERT INTO ORGANIZACAO (ID, CODIGO, NOME) VALUES (1, 'BCC', 'Brasil Center');
INSERT INTO ORGANIZACAO (ID, CODIGO, NOME) VALUES (2, 'CALLINK', 'Callink');
INSERT INTO ORGANIZACAO (ID, CODIGO, NOME) VALUES (3, 'PROPRIO', 'Próprio');
INSERT INTO ORGANIZACAO (ID, CODIGO, NOME) VALUES (4, 'ATENTO', 'Atento');
INSERT INTO ORGANIZACAO (ID, CODIGO, NOME) VALUES (5, 'VGX', 'VGX');

-- USUÁRIOS --
INSERT INTO USUARIO (ID, SITUACAO, ALTERAR_SENHA, CPF, DATA_CADASTRO, EMAIL_01, NOME, SENHA, TELEFONE_01, FK_CARGO, FK_DEPARTAMENTO, FK_ORGANIZACAO, URL_LOJA_BASE, URL_LOJA_PROSPECT, URL_LOJA_PROSPECT_NEXTEL) VALUES (100, 'A', 'F', '38957979875', SYSDATE, 'ADMIN@XBRAIN.COM.BR', 'ADMIN', '$2a$10$5Km7U7CyDD5VIrkJPXPK8.px0hJE9n.NgGx2tGRa/Gu3e3xEumipm', '99999', 50, 50, 1, 'http://loja.com.br/1', 'http://loja.com.br/2', 'http://loja.com.br/3');
INSERT INTO USUARIO (ID, SITUACAO, ALTERAR_SENHA, CPF, DATA_CADASTRO, EMAIL_01, NOME, SENHA, TELEFONE_01, FK_CARGO, FK_DEPARTAMENTO, FK_ORGANIZACAO) VALUES (101, 'A', 'F', '65710871036', SYSDATE, 'HELPDESK@XBRAIN.COM.BR', 'HELPDESK', '$2a$10$5Km7U7CyDD5VIrkJPXPK8.px0hJE9n.NgGx2tGRa/Gu3e3xEumipm', '99999', 51, 51, 2);
INSERT INTO USUARIO (ID, SITUACAO, ALTERAR_SENHA, NOME, EMAIL_01, CPF, RG, TELEFONE_01, SENHA,  DATA_CADASTRO, FK_CARGO, FK_DEPARTAMENTO, FK_ORGANIZACAO) VALUES (104, 'A', 'F',   'operacao_gerente_comercial', 'operacao_gerente_comercial@net.com.br', '672.678.130-03', '88888888', '9999', '$2a$10$5Km7U7CyDD5VIrkJPXPK8.px0hJE9n.NgGx2tGRa/Gu3e3xEumipm', SYSDATE, 7, 3, 2);
INSERT INTO USUARIO (ID, SITUACAO, ALTERAR_SENHA, CPF, DATA_CADASTRO, EMAIL_01, NOME, SENHA, TELEFONE_01, FK_CARGO, FK_DEPARTAMENTO, FK_ORGANIZACAO) VALUES (105, 'I', 'F', '41842888803', SYSDATE, 'INATIVO@XBRAIN.COM.BR', 'INATIVO', '$2a$10$5Km7U7CyDD5VIrkJPXPK8.px0hJE9n.NgGx2tGRa/Gu3e3xEumipm', '99999', 50, 50, 3);
INSERT INTO USUARIO (ID, SITUACAO, ALTERAR_SENHA, CPF, DATA_CADASTRO, EMAIL_01, NOME, SENHA, TELEFONE_01, FK_CARGO, FK_DEPARTAMENTO, FK_ORGANIZACAO) VALUES (106, 'P', 'F', '51842888803', SYSDATE, 'PENDENTE@XBRAIN.COM.BR', 'INATIVO', '$2a$10$5Km7U7CyDD5VIrkJPXPK8.px0hJE9n.NgGx2tGRa/Gu3e3xEumipm', '99999', 50, 50, 4);
INSERT INTO USUARIO (ID, ALTERAR_SENHA, CPF, DATA_CADASTRO, EMAIL_01, NOME, SENHA, SITUACAO, TELEFONE_01, FK_CARGO, FK_DEPARTAMENTO, FK_ORGANIZACAO) VALUES (230, 'F', '31752423674', CURRENT_DATE, 'AGENTE_AUTORIZADO_APROVACAO_MSO_NOVO_CADASTRO@XBRAIN.COM.BR', 'Agente Autorizado Aprovação MSO Novos Cadastros', '$2a$10$5Km7U7CyDD5VIrkJPXPK8.px0hJE9n.NgGx2tGRa/Gu3e3xEumipm', 'A', '43 3333-5555', 7, 3, 4);
INSERT INTO USUARIO (ID, SITUACAO, ALTERAR_SENHA, CPF, DATA_CADASTRO, EMAIL_01, NOME, SENHA, TELEFONE_01, FK_CARGO, FK_DEPARTAMENTO, FK_ORGANIZACAO) VALUES (366, 'A', 'F', '28667582506', SYSDATE, 'MSO_ANALISTAADM_CLAROMOVEL_PESSOAL@NET.COM.BR', 'Mso Analista Adm Claro Pessoal', '$2a$10$5Km7U7CyDD5VIrkJPXPK8.px0hJE9n.NgGx2tGRa/Gu3e3xEumipm', '99999', 20, 20, 2);
INSERT INTO USUARIO (ID, NOME, EMAIL_01, SITUACAO, TELEFONE_01, CPF, FK_CARGO, FK_DEPARTAMENTO, ALTERAR_SENHA, SENHA, DATA_CADASTRO, FK_ORGANIZACAO) VALUES (226, 'SOCIO AA', 'SOCIOAA@GMAIL.COM', 'A', '43 3333-5555', '35723327704', 41, 40, 'F', '$2a$10$5Km7U7CyDD5VIrkJPXPK8.px0hJE9n.NgGx2tGRa/Gu3e3xEumipm', CURRENT_DATE, 4);
INSERT INTO USUARIO (ID, NOME, EMAIL_01, SITUACAO, TELEFONE_01, CPF, FK_CARGO, FK_DEPARTAMENTO, ALTERAR_SENHA, SENHA, DATA_CADASTRO, FK_ORGANIZACAO, LOGIN_NET_SALES) VALUES (227, 'VENDEDOR AA', 'VENDEDORAA@GMAIL.COM', 'A', '43 3333-5555', '45723327704', 49, 40, 'F', '$2a$10$5Km7U7CyDD5VIrkJPXPK8.px0hJE9n.NgGx2tGRa/Gu3e3xEumipm', CURRENT_DATE, 5, 'um login netsales');
INSERT INTO USUARIO (ID, SITUACAO, ALTERAR_SENHA, CPF, DATA_CADASTRO, EMAIL_01, NOME, SENHA, TELEFONE_01, FK_CARGO, FK_DEPARTAMENTO, FK_ORGANIZACAO) VALUES (107, 'R', 'F', '51842888803', SYSDATE, 'PENDENTE@XBRAIN.COM.BR', 'REALOCADO', '$2a$10$5Km7U7CyDD5VIrkJPXPK8.px0hJE9n.NgGx2tGRa/Gu3e3xEumipm', '99999', 50, 50, 5);
INSERT INTO USUARIO (ID, SITUACAO, ALTERAR_SENHA, CPF, DATA_CADASTRO, EMAIL_01, NOME, SENHA, TELEFONE_01, FK_CARGO, FK_DEPARTAMENTO, FK_ORGANIZACAO) VALUES (108, 'A', 'F', '99898798789', SYSDATE, 'ASSISTENTE@NET.COM.BR', 'Assistente Operação', '$2a$10$5Km7U7CyDD5VIrkJPXPK8.px0hJE9n.NgGx2tGRa/Gu3e3xEumipm', '99999', 2, 3, 1);
INSERT INTO USUARIO (ID, SITUACAO, ALTERAR_SENHA, CPF, DATA_CADASTRO, EMAIL_01, NOME, SENHA, TELEFONE_01, FK_CARGO, FK_DEPARTAMENTO, FK_ORGANIZACAO) VALUES (109, 'A', 'F', '99898798781', SYSDATE, 'VENDEDOR@NET.COM.BR', 'Vendedor Operação', '$2a$10$5Km7U7CyDD5VIrkJPXPK8.px0hJE9n.NgGx2tGRa/Gu3e3xEumipm', '99999', 8, 3, 1);
INSERT INTO USUARIO (ID, SITUACAO, ALTERAR_SENHA, CPF, DATA_CADASTRO, EMAIL_01, NOME, SENHA, TELEFONE_01, FK_CARGO, FK_DEPARTAMENTO, FK_ORGANIZACAO) VALUES (102, 'A', 'F', '99898798782', SYSDATE, 'SUPERVISOR@NET.COM.BR', 'Supervisor Operação', '$2a$10$5Km7U7CyDD5VIrkJPXPK8.px0hJE9n.NgGx2tGRa/Gu3e3xEumipm', '99999', 10, 3, 4);
INSERT INTO USUARIO (ID, SITUACAO, ALTERAR_SENHA, CPF, DATA_CADASTRO, EMAIL_01, NOME, SENHA, TELEFONE_01, FK_CARGO, FK_DEPARTAMENTO, FK_ORGANIZACAO) VALUES (300, 'A', 'F', '85510448857', SYSDATE, 'OPERACAO@NET.COM.BR', 'Operacao Supervisor NET', '$2a$10$5Km7U7CyDD5VIrkJPXPK8.px0hJE9n.NgGx2tGRa/Gu3e3xEumipm', '99999', 10, 3, 3);


-- USUARIO CANAIS --
INSERT INTO USUARIO_CANAL(FK_USUARIO, CANAL) VALUES (101, 'D2D_PROPRIO');
INSERT INTO USUARIO_CANAL(FK_USUARIO, CANAL) VALUES (101, 'AGENTE_AUTORIZADO');
INSERT INTO USUARIO_CANAL(FK_USUARIO, CANAL) VALUES (102, 'AGENTE_AUTORIZADO');
INSERT INTO USUARIO_CANAL(FK_USUARIO, CANAL) VALUES (300, 'AGENTE_AUTORIZADO');

-- USUÁRIO EMPRESA --
INSERT INTO USUARIO_EMPRESA (FK_USUARIO, FK_EMPRESA) VALUES (100, 4);
INSERT INTO USUARIO_EMPRESA (FK_USUARIO, FK_EMPRESA) VALUES (101, 1);
INSERT INTO USUARIO_EMPRESA (FK_USUARIO, FK_EMPRESA) VALUES (104, 1);
INSERT INTO USUARIO_EMPRESA (FK_USUARIO, FK_EMPRESA) VALUES (105, 1);
INSERT INTO USUARIO_EMPRESA (FK_USUARIO, FK_EMPRESA) VALUES (106, 1);
INSERT INTO USUARIO_EMPRESA (FK_USUARIO, FK_EMPRESA) VALUES (230, 1);
INSERT INTO USUARIO_EMPRESA (FK_USUARIO, FK_EMPRESA) VALUES (226, 3);
INSERT INTO USUARIO_EMPRESA (FK_USUARIO, FK_EMPRESA) VALUES (227, 3);
INSERT INTO USUARIO_EMPRESA (FK_USUARIO, FK_EMPRESA) VALUES (366, 1);
INSERT INTO USUARIO_EMPRESA (FK_USUARIO, FK_EMPRESA) VALUES (108, 1);
INSERT INTO USUARIO_EMPRESA (FK_USUARIO, FK_EMPRESA) VALUES (109, 1);
INSERT INTO USUARIO_EMPRESA (FK_USUARIO, FK_EMPRESA) VALUES (102, 1);
INSERT INTO USUARIO_EMPRESA (FK_USUARIO, FK_EMPRESA) VALUES (300, 1);

-- USUÁRIO UNIDADE NEGÓCIO
INSERT INTO USUARIO_UNIDADE_NEGOCIO (FK_USUARIO, FK_UNIDADE_NEGOCIO) VALUES(100, 3);
INSERT INTO USUARIO_UNIDADE_NEGOCIO (FK_USUARIO, FK_UNIDADE_NEGOCIO) VALUES(101, 1);
INSERT INTO USUARIO_UNIDADE_NEGOCIO (FK_USUARIO, FK_UNIDADE_NEGOCIO) VALUES(104, 1);
INSERT INTO USUARIO_UNIDADE_NEGOCIO (FK_USUARIO, FK_UNIDADE_NEGOCIO) VALUES(105, 3);
INSERT INTO USUARIO_UNIDADE_NEGOCIO (FK_USUARIO, FK_UNIDADE_NEGOCIO) VALUES(106, 3);
INSERT INTO USUARIO_UNIDADE_NEGOCIO (FK_USUARIO, FK_UNIDADE_NEGOCIO) VALUES(230, 1);
INSERT INTO USUARIO_UNIDADE_NEGOCIO (FK_USUARIO, FK_UNIDADE_NEGOCIO) VALUES(366, 1);
INSERT INTO USUARIO_UNIDADE_NEGOCIO (FK_USUARIO, FK_UNIDADE_NEGOCIO) VALUES(226, 1);
INSERT INTO USUARIO_UNIDADE_NEGOCIO (FK_USUARIO, FK_UNIDADE_NEGOCIO) VALUES(227, 1);
INSERT INTO USUARIO_UNIDADE_NEGOCIO (FK_USUARIO, FK_UNIDADE_NEGOCIO) VALUES(108, 1);
INSERT INTO USUARIO_UNIDADE_NEGOCIO (FK_USUARIO, FK_UNIDADE_NEGOCIO) VALUES(109, 1);
INSERT INTO USUARIO_UNIDADE_NEGOCIO (FK_USUARIO, FK_UNIDADE_NEGOCIO) VALUES(102, 1);
INSERT INTO USUARIO_UNIDADE_NEGOCIO (FK_USUARIO, FK_UNIDADE_NEGOCIO) VALUES(300, 1);

-- USUÁRIO CIDADE --
INSERT INTO USUARIO_CIDADE (FK_USUARIO, FK_CIDADE, FK_USUARIO_CADASTRO, DATA_CADASTRO) VALUES (100, 5578, 100, to_date('01/01/2000 00:00:00', 'dd/mm/yyyy hh24:mi:ss'));
INSERT INTO USUARIO_CIDADE (FK_USUARIO, FK_CIDADE, FK_USUARIO_CADASTRO, DATA_CADASTRO) VALUES (104, 5578, 100, to_date('01/01/2000 00:00:00', 'dd/mm/yyyy hh24:mi:ss'));
INSERT INTO USUARIO_CIDADE (FK_USUARIO, FK_CIDADE, FK_USUARIO_CADASTRO, DATA_CADASTRO) VALUES (230, 5578, 100, to_date('01/01/2000 00:00:00', 'dd/mm/yyyy hh24:mi:ss'));
INSERT INTO USUARIO_CIDADE (FK_USUARIO, FK_CIDADE, FK_USUARIO_CADASTRO, DATA_CADASTRO) VALUES (108, 5578, 100, to_date('01/01/2000 00:00:00', 'dd/mm/yyyy hh24:mi:ss'));
INSERT INTO USUARIO_CIDADE (FK_USUARIO, FK_CIDADE, FK_USUARIO_CADASTRO, DATA_CADASTRO) VALUES (109, 5578, 100, to_date('01/01/2000 00:00:00', 'dd/mm/yyyy hh24:mi:ss'));
INSERT INTO USUARIO_CIDADE (FK_USUARIO, FK_CIDADE, FK_USUARIO_CADASTRO, DATA_CADASTRO) VALUES (102, 5578, 100, to_date('01/01/2000 00:00:00', 'dd/mm/yyyy hh24:mi:ss'));
INSERT INTO USUARIO_CIDADE (FK_USUARIO, FK_CIDADE, FK_USUARIO_CADASTRO, DATA_CADASTRO) VALUES (300, 5578, 100, to_date('01/01/2000 00:00:00', 'dd/mm/yyyy hh24:mi:ss'));
INSERT INTO USUARIO_CIDADE (FK_USUARIO, FK_CIDADE, FK_USUARIO_CADASTRO, DATA_CADASTRO) VALUES (300, 3426, 100, to_date('01/01/2000 00:00:00', 'dd/mm/yyyy hh24:mi:ss'));
INSERT INTO USUARIO_CIDADE (FK_USUARIO, FK_CIDADE, FK_USUARIO_CADASTRO, DATA_CADASTRO) VALUES (300, 3237, 100, to_date('01/01/2000 00:00:00', 'dd/mm/yyyy hh24:mi:ss'));


-- USUÁRIO HIERARQUIA --
INSERT INTO USUARIO_HIERARQUIA (FK_USUARIO, FK_USUARIO_SUPERIOR, DATA_CADASTRO, FK_USUARIO_CADASTRO) VALUES (101, 104, to_date('01/01/2000 00:00:00', 'dd/mm/yyyy hh24:mi:ss'), 100);
INSERT INTO USUARIO_HIERARQUIA (FK_USUARIO, FK_USUARIO_SUPERIOR, DATA_CADASTRO, FK_USUARIO_CADASTRO) VALUES (104, 105, to_date('01/01/2000 00:00:00', 'dd/mm/yyyy hh24:mi:ss'), 100);

-- PERMISSÃO ESPECIAL --
INSERT INTO PERMISSAO_ESPECIAL (ID, DATA_CADASTRO, FK_FUNCIONALIDADE, FK_USUARIO, FK_USUARIO_CADASTRO) VALUES (2, CURRENT_DATE, 26, 101, 101);
INSERT INTO PERMISSAO_ESPECIAL (ID, DATA_CADASTRO, FK_FUNCIONALIDADE, FK_USUARIO, FK_USUARIO_CADASTRO) VALUES (3, CURRENT_DATE, 2016, 104, 101);
INSERT INTO PERMISSAO_ESPECIAL (ID, DATA_CADASTRO, FK_FUNCIONALIDADE, FK_USUARIO, FK_USUARIO_CADASTRO) VALUES (4, CURRENT_DATE, 2012, 100, 100);
INSERT INTO PERMISSAO_ESPECIAL (ID, DATA_CADASTRO, FK_FUNCIONALIDADE, FK_USUARIO, FK_USUARIO_CADASTRO) VALUES (5, CURRENT_DATE, 3021, 226, 226);
INSERT INTO PERMISSAO_ESPECIAL (ID, DATA_CADASTRO, FK_FUNCIONALIDADE, FK_USUARIO, FK_USUARIO_CADASTRO) VALUES (6, CURRENT_DATE, 3022, 226, 226);
INSERT INTO PERMISSAO_ESPECIAL (ID, DATA_CADASTRO, FK_FUNCIONALIDADE, FK_USUARIO, FK_USUARIO_CADASTRO) VALUES (7, CURRENT_DATE, 3024, 226, 226);
INSERT INTO PERMISSAO_ESPECIAL (ID, DATA_CADASTRO, FK_FUNCIONALIDADE, FK_USUARIO, FK_USUARIO_CADASTRO) VALUES (8, CURRENT_DATE, 3030, 226, 226);

-- CONFIGURAÇÃO --
INSERT INTO CONFIGURACAO (ID, DATA_CADASTRO, RAMAL, FK_USUARIO, FK_USUARIO_CADASTRO) VALUES(1, TO_DATE('17/02/2018 10:50:00', 'dd/mm/yyyy hh24:mi:ss'), 7006, 100, 100);
INSERT INTO CONFIGURACAO (ID, DATA_CADASTRO, RAMAL, FK_USUARIO, FK_USUARIO_CADASTRO) VALUES(2, TO_DATE('17/02/2018 10:50:00', 'dd/mm/yyyy hh24:mi:ss'), 1000, 101, 101);
INSERT INTO CONFIGURACAO (ID, DATA_CADASTRO, RAMAL, FK_USUARIO, FK_USUARIO_CADASTRO) VALUES(3, TO_DATE('17/02/2018 10:50:00', 'dd/mm/yyyy hh24:mi:ss'), 1008, 105, 105);
INSERT INTO CONFIGURACAO (ID, DATA_CADASTRO, RAMAL, FK_USUARIO, FK_USUARIO_CADASTRO) VALUES(4, TO_DATE('17/02/2018 10:50:00', 'dd/mm/yyyy hh24:mi:ss'), 1008, 106, 106);

-- GERENTE - OPERAÇÃO
INSERT INTO CARGO_DEPART_FUNC (ID, FK_CARGO, FK_DEPARTAMENTO, FK_FUNCIONALIDADE) VALUES (SEQ_CARGO_DEPART_FUNC.nextval, 7, 3, 2001);

-- USUÁRIO HISTORICO -
INSERT INTO USUARIO_HISTORICO (ID, DATA_CADASTRO, SITUACAO, FK_MOTIVO_INATIV, FK_USUARIO, FK_USUARIO_ALTERACAO) VALUES (100, TO_DATE('04/01/2019 10:50:00', 'dd/mm/yyyy hh24:mi:ss'), 'I', 1, 100, 101);
INSERT INTO USUARIO_HISTORICO (ID, DATA_CADASTRO, SITUACAO, FK_MOTIVO_INATIV, FK_USUARIO, FK_USUARIO_ALTERACAO) VALUES (101, TO_DATE('03/01/2019 10:50:00', 'dd/mm/yyyy hh24:mi:ss'), 'A', null, 100, 100);
INSERT INTO USUARIO_HISTORICO (ID, DATA_CADASTRO, SITUACAO, FK_MOTIVO_INATIV, FK_USUARIO, FK_USUARIO_ALTERACAO) VALUES (102, TO_DATE('02/01/2019 10:50:00', 'dd/mm/yyyy hh24:mi:ss'), 'I', 6, 100, 100);
INSERT INTO USUARIO_HISTORICO (ID, DATA_CADASTRO, SITUACAO, FK_MOTIVO_INATIV, FK_USUARIO, FK_USUARIO_ALTERACAO) VALUES (103, TO_DATE('01/01/2019 10:50:00', 'dd/mm/yyyy hh24:mi:ss'), 'A', 5, 101, 101);

-- FERIADO --
INSERT INTO FERIADO(ID, NOME, DATA_feriado, DATA_CADASTRO, FERIADO_NACIONAL, FK_CIDADE, SITUACAO, FK_UF, TIPO_FERIADO, FK_USUARIO_CADASTRO, FK_FERIADO_PAI) VALUES (10000, 'Aniversário da cidade', '2018-12-10',  CURRENT_TIMESTAMP, 'F', 5578, 'ATIVO', 1, 'MUNICIPAL', NULL, NULL);

update SUB_CLUSTER set FK_MARCA=1 where id = 189;