INSERT INTO FUNCIONALIDADE (ID, NOME, ROLE, FK_APLICACAO) VALUES (10012, 'Relatório Consulta de Endereço', 'REL_10012', 17);
INSERT INTO FUNCIONALIDADE (ID, NOME, ROLE, FK_APLICACAO) VALUES (3059, 'Visualizar Relatório Consulta de Endereço', 'VDS_3059', 3);

INSERT INTO FUNCIONALIDADE_CANAL (FK_FUNCIONALIDADE, CANAL) VALUES (10012, 'AGENTE_AUTORIZADO');
INSERT INTO FUNCIONALIDADE_CANAL (FK_FUNCIONALIDADE, CANAL) VALUES (10012, 'D2D_PROPRIO');

INSERT INTO FUNCIONALIDADE_CANAL (FK_FUNCIONALIDADE, CANAL) VALUES (3059, 'AGENTE_AUTORIZADO');
INSERT INTO FUNCIONALIDADE_CANAL (FK_FUNCIONALIDADE, CANAL) VALUES (3059, 'D2D_PROPRIO');

INSERT INTO CARGO_DEPART_FUNC (ID, FK_CARGO, FK_DEPARTAMENTO, FK_FUNCIONALIDADE) VALUES (SEQ_CARGO_DEPART_FUNC.nextval, 50, 50, 3059);
INSERT INTO CARGO_DEPART_FUNC (ID, FK_CARGO, FK_DEPARTAMENTO, FK_FUNCIONALIDADE) VALUES (SEQ_CARGO_DEPART_FUNC.nextval, 50, 50, 10012);

INSERT INTO CARGO_DEPART_FUNC (ID, FK_CARGO, FK_DEPARTAMENTO, FK_FUNCIONALIDADE) VALUES (SEQ_CARGO_DEPART_FUNC.nextval, 22, 21, 10012);

INSERT INTO CARGO_DEPART_FUNC (ID, FK_CARGO, FK_DEPARTAMENTO, FK_FUNCIONALIDADE) VALUES (SEQ_CARGO_DEPART_FUNC.nextval, 41, 40, 3059);
INSERT INTO CARGO_DEPART_FUNC (ID, FK_CARGO, FK_DEPARTAMENTO, FK_FUNCIONALIDADE) VALUES (SEQ_CARGO_DEPART_FUNC.nextval, 42, 40, 3059);
INSERT INTO CARGO_DEPART_FUNC (ID, FK_CARGO, FK_DEPARTAMENTO, FK_FUNCIONALIDADE) VALUES (SEQ_CARGO_DEPART_FUNC.nextval, 47, 40, 3059);

INSERT INTO CARGO_DEPART_FUNC (ID, FK_CARGO, FK_DEPARTAMENTO, FK_FUNCIONALIDADE) VALUES (SEQ_CARGO_DEPART_FUNC.nextval, 22, 21, 3059);

INSERT INTO CARGO_DEPART_FUNC (ID, FK_CARGO, FK_DEPARTAMENTO, FK_FUNCIONALIDADE) VALUES (SEQ_CARGO_DEPART_FUNC.nextval, 4, 1, 3059);
INSERT INTO CARGO_DEPART_FUNC (ID, FK_CARGO, FK_DEPARTAMENTO, FK_FUNCIONALIDADE) VALUES (SEQ_CARGO_DEPART_FUNC.nextval, 5, 1, 3059);
INSERT INTO CARGO_DEPART_FUNC (ID, FK_CARGO, FK_DEPARTAMENTO, FK_FUNCIONALIDADE) VALUES (SEQ_CARGO_DEPART_FUNC.nextval, 95, 1, 3059);
INSERT INTO CARGO_DEPART_FUNC (ID, FK_CARGO, FK_DEPARTAMENTO, FK_FUNCIONALIDADE) VALUES (SEQ_CARGO_DEPART_FUNC.nextval, 7, 1, 3059);
INSERT INTO CARGO_DEPART_FUNC (ID, FK_CARGO, FK_DEPARTAMENTO, FK_FUNCIONALIDADE) VALUES (SEQ_CARGO_DEPART_FUNC.nextval, 6, 1, 3059);


