INSERT INTO FUNCIONALIDADE (ID, NOME, ROLE, FK_APLICACAO) VALUES (2046, 'Visualizar Sites', 'AUT_2046', 1);
INSERT INTO FUNCIONALIDADE (ID, NOME, ROLE, FK_APLICACAO) VALUES (2047, 'Gerenciar Sites', 'AUT_2047', 1);

INSERT INTO FUNCIONALIDADE_CANAL (FK_FUNCIONALIDADE, CANAL) VALUES (2046, 'ATIVO_PROPRIO');
INSERT INTO FUNCIONALIDADE_CANAL (FK_FUNCIONALIDADE, CANAL) VALUES (2047, 'ATIVO_PROPRIO');

--XBRAIN-- GERENCIAR
INSERT INTO CARGO_DEPART_FUNC (ID, FK_CARGO, FK_DEPARTAMENTO, FK_FUNCIONALIDADE) VALUES (SEQ_CARGO_DEPART_FUNC.nextval, 50, 3, 2047);
INSERT INTO CARGO_DEPART_FUNC (ID, FK_CARGO, FK_DEPARTAMENTO, FK_FUNCIONALIDADE) VALUES (SEQ_CARGO_DEPART_FUNC.nextval, 50, 50, 2047);
INSERT INTO CARGO_DEPART_FUNC (ID, FK_CARGO, FK_DEPARTAMENTO, FK_FUNCIONALIDADE) VALUES (SEQ_CARGO_DEPART_FUNC.nextval, 51, 50, 2047);
INSERT INTO CARGO_DEPART_FUNC (ID, FK_CARGO, FK_DEPARTAMENTO, FK_FUNCIONALIDADE) VALUES (SEQ_CARGO_DEPART_FUNC.nextval, 51, 51, 2047);

INSERT INTO CARGO_DEPART_FUNC (ID, FK_CARGO, FK_DEPARTAMENTO, FK_FUNCIONALIDADE) VALUES (SEQ_CARGO_DEPART_FUNC.nextval, 50, 3, 2046);
INSERT INTO CARGO_DEPART_FUNC (ID, FK_CARGO, FK_DEPARTAMENTO, FK_FUNCIONALIDADE) VALUES (SEQ_CARGO_DEPART_FUNC.nextval, 50, 50, 2046);
INSERT INTO CARGO_DEPART_FUNC (ID, FK_CARGO, FK_DEPARTAMENTO, FK_FUNCIONALIDADE) VALUES (SEQ_CARGO_DEPART_FUNC.nextval, 51, 50, 2046);
INSERT INTO CARGO_DEPART_FUNC (ID, FK_CARGO, FK_DEPARTAMENTO, FK_FUNCIONALIDADE) VALUES (SEQ_CARGO_DEPART_FUNC.nextval, 51, 51, 2046);

--MSO | CONSULTOR | COMERCIAL -- GERENCIAR
INSERT INTO CARGO_DEPART_FUNC (ID, DATA_CADASTRO, FK_CARGO, FK_DEPARTAMENTO, FK_FUNCIONALIDADE) VALUES (SEQ_CARGO_DEPART_FUNC.nextval, SYSDATE, 22, 3, 2047);
INSERT INTO CARGO_DEPART_FUNC (ID, DATA_CADASTRO, FK_CARGO, FK_DEPARTAMENTO, FK_FUNCIONALIDADE) VALUES (SEQ_CARGO_DEPART_FUNC.nextval, SYSDATE, 22, 21, 2047);

INSERT INTO CARGO_DEPART_FUNC (ID, DATA_CADASTRO, FK_CARGO, FK_DEPARTAMENTO, FK_FUNCIONALIDADE) VALUES (SEQ_CARGO_DEPART_FUNC.nextval, SYSDATE, 22, 3, 2046);
INSERT INTO CARGO_DEPART_FUNC (ID, DATA_CADASTRO, FK_CARGO, FK_DEPARTAMENTO, FK_FUNCIONALIDADE) VALUES (SEQ_CARGO_DEPART_FUNC.nextval, SYSDATE, 22, 21, 2046);

-- Operação | Gerente/ Diretor | Comercial -- GERENCIAR
INSERT INTO CARGO_DEPART_FUNC (ID, DATA_CADASTRO, FK_CARGO, FK_DEPARTAMENTO, FK_FUNCIONALIDADE) VALUES (SEQ_CARGO_DEPART_FUNC.nextval, SYSDATE, 7, 3, 2047);
INSERT INTO CARGO_DEPART_FUNC (ID, DATA_CADASTRO, FK_CARGO, FK_DEPARTAMENTO, FK_FUNCIONALIDADE) VALUES (SEQ_CARGO_DEPART_FUNC.nextval, SYSDATE, 6, 3, 2047);

INSERT INTO CARGO_DEPART_FUNC (ID, DATA_CADASTRO, FK_CARGO, FK_DEPARTAMENTO, FK_FUNCIONALIDADE) VALUES (SEQ_CARGO_DEPART_FUNC.nextval, SYSDATE, 7, 3, 2046);
INSERT INTO CARGO_DEPART_FUNC (ID, DATA_CADASTRO, FK_CARGO, FK_DEPARTAMENTO, FK_FUNCIONALIDADE) VALUES (SEQ_CARGO_DEPART_FUNC.nextval, SYSDATE, 6, 3, 2046);

-- Operação | Coordenador/Supervisor/Assistente | Comercial -- VISUALIZAR
INSERT INTO CARGO_DEPART_FUNC (ID, DATA_CADASTRO, FK_CARGO, FK_DEPARTAMENTO, FK_FUNCIONALIDADE) VALUES (SEQ_CARGO_DEPART_FUNC.nextval, SYSDATE, 4, 3, 2046);
INSERT INTO CARGO_DEPART_FUNC (ID, DATA_CADASTRO, FK_CARGO, FK_DEPARTAMENTO, FK_FUNCIONALIDADE) VALUES (SEQ_CARGO_DEPART_FUNC.nextval, SYSDATE, 10, 3, 2046);
INSERT INTO CARGO_DEPART_FUNC (ID, DATA_CADASTRO, FK_CARGO, FK_DEPARTAMENTO, FK_FUNCIONALIDADE) VALUES (SEQ_CARGO_DEPART_FUNC.nextval, SYSDATE, 2, 3, 2046);


