INSERT INTO FUNCIONALIDADE (ID, NOME, ROLE, FK_APLICACAO) VALUES (10014, 'Relatório Consulta de Credito', 'REL_10014', 17);
INSERT INTO FUNCIONALIDADE (ID, NOME, ROLE, FK_APLICACAO) VALUES (3061, 'Visualizar Relatório Consulta de Credito', 'VDS_3061', 3);

INSERT INTO FUNCIONALIDADE_CANAL (FK_FUNCIONALIDADE, CANAL) VALUES (10014, 'AGENTE_AUTORIZADO');
INSERT INTO FUNCIONALIDADE_CANAL (FK_FUNCIONALIDADE, CANAL) VALUES (10014, 'D2D_PROPRIO');

INSERT INTO FUNCIONALIDADE_CANAL (FK_FUNCIONALIDADE, CANAL) VALUES (3061, 'AGENTE_AUTORIZADO');
INSERT INTO FUNCIONALIDADE_CANAL (FK_FUNCIONALIDADE, CANAL) VALUES (3061, 'D2D_PROPRIO');

INSERT INTO CARGO_DEPART_FUNC (ID, FK_CARGO, FK_DEPARTAMENTO, FK_FUNCIONALIDADE) VALUES (SEQ_CARGO_DEPART_FUNC.nextval, 50, 50, 3061);
INSERT INTO CARGO_DEPART_FUNC (ID, FK_CARGO, FK_DEPARTAMENTO, FK_FUNCIONALIDADE) VALUES (SEQ_CARGO_DEPART_FUNC.nextval, 50, 50, 10014);

INSERT INTO CARGO_DEPART_FUNC (ID, FK_CARGO, FK_DEPARTAMENTO, FK_FUNCIONALIDADE) VALUES (SEQ_CARGO_DEPART_FUNC.nextval, 22, 21, 10014);

INSERT INTO CARGO_DEPART_FUNC (ID, FK_CARGO, FK_DEPARTAMENTO, FK_FUNCIONALIDADE) VALUES (SEQ_CARGO_DEPART_FUNC.nextval, 41, 40, 3061);
INSERT INTO CARGO_DEPART_FUNC (ID, FK_CARGO, FK_DEPARTAMENTO, FK_FUNCIONALIDADE) VALUES (SEQ_CARGO_DEPART_FUNC.nextval, 42, 40, 3061);
INSERT INTO CARGO_DEPART_FUNC (ID, FK_CARGO, FK_DEPARTAMENTO, FK_FUNCIONALIDADE) VALUES (SEQ_CARGO_DEPART_FUNC.nextval, 47, 40, 3061);

INSERT INTO CARGO_DEPART_FUNC (ID, FK_CARGO, FK_DEPARTAMENTO, FK_FUNCIONALIDADE) VALUES (SEQ_CARGO_DEPART_FUNC.nextval, 22, 21, 3061);

INSERT INTO CARGO_DEPART_FUNC (ID, FK_CARGO, FK_DEPARTAMENTO, FK_FUNCIONALIDADE) VALUES (SEQ_CARGO_DEPART_FUNC.nextval, 4, 1, 3061);
INSERT INTO CARGO_DEPART_FUNC (ID, FK_CARGO, FK_DEPARTAMENTO, FK_FUNCIONALIDADE) VALUES (SEQ_CARGO_DEPART_FUNC.nextval, 5, 1, 3061);
INSERT INTO CARGO_DEPART_FUNC (ID, FK_CARGO, FK_DEPARTAMENTO, FK_FUNCIONALIDADE) VALUES (SEQ_CARGO_DEPART_FUNC.nextval, 95, 1, 3061);
INSERT INTO CARGO_DEPART_FUNC (ID, FK_CARGO, FK_DEPARTAMENTO, FK_FUNCIONALIDADE) VALUES (SEQ_CARGO_DEPART_FUNC.nextval, 7, 1, 3061);
INSERT INTO CARGO_DEPART_FUNC (ID, FK_CARGO, FK_DEPARTAMENTO, FK_FUNCIONALIDADE) VALUES (SEQ_CARGO_DEPART_FUNC.nextval, 6, 1, 3061);
