-- Cria funcionalidades

INSERT INTO FUNCIONALIDADE (ID, NOME, ROLE, FK_APLICACAO) VALUES (3055, 'Criar mailings para o Ativo Local Próprio', 'VDS_3055', 3);
INSERT INTO FUNCIONALIDADE (ID, NOME, ROLE, FK_APLICACAO) VALUES (3056, 'Listar mailings para o Ativo Local Próprio', 'VDS_3056', 3);
INSERT INTO FUNCIONALIDADE (ID, NOME, ROLE, FK_APLICACAO) VALUES (3057, 'Distribuir mailings para o Ativo Local Próprio', 'VDS_3057', 3);
INSERT INTO FUNCIONALIDADE (ID, NOME, ROLE, FK_APLICACAO) VALUES (3058, 'Criar layout para o Ativo Local Próprio', 'VDS_3058', 3);

-- Permissão: VDS_3055

-- OPERACAO | ASSISTENTE_OPERACAO | COMERCIAL
INSERT INTO CARGO_DEPART_FUNC (ID, DATA_CADASTRO, FK_CARGO, FK_DEPARTAMENTO, FK_FUNCIONALIDADE, CANAL) VALUES (SEQ_CARGO_DEPART_FUNC.nextval, SYSDATE, 2, 3, 3055, 'ATIVO_PROPRIO');
-- OPERACAO | COORDENADOR_OPERACAO | COMERCIAL
INSERT INTO CARGO_DEPART_FUNC (ID, DATA_CADASTRO, FK_CARGO, FK_DEPARTAMENTO, FK_FUNCIONALIDADE, CANAL) VALUES (SEQ_CARGO_DEPART_FUNC.nextval, SYSDATE, 4, 3, 3055, 'ATIVO_PROPRIO');
-- OPERACAO | DIRETOR_OPERACAO | COMERCIAL
INSERT INTO CARGO_DEPART_FUNC (ID, DATA_CADASTRO, FK_CARGO, FK_DEPARTAMENTO, FK_FUNCIONALIDADE, CANAL) VALUES (SEQ_CARGO_DEPART_FUNC.nextval, SYSDATE, 6, 3, 3055, 'ATIVO_PROPRIO');
-- OPERACAO | GERENTE_OPERACAO | COMERCIAL
INSERT INTO CARGO_DEPART_FUNC (ID, DATA_CADASTRO, FK_CARGO, FK_DEPARTAMENTO, FK_FUNCIONALIDADE, CANAL) VALUES (SEQ_CARGO_DEPART_FUNC.nextval, SYSDATE, 7, 3, 3055, 'ATIVO_PROPRIO');
-- OPERACAO | SUPERVISOR_OPERACAO | COMERCIAL
INSERT INTO CARGO_DEPART_FUNC (ID, DATA_CADASTRO, FK_CARGO, FK_DEPARTAMENTO, FK_FUNCIONALIDADE, CANAL) VALUES (SEQ_CARGO_DEPART_FUNC.nextval, SYSDATE, 10, 3, 3055, 'ATIVO_PROPRIO');

-- Permissão: VDS_3056

-- OPERACAO | ASSISTENTE_OPERACAO | COMERCIAL
INSERT INTO CARGO_DEPART_FUNC (ID, DATA_CADASTRO, FK_CARGO, FK_DEPARTAMENTO, FK_FUNCIONALIDADE, CANAL) VALUES (SEQ_CARGO_DEPART_FUNC.nextval, SYSDATE, 2, 3, 3056, 'ATIVO_PROPRIO');
-- OPERACAO | COORDENADOR_OPERACAO | COMERCIAL
INSERT INTO CARGO_DEPART_FUNC (ID, DATA_CADASTRO, FK_CARGO, FK_DEPARTAMENTO, FK_FUNCIONALIDADE, CANAL) VALUES (SEQ_CARGO_DEPART_FUNC.nextval, SYSDATE, 4, 3, 3056, 'ATIVO_PROPRIO');
-- OPERACAO | DIRETOR_OPERACAO | COMERCIAL
INSERT INTO CARGO_DEPART_FUNC (ID, DATA_CADASTRO, FK_CARGO, FK_DEPARTAMENTO, FK_FUNCIONALIDADE, CANAL) VALUES (SEQ_CARGO_DEPART_FUNC.nextval, SYSDATE, 6, 3, 3056, 'ATIVO_PROPRIO');
-- OPERACAO | GERENTE_OPERACAO | COMERCIAL
INSERT INTO CARGO_DEPART_FUNC (ID, DATA_CADASTRO, FK_CARGO, FK_DEPARTAMENTO, FK_FUNCIONALIDADE, CANAL) VALUES (SEQ_CARGO_DEPART_FUNC.nextval, SYSDATE, 7, 3, 3056, 'ATIVO_PROPRIO');
-- OPERACAO | SUPERVISOR_OPERACAO | COMERCIAL
INSERT INTO CARGO_DEPART_FUNC (ID, DATA_CADASTRO, FK_CARGO, FK_DEPARTAMENTO, FK_FUNCIONALIDADE, CANAL) VALUES (SEQ_CARGO_DEPART_FUNC.nextval, SYSDATE, 10, 3, 3056, 'ATIVO_PROPRIO');

-- Permissão: VDS_3057

-- OPERACAO | ASSISTENTE_OPERACAO | COMERCIAL
INSERT INTO CARGO_DEPART_FUNC (ID, DATA_CADASTRO, FK_CARGO, FK_DEPARTAMENTO, FK_FUNCIONALIDADE, CANAL) VALUES (SEQ_CARGO_DEPART_FUNC.nextval, SYSDATE, 2, 3, 3057, 'ATIVO_PROPRIO');
-- OPERACAO | COORDENADOR_OPERACAO | COMERCIAL
INSERT INTO CARGO_DEPART_FUNC (ID, DATA_CADASTRO, FK_CARGO, FK_DEPARTAMENTO, FK_FUNCIONALIDADE, CANAL) VALUES (SEQ_CARGO_DEPART_FUNC.nextval, SYSDATE, 4, 3, 3057, 'ATIVO_PROPRIO');
-- OPERACAO | DIRETOR_OPERACAO | COMERCIAL
INSERT INTO CARGO_DEPART_FUNC (ID, DATA_CADASTRO, FK_CARGO, FK_DEPARTAMENTO, FK_FUNCIONALIDADE, CANAL) VALUES (SEQ_CARGO_DEPART_FUNC.nextval, SYSDATE, 6, 3, 3057, 'ATIVO_PROPRIO');
-- OPERACAO | GERENTE_OPERACAO | COMERCIAL
INSERT INTO CARGO_DEPART_FUNC (ID, DATA_CADASTRO, FK_CARGO, FK_DEPARTAMENTO, FK_FUNCIONALIDADE, CANAL) VALUES (SEQ_CARGO_DEPART_FUNC.nextval, SYSDATE, 7, 3, 3057, 'ATIVO_PROPRIO');
-- OPERACAO | SUPERVISOR_OPERACAO | COMERCIAL
INSERT INTO CARGO_DEPART_FUNC (ID, DATA_CADASTRO, FK_CARGO, FK_DEPARTAMENTO, FK_FUNCIONALIDADE, CANAL) VALUES (SEQ_CARGO_DEPART_FUNC.nextval, SYSDATE, 10, 3, 3057, 'ATIVO_PROPRIO');

-- Permissão: VDS_3058

-- OPERACAO | ASSISTENTE_OPERACAO | COMERCIAL
INSERT INTO CARGO_DEPART_FUNC (ID, DATA_CADASTRO, FK_CARGO, FK_DEPARTAMENTO, FK_FUNCIONALIDADE, CANAL) VALUES (SEQ_CARGO_DEPART_FUNC.nextval, SYSDATE, 2, 3, 3058, 'ATIVO_PROPRIO');
-- OPERACAO | COORDENADOR_OPERACAO | COMERCIAL
INSERT INTO CARGO_DEPART_FUNC (ID, DATA_CADASTRO, FK_CARGO, FK_DEPARTAMENTO, FK_FUNCIONALIDADE, CANAL) VALUES (SEQ_CARGO_DEPART_FUNC.nextval, SYSDATE, 4, 3, 3058, 'ATIVO_PROPRIO');
-- OPERACAO | DIRETOR_OPERACAO | COMERCIAL
INSERT INTO CARGO_DEPART_FUNC (ID, DATA_CADASTRO, FK_CARGO, FK_DEPARTAMENTO, FK_FUNCIONALIDADE, CANAL) VALUES (SEQ_CARGO_DEPART_FUNC.nextval, SYSDATE, 6, 3, 3058, 'ATIVO_PROPRIO');
-- OPERACAO | GERENTE_OPERACAO | COMERCIAL
INSERT INTO CARGO_DEPART_FUNC (ID, DATA_CADASTRO, FK_CARGO, FK_DEPARTAMENTO, FK_FUNCIONALIDADE, CANAL) VALUES (SEQ_CARGO_DEPART_FUNC.nextval, SYSDATE, 7, 3, 3058, 'ATIVO_PROPRIO');
-- OPERACAO | SUPERVISOR_OPERACAO | COMERCIAL
INSERT INTO CARGO_DEPART_FUNC (ID, DATA_CADASTRO, FK_CARGO, FK_DEPARTAMENTO, FK_FUNCIONALIDADE, CANAL) VALUES (SEQ_CARGO_DEPART_FUNC.nextval, SYSDATE, 10, 3, 3058, 'ATIVO_PROPRIO');

-- Vincula permissão e funcionalidade

INSERT INTO FUNCIONALIDADE_CANAL (FK_FUNCIONALIDADE, CANAL) VALUES (3055, 'ATIVO_PROPRIO');
INSERT INTO FUNCIONALIDADE_CANAL (FK_FUNCIONALIDADE, CANAL) VALUES (3056, 'ATIVO_PROPRIO');
INSERT INTO FUNCIONALIDADE_CANAL (FK_FUNCIONALIDADE, CANAL) VALUES (3057, 'ATIVO_PROPRIO');
INSERT INTO FUNCIONALIDADE_CANAL (FK_FUNCIONALIDADE, CANAL) VALUES (3058, 'ATIVO_PROPRIO');