-- CRIA CARGOS NOVO NIVEL DE QUALIDADE --
INSERT INTO CARGO (ID, CODIGO, NOME, SITUACAO, FK_NIVEL) VALUES (SEQ_CARGO.nextval, 'INTERNET_GERENTE', 'Gerente Internet', 'A', 1);
INSERT INTO CARGO (ID, CODIGO, NOME, SITUACAO, FK_NIVEL) VALUES (SEQ_CARGO.nextval, 'INTERNET_SUPERVISOR', 'Supervisor Internet', 'A', 1);
INSERT INTO CARGO (ID, CODIGO, NOME, SITUACAO, FK_NIVEL) VALUES (SEQ_CARGO.nextval, 'INTERNET_COORDENADOR', 'Coordenador Internet', 'A', 1);
INSERT INTO CARGO (ID, CODIGO, NOME, SITUACAO, FK_NIVEL) VALUES (SEQ_CARGO.nextval, 'INTERNET_BACKOFFICE', 'Backoffice Internet', 'A', 1);
INSERT INTO CARGO (ID, CODIGO, NOME, SITUACAO, FK_NIVEL) VALUES (SEQ_CARGO.nextval, 'INTERNET_VENDEDOR', 'Vendedor Internet', 'A', 1);

--CRIAR CARGO_CANAL
INSERT INTO CARGO_CANAL (FK_CARGO, CANAL) SELECT ID, 'INTERNET' FROM CARGO WHERE CODIGO = 'INTERNET_GERENTE';
INSERT INTO CARGO_CANAL (FK_CARGO, CANAL) SELECT ID, 'INTERNET' FROM CARGO WHERE CODIGO = 'INTERNET_SUPERVISOR';
INSERT INTO CARGO_CANAL (FK_CARGO, CANAL) SELECT ID, 'INTERNET' FROM CARGO WHERE CODIGO = 'INTERNET_COORDENADOR';
INSERT INTO CARGO_CANAL (FK_CARGO, CANAL) SELECT ID, 'INTERNET' FROM CARGO WHERE CODIGO = 'INTERNET_BACKOFFICE';
INSERT INTO CARGO_CANAL (FK_CARGO, CANAL) SELECT ID, 'INTERNET' FROM CARGO WHERE CODIGO = 'INTERNET_VENDEDOR';

-- CRIA PERMISSAO/FUNCIONALIDADE PARA VISUALIZAR TODOS OS PROTOCOLOS ABERTOS POR TODAS AS ORGANIZACOES NO CANAL INTERNET --
INSERT INTO FUNCIONALIDADE (ID, NOME, ROLE, FK_APLICACAO) VALUES (20017, 'Visualizar Protocolos Todas Organizacoes Canal Internet', 'VDS_20017', 3);
-- CRIA PERMISSAO/FUNCIONALIDADE PARA ABRIR PROTOCOLOS PARA TODAS ORGANIZACOES NO CANAL INTERNET --
INSERT INTO FUNCIONALIDADE (ID, NOME, ROLE, FK_APLICACAO) VALUES (20018, 'Abrir Protocolos Todas Organizacoes Canal Internet', 'VDS_20018', 3);
-- CRIA PERMISSAO/FUNCIONALIDADE PARA CRIAR NOVOS USUARIOS CANAL INTERNET--
INSERT INTO FUNCIONALIDADE (ID, NOME, ROLE, FK_APLICACAO) VALUES (20048, 'Criar Usuarios Canal Internet', 'AUT_20048', 1);
-- CRIA PERMISSAO/FUNCIONALIDADE PARA EXTRAIR TODOS PROTOCOLOS DO CANAL INTERNET --
INSERT INTO FUNCIONALIDADE (ID, NOME, ROLE, FK_APLICACAO) VALUES (20019, 'Extrair Protocolos Canal Internet', 'VDS_20019', 3);

-- CRIA PERMISSAO/FUNCIONALIDADE PARA VISUALIZAR PROTOCOLOS DA SUA ORGANIZACAO CANAL INTERNET --
INSERT INTO FUNCIONALIDADE (ID, NOME, ROLE, FK_APLICACAO) VALUES (20020, 'Visualizar Protocolos Sua Organizacao Canal Internet', 'VDS_20020', 3);
-- CRIA PERMISSAO/FUNCIONALIDADE PARA ABRIR PROTOCOLOS PARA SUA ORGANIZACOES NO CANAL INTERNET --
INSERT INTO FUNCIONALIDADE (ID, NOME, ROLE, FK_APLICACAO) VALUES (20021, 'Abrir Protocolos Sua Organizacao Canal Internet', 'VDS_20021', 3);
-- CRIA PERMISSAO/FUNCIONALIDADE PARA EXTRAIR PROTOCOLOS DA SUA ORGANIZACAO DO CANAL INTERNET --
INSERT INTO FUNCIONALIDADE (ID, NOME, ROLE, FK_APLICACAO) VALUES (20022, 'Extrair Protocolos Sua Organizacao Canal Internet', 'VDS_20022', 3);
-- CRIA PERMISSAO/FUNCIONALIDADE PARA ABRIR PROTOCOLOS PARA SUA ORGANIZACAO DO CANAL INTERNET --
INSERT INTO FUNCIONALIDADE (ID, NOME, ROLE, FK_APLICACAO) VALUES (20023, 'Abrir Protocolos Sua Organizacao Canal Internet', 'VDS_20023', 3);
-- CRIA PERMISSAO/FUNCIONALIDADE PARA CRIAR NOVOS USUARIOS ORGANIZACAO INTERNET--
INSERT INTO FUNCIONALIDADE (ID, NOME, ROLE, FK_APLICACAO) VALUES (20050, 'Criar Usuarios Organizacao Canal Internet', 'AUT_20050', 1);


--GERENTE INTERNET
-- FUNCIONALIDADE: VISUALIZAR TODOS OS PROTOCOLOS ABERTOS POR TODAS AS ORGANIZACOES NO CANAL INTERNET
INSERT INTO CARGO_DEPART_FUNC (ID, FK_CARGO, FK_DEPARTAMENTO, FK_FUNCIONALIDADE) VALUES (SEQ_CARGO_DEPART_FUNC.nextval, (SELECT ID FROM CARGO WHERE CODIGO = 'INTERNET_GERENTE'), 3, 20017);
-- FUNCIONALIDADE: CRIAR PROTOCOLOS PARA TODAS ORGANIZACOES NO CANAL INTERNET
INSERT INTO CARGO_DEPART_FUNC (ID, FK_CARGO, FK_DEPARTAMENTO, FK_FUNCIONALIDADE) VALUES (SEQ_CARGO_DEPART_FUNC.nextval, (SELECT ID FROM CARGO WHERE CODIGO = 'INTERNET_GERENTE'), 3, 20018);
-- FUNCIONALIDADE: CRIAR NOVOS USUARIOS DENTRO DO SEU NIVEL E CANAL INTERNET
INSERT INTO CARGO_DEPART_FUNC (ID, FK_CARGO, FK_DEPARTAMENTO, FK_FUNCIONALIDADE) VALUES (SEQ_CARGO_DEPART_FUNC.nextval, (SELECT ID FROM CARGO WHERE CODIGO = 'INTERNET_GERENTE'), 3, 20048);
-- FUNCIONALIDADE: EXTRAIR TODOS PROTOCOLOS DO CANAL INTERNET
INSERT INTO CARGO_DEPART_FUNC (ID, FK_CARGO, FK_DEPARTAMENTO, FK_FUNCIONALIDADE) VALUES (SEQ_CARGO_DEPART_FUNC.nextval, (SELECT ID FROM CARGO WHERE CODIGO = 'INTERNET_GERENTE'), 3, 20019);

--SUPERVISOR INTERNET
-- FUNCIONALIDADE: VISUALIZAR PROTOCOLOS DA SUA ORGANIZACAO CANAL INTERNET
INSERT INTO CARGO_DEPART_FUNC (ID, FK_CARGO, FK_DEPARTAMENTO, FK_FUNCIONALIDADE) VALUES (SEQ_CARGO_DEPART_FUNC.nextval, (SELECT ID FROM CARGO WHERE CODIGO = 'INTERNET_SUPERVISOR'), 3, 20020);
-- FUNCIONALIDADE: ABRIR PROTOCOLOS PARA SUA ORGANIZACOES NO CANAL INTERNET
INSERT INTO CARGO_DEPART_FUNC (ID, FK_CARGO, FK_DEPARTAMENTO, FK_FUNCIONALIDADE) VALUES (SEQ_CARGO_DEPART_FUNC.nextval, (SELECT ID FROM CARGO WHERE CODIGO = 'INTERNET_SUPERVISOR'), 3, 20021);
-- FUNCIONALIDADE: CRIAR NOVOS USUARIOS DENTRO DO SEU NIVEL E CANAL INTERNET
INSERT INTO CARGO_DEPART_FUNC (ID, FK_CARGO, FK_DEPARTAMENTO, FK_FUNCIONALIDADE) VALUES (SEQ_CARGO_DEPART_FUNC.nextval, (SELECT ID FROM CARGO WHERE CODIGO = 'INTERNET_SUPERVISOR'), 3, 20050);
-- FUNCIONALIDADE: EXTRAIR PROTOCOLOS DA SUA ORGANIZACAO DO CANAL INTERNET
INSERT INTO CARGO_DEPART_FUNC (ID, FK_CARGO, FK_DEPARTAMENTO, FK_FUNCIONALIDADE) VALUES (SEQ_CARGO_DEPART_FUNC.nextval, (SELECT ID FROM CARGO WHERE CODIGO = 'INTERNET_SUPERVISOR'), 3, 20022);

--COORDENADOR INTERNET
-- FUNCIONALIDADE: VISUALIZAR PROTOCOLOS DA SUA ORGANIZACAO CANAL INTERNET
INSERT INTO CARGO_DEPART_FUNC (ID, FK_CARGO, FK_DEPARTAMENTO, FK_FUNCIONALIDADE) VALUES (SEQ_CARGO_DEPART_FUNC.nextval, (SELECT ID FROM CARGO WHERE CODIGO = 'INTERNET_COORDENADOR'), 3, 20020);
-- FUNCIONALIDADE: ABRIR PROTOCOLOS PARA SUA ORGANIZACOES NO CANAL INTERNET
INSERT INTO CARGO_DEPART_FUNC (ID, FK_CARGO, FK_DEPARTAMENTO, FK_FUNCIONALIDADE) VALUES (SEQ_CARGO_DEPART_FUNC.nextval, (SELECT ID FROM CARGO WHERE CODIGO = 'INTERNET_COORDENADOR'), 3, 20021);
-- FUNCIONALIDADE: CRIAR NOVOS USUARIOS DENTRO DO SEU NIVEL E CANAL INTERNET
INSERT INTO CARGO_DEPART_FUNC (ID, FK_CARGO, FK_DEPARTAMENTO, FK_FUNCIONALIDADE) VALUES (SEQ_CARGO_DEPART_FUNC.nextval, (SELECT ID FROM CARGO WHERE CODIGO = 'INTERNET_COORDENADOR'), 3, 20050);
-- FUNCIONALIDADE: EXTRAIR PROTOCOLOS DA SUA ORGANIZACAO DO CANAL INTERNET
INSERT INTO CARGO_DEPART_FUNC (ID, FK_CARGO, FK_DEPARTAMENTO, FK_FUNCIONALIDADE) VALUES (SEQ_CARGO_DEPART_FUNC.nextval, (SELECT ID FROM CARGO WHERE CODIGO = 'INTERNET_COORDENADOR'), 3, 20022);

--BACKOFFICE INTERNET
-- FUNCIONALIDADE: VISUALIZAR PROTOCOLOS DA SUA ORGANIZACAO CANAL INTERNET
INSERT INTO CARGO_DEPART_FUNC (ID, FK_CARGO, FK_DEPARTAMENTO, FK_FUNCIONALIDADE) VALUES (SEQ_CARGO_DEPART_FUNC.nextval, (SELECT ID FROM CARGO WHERE CODIGO = 'INTERNET_BACKOFFICE'), 3, 20020);
-- FUNCIONALIDADE: ABRIR PROTOCOLOS PARA SUA ORGANIZACAO CANAL INTERNET
INSERT INTO CARGO_DEPART_FUNC (ID, FK_CARGO, FK_DEPARTAMENTO, FK_FUNCIONALIDADE) VALUES (SEQ_CARGO_DEPART_FUNC.nextval, (SELECT ID FROM CARGO WHERE CODIGO = 'INTERNET_BACKOFFICE'), 3, 20023);

--VENDEDOR INTERNET
-- FUNCIONALIDADE: VISUALIZAR PROTOCOLOS DA SUA ORGANIZACAO CANAL INTERNET
INSERT INTO CARGO_DEPART_FUNC (ID, FK_CARGO, FK_DEPARTAMENTO, FK_FUNCIONALIDADE) VALUES (SEQ_CARGO_DEPART_FUNC.nextval, (SELECT ID FROM CARGO WHERE CODIGO = 'INTERNET_VENDEDOR'), 3, 20020);
-- FUNCIONALIDADE: ABRIR PROTOCOLOS PARA SUA ORGANIZACAO CANAL INTERNET
INSERT INTO CARGO_DEPART_FUNC (ID, FK_CARGO, FK_DEPARTAMENTO, FK_FUNCIONALIDADE) VALUES (SEQ_CARGO_DEPART_FUNC.nextval, (SELECT ID FROM CARGO WHERE CODIGO = 'INTERNET_VENDEDOR'), 3, 20023);


-- NIVEL: X-BRAIN | CARGO: ADMINISTRADOR | DEPARTAMENTO: ADMINISTRADOR --
INSERT INTO CARGO_DEPART_FUNC (ID, FK_CARGO, FK_DEPARTAMENTO, FK_FUNCIONALIDADE) VALUES (SEQ_CARGO_DEPART_FUNC.nextval, 50, 50, 20017);
INSERT INTO CARGO_DEPART_FUNC (ID, FK_CARGO, FK_DEPARTAMENTO, FK_FUNCIONALIDADE) VALUES (SEQ_CARGO_DEPART_FUNC.nextval, 50, 50, 20018);
INSERT INTO CARGO_DEPART_FUNC (ID, FK_CARGO, FK_DEPARTAMENTO, FK_FUNCIONALIDADE) VALUES (SEQ_CARGO_DEPART_FUNC.nextval, 50, 50, 20011);
INSERT INTO CARGO_DEPART_FUNC (ID, FK_CARGO, FK_DEPARTAMENTO, FK_FUNCIONALIDADE) VALUES (SEQ_CARGO_DEPART_FUNC.nextval, 50, 50, 20012);
INSERT INTO CARGO_DEPART_FUNC (ID, FK_CARGO, FK_DEPARTAMENTO, FK_FUNCIONALIDADE) VALUES (SEQ_CARGO_DEPART_FUNC.nextval, 50, 50, 20019);
INSERT INTO CARGO_DEPART_FUNC (ID, FK_CARGO, FK_DEPARTAMENTO, FK_FUNCIONALIDADE) VALUES (SEQ_CARGO_DEPART_FUNC.nextval, 50, 50, 20020);
INSERT INTO CARGO_DEPART_FUNC (ID, FK_CARGO, FK_DEPARTAMENTO, FK_FUNCIONALIDADE) VALUES (SEQ_CARGO_DEPART_FUNC.nextval, 50, 50, 20021);
INSERT INTO CARGO_DEPART_FUNC (ID, FK_CARGO, FK_DEPARTAMENTO, FK_FUNCIONALIDADE) VALUES (SEQ_CARGO_DEPART_FUNC.nextval, 50, 50, 20022);
INSERT INTO CARGO_DEPART_FUNC (ID, FK_CARGO, FK_DEPARTAMENTO, FK_FUNCIONALIDADE) VALUES (SEQ_CARGO_DEPART_FUNC.nextval, 50, 50, 20023);