-- Adiciona novo nível Backoffice Suporte de Vendas --
INSERT INTO NIVEL (ID, CODIGO, EXIBIR_CAD_USUARIO, NOME, SITUACAO)
VALUES (1045, 'BACKOFFICE_SUPORTE_VENDAS', 'V', 'Backoffice Suporte de Vendas', 'A');

-- Cria novo departamento Comercial para o nível --
INSERT INTO DEPARTAMENTO (ID, CODIGO, NOME, SITUACAO, FK_NIVEL)
VALUES (800, 'COMERCIAL', 'Comercial', 'A', 1045);

-- Cria novos cargos para o nível --
INSERT INTO CARGO (ID, CODIGO, NOME, SITUACAO, FK_NIVEL)
VALUES (401, 'OPERADOR_SUPORTE_VENDAS', 'Operador Suporte de Vendas', 'A', 1045);
INSERT INTO CARGO (ID, CODIGO, NOME, SITUACAO, FK_NIVEL)
VALUES (402, 'SUPERVISOR_SUPORTE_VENDAS', 'Supervisor Suporte de Vendas', 'A', 1045);
INSERT INTO CARGO (ID, CODIGO, NOME, SITUACAO, FK_NIVEL)
VALUES (403, 'COORDENADOR_SUPORTE_VENDAS', 'Coordenador Suporte de Vendas', 'A', 1045);
INSERT INTO CARGO (ID, CODIGO, NOME, SITUACAO, FK_NIVEL)
VALUES (404, 'GERENTE_SUPORTE_VENDAS', 'Gerente Suporte de Vendas', 'A', 1045);

-- Adiciona novas permissões para os usuários acima --
INSERT INTO FUNCIONALIDADE (ID, NOME, ROLE, FK_APLICACAO)
VALUES (22001, 'Trabalhar Campanha Suporte de Vendas', 'BKO_22001', 24);
INSERT INTO FUNCIONALIDADE (ID, NOME, ROLE, FK_APLICACAO)
VALUES (22002, 'Visualizar Campanha Suporte de Vendas', 'BKO_22002', 24);

-- Atribui permissão de Trabalhar para usuários Operadores --
INSERT INTO CARGO_DEPART_FUNC (ID, FK_CARGO, FK_DEPARTAMENTO, FK_FUNCIONALIDADE)
VALUES (SEQ_CARGO_DEPART_FUNC.nextval, 401, 800, 22001);

-- Atribui permissão de Visualizar para demais usuários --
INSERT INTO CARGO_DEPART_FUNC (ID, FK_CARGO, FK_DEPARTAMENTO, FK_FUNCIONALIDADE)
VALUES (SEQ_CARGO_DEPART_FUNC.nextval, 401, 800, 22002);
INSERT INTO CARGO_DEPART_FUNC (ID, FK_CARGO, FK_DEPARTAMENTO, FK_FUNCIONALIDADE)
VALUES (SEQ_CARGO_DEPART_FUNC.nextval, 402, 800, 22002);
INSERT INTO CARGO_DEPART_FUNC (ID, FK_CARGO, FK_DEPARTAMENTO, FK_FUNCIONALIDADE)
VALUES (SEQ_CARGO_DEPART_FUNC.nextval, 403, 800, 22002);
INSERT INTO CARGO_DEPART_FUNC (ID, FK_CARGO, FK_DEPARTAMENTO, FK_FUNCIONALIDADE)
VALUES (SEQ_CARGO_DEPART_FUNC.nextval, 403, 800, 22002);
